order_id,customer_id,order_date,order_status,payment_method
1,1,2025-10-20,completed,upi
2,1,2025-11-17,completed,paypal
3,1,2025-11-21,completed,credit_card
4,2,2024-08-07,completed,debit_card
5,2,2024-09-14,completed,debit_card
6,3,2025-09-22,completed,upi
7,4,2024-10-24,completed,credit_card
8,4,2024-10-25,completed,credit_card
9,4,2024-11-25,completed,paypal
10,4,2025-01-28,completed,credit_card
11,5,2025-05-24,completed,credit_card
12,6,2025-05-31,completed,credit_card
13,7,2025-12-02,completed,debit_card
14,8,2024-04-21,completed,paypal
15,8,2024-09-25,completed,credit_card
16,8,2024-11-26,completed,credit_card
17,8,2025-01-24,completed,upi
18,8,2025-03-29,cancelled,debit_card
19,8,2025-06-21,completed,credit_card
20,8,2025-07-18,completed,credit_card
21,8,2025-12-09,completed,paypal
22,9,2025-12-03,completed,upi
23,9,2025-12-07,completed,paypal
24,10,2025-08-05,completed,paypal
25,10,2025-08-08,completed,credit_card
26,11,2024-07-08,cancelled,debit_card
27,11,2025-04-02,refunded,debit_card
28,12,2025-09-30,completed,upi
29,12,2025-11-13,completed,credit_card
30,12,2025-12-09,completed,credit_card
31,13,2025-10-30,completed,credit_card
32,13,2025-12-08,completed,credit_card
33,14,2025-02-24,completed,paypal
34,15,2025-08-19,completed,debit_card
35,16,2025-04-11,completed,upi
36,16,2025-12-30,completed,credit_card
37,17,2024-09-04,completed,debit_card
38,17,2024-09-16,completed,debit_card
39,17,2024-12-06,completed,credit_card
40,17,2025-07-16,completed,credit_card
41,17,2025-08-07,completed,paypal
42,18,2024-10-06,completed,credit_card
43,18,2024-12-24,completed,credit_card
44,18,2025-11-07,completed,paypal
45,19,2025-08-12,completed,paypal
46,19,2025-09-07,completed,debit_card
47,19,2025-09-26,completed,paypal
48,20,2025-09-29,completed,paypal
49,20,2025-10-26,completed,credit_card
50,21,2024-08-30,completed,credit_card
51,21,2025-12-15,completed,paypal
52,22,2025-08-16,completed,paypal
53,22,2025-12-31,refunded,credit_card
54,23,2025-03-30,completed,debit_card
55,24,2025-11-25,completed,credit_card
56,24,2025-12-01,completed,credit_card
57,24,2025-12-15,refunded,debit_card
58,24,2025-12-26,completed,debit_card
59,25,2025-12-20,completed,credit_card
60,25,2025-12-22,completed,paypal
61,25,2025-12-23,completed,debit_card
62,25,2025-12-25,completed,credit_card
63,25,2025-12-26,completed,credit_card
64,25,2025-12-29,completed,debit_card
65,25,2025-12-31,completed,paypal
66,26,2025-12-05,completed,credit_card
67,27,2025-06-22,completed,credit_card
68,27,2025-11-16,refunded,credit_card
69,28,2025-04-05,completed,debit_card
70,28,2025-07-09,completed,upi
71,28,2025-11-09,cancelled,credit_card
72,28,2025-11-25,completed,credit_card
73,29,2025-06-15,completed,credit_card
74,29,2025-08-18,completed,paypal
75,30,2025-11-30,completed,credit_card
76,31,2025-08-07,refunded,credit_card
77,31,2025-10-29,completed,paypal
78,32,2025-02-19,cancelled,credit_card
79,32,2025-08-27,completed,debit_card
80,33,2024-11-01,completed,debit_card
81,33,2025-01-23,completed,paypal
82,34,2025-12-16,completed,paypal
83,34,2025-12-17,completed,debit_card
84,34,2025-12-18,completed,credit_card
85,34,2025-12-28,completed,paypal
86,35,2025-05-29,completed,credit_card
87,35,2025-10-11,completed,credit_card
88,36,2025-06-28,completed,credit_card
89,36,2025-06-30,completed,credit_card
90,36,2025-10-16,refunded,credit_card
91,37,2024-10-17,completed,credit_card
92,37,2024-12-09,refunded,debit_card
93,37,2025-02-17,completed,paypal
94,37,2025-07-09,completed,paypal
95,37,2025-07-22,completed,credit_card
96,37,2025-09-25,completed,debit_card
97,37,2025-09-26,refunded,paypal
98,37,2025-10-16,completed,credit_card
99,37,2025-12-26,completed,debit_card
100,38,2024-10-01,completed,debit_card
101,38,2025-05-23,completed,credit_card
102,39,2024-10-28,completed,debit_card
103,39,2025-03-19,completed,credit_card
104,40,2024-12-12,completed,paypal
105,40,2025-02-03,completed,credit_card
106,40,2025-03-12,completed,paypal
107,40,2025-04-24,completed,credit_card
108,40,2025-08-24,completed,credit_card
109,40,2025-08-27,completed,debit_card
110,40,2025-10-27,completed,debit_card
111,40,2025-12-14,completed,paypal
112,40,2025-12-15,completed,credit_card
113,41,2025-09-16,completed,credit_card
114,41,2025-12-29,cancelled,credit_card
115,42,2024-09-08,completed,paypal
116,42,2024-09-17,completed,paypal
117,42,2025-04-22,completed,paypal
118,42,2025-09-30,completed,debit_card
119,42,2025-10-09,completed,credit_card
120,43,2025-11-27,completed,credit_card
121,44,2024-04-29,refunded,upi
122,44,2024-08-02,refunded,credit_card
123,44,2025-08-23,completed,upi
124,45,2025-05-05,completed,upi
125,45,2025-06-09,cancelled,debit_card
126,46,2025-04-21,completed,credit_card
127,47,2025-09-21,completed,credit_card
128,47,2025-11-12,completed,paypal
129,47,2025-12-13,refunded,paypal
130,48,2025-10-22,completed,credit_card
131,49,2024-06-22,completed,upi
132,49,2024-06-25,completed,paypal
133,49,2025-06-15,completed,debit_card
134,49,2025-08-30,completed,debit_card
135,49,2025-12-21,completed,credit_card
136,50,2025-08-29,completed,debit_card
137,51,2025-08-24,completed,upi
138,51,2025-08-27,completed,paypal
139,51,2025-11-19,completed,paypal
140,51,2025-12-27,completed,debit_card
141,52,2025-05-25,completed,credit_card
142,52,2025-06-20,completed,credit_card
143,53,2025-09-11,completed,credit_card
144,53,2025-10-14,completed,paypal
145,54,2024-05-26,completed,paypal
146,54,2024-11-07,completed,credit_card
147,54,2024-11-30,completed,credit_card
148,55,2025-07-25,completed,paypal
149,55,2025-12-08,completed,credit_card
150,55,2025-12-17,completed,credit_card
151,56,2025-02-17,completed,paypal
152,56,2025-08-25,completed,paypal
153,57,2025-10-15,completed,upi
154,58,2025-10-25,completed,credit_card
155,59,2025-01-22,completed,credit_card
156,60,2025-09-02,completed,credit_card
157,60,2025-10-08,completed,upi
158,60,2025-10-14,completed,paypal
159,60,2025-10-25,completed,credit_card
160,60,2025-12-17,completed,credit_card
161,60,2025-12-24,completed,debit_card
162,60,2025-12-31,completed,credit_card
163,61,2025-01-26,refunded,debit_card
164,61,2025-03-21,completed,paypal
165,61,2025-09-05,completed,credit_card
166,61,2025-11-12,completed,debit_card
167,62,2025-12-24,completed,credit_card
168,63,2024-05-07,completed,credit_card
169,63,2024-05-14,completed,debit_card
170,63,2024-06-21,completed,credit_card
171,63,2025-03-10,completed,paypal
172,63,2025-04-29,completed,credit_card
173,63,2025-05-07,completed,paypal
174,63,2025-05-20,completed,credit_card
175,63,2025-07-04,completed,paypal
176,64,2024-06-07,completed,debit_card
177,64,2024-10-28,completed,credit_card
178,65,2025-11-21,completed,paypal
179,66,2024-11-01,completed,paypal
180,66,2024-11-23,refunded,paypal
181,66,2025-01-11,completed,paypal
182,66,2025-03-26,completed,paypal
183,66,2025-04-08,refunded,credit_card
184,67,2024-12-01,cancelled,upi
185,67,2025-02-28,completed,credit_card
186,68,2024-04-07,completed,credit_card
187,68,2024-05-13,completed,paypal
188,68,2024-06-26,completed,credit_card
189,68,2024-07-01,completed,credit_card
190,68,2024-09-09,completed,credit_card
191,68,2024-11-20,completed,paypal
192,68,2025-05-13,completed,debit_card
193,68,2025-09-27,completed,debit_card
194,68,2025-10-07,completed,credit_card
195,69,2024-12-14,completed,debit_card
196,69,2025-04-30,cancelled,credit_card
197,70,2024-04-16,completed,debit_card
198,70,2024-06-13,completed,upi
199,70,2024-09-29,completed,credit_card
200,70,2025-05-07,completed,debit_card
201,71,2025-06-09,completed,upi
202,71,2025-09-14,completed,debit_card
203,72,2025-05-16,completed,debit_card
204,72,2025-10-03,completed,credit_card
205,73,2025-06-28,refunded,credit_card
206,73,2025-07-16,completed,upi
207,74,2025-10-20,refunded,paypal
208,74,2025-11-09,completed,credit_card
209,74,2025-11-22,completed,credit_card
210,74,2025-12-21,completed,debit_card
211,74,2025-12-26,completed,debit_card
212,74,2025-12-30,completed,paypal
213,75,2025-02-03,completed,paypal
214,76,2025-11-12,completed,debit_card
215,76,2025-12-11,completed,credit_card
216,77,2025-02-13,completed,debit_card
217,78,2025-04-04,completed,credit_card
218,79,2024-10-11,completed,debit_card
219,79,2025-03-31,completed,debit_card
220,79,2025-09-20,completed,credit_card
221,80,2025-12-24,completed,upi
222,81,2024-10-21,completed,credit_card
223,81,2024-11-11,completed,upi
224,81,2025-07-24,cancelled,debit_card
225,81,2025-08-01,completed,credit_card
226,81,2025-08-14,completed,paypal
227,82,2025-12-29,completed,upi
228,82,2025-12-30,completed,paypal
229,83,2025-12-07,completed,paypal
230,83,2025-12-08,completed,credit_card
231,83,2025-12-09,completed,paypal
232,83,2025-12-11,completed,paypal
233,83,2025-12-13,cancelled,credit_card
234,83,2025-12-22,completed,debit_card
235,83,2025-12-23,completed,upi
236,83,2025-12-29,completed,upi
237,83,2025-12-30,completed,debit_card
238,83,2025-12-31,completed,upi
239,84,2025-12-03,completed,paypal
240,85,2024-03-24,cancelled,paypal
241,85,2024-05-28,completed,paypal
242,85,2024-05-29,completed,paypal
243,85,2024-06-25,completed,upi
244,85,2025-02-01,completed,credit_card
245,85,2025-06-27,refunded,debit_card
246,85,2025-09-16,completed,paypal
247,85,2025-10-12,completed,credit_card
248,85,2025-12-11,completed,credit_card
249,86,2025-09-24,completed,credit_card
250,86,2025-10-02,cancelled,upi
251,86,2025-10-19,completed,paypal
252,86,2025-10-30,completed,debit_card
253,86,2025-11-19,completed,credit_card
254,87,2025-11-29,refunded,debit_card
255,88,2024-12-03,refunded,debit_card
256,88,2025-09-16,completed,credit_card
257,89,2025-07-03,refunded,debit_card
258,89,2025-11-13,completed,credit_card
259,89,2025-11-19,completed,debit_card
260,89,2025-12-04,cancelled,credit_card
261,89,2025-12-15,completed,credit_card
262,89,2025-12-18,cancelled,debit_card
263,90,2024-10-31,completed,paypal
264,90,2024-11-15,completed,credit_card
265,90,2025-01-21,completed,debit_card
266,90,2025-08-13,completed,upi
267,90,2025-12-01,cancelled,paypal
268,90,2025-12-29,completed,upi
269,91,2024-10-04,completed,credit_card
270,92,2025-09-05,completed,credit_card
271,93,2025-05-11,refunded,paypal
272,93,2025-11-29,completed,paypal
273,94,2025-01-16,completed,credit_card
274,94,2025-08-24,completed,paypal
275,94,2025-09-20,completed,debit_card
276,95,2025-12-19,completed,debit_card
277,95,2025-12-21,completed,paypal
278,96,2025-12-07,completed,credit_card
279,96,2025-12-08,completed,credit_card
280,96,2025-12-14,completed,paypal
281,96,2025-12-19,completed,credit_card
282,96,2025-12-26,completed,credit_card
283,96,2025-12-31,completed,paypal
284,97,2025-10-18,completed,credit_card
285,98,2024-11-03,refunded,credit_card
286,98,2024-12-25,completed,debit_card
287,98,2025-07-05,completed,paypal
288,98,2025-12-27,completed,upi
289,99,2025-12-20,completed,upi
290,99,2025-12-25,completed,credit_card
291,100,2024-12-03,completed,upi
292,100,2025-09-12,completed,credit_card
293,101,2024-05-15,completed,credit_card
294,102,2025-05-29,completed,credit_card
295,103,2025-02-15,completed,credit_card
296,103,2025-09-21,completed,paypal
297,104,2024-12-11,completed,credit_card
298,104,2025-01-24,completed,paypal
299,104,2025-02-03,completed,credit_card
300,104,2025-04-26,completed,credit_card
301,104,2025-06-28,completed,credit_card
302,105,2025-03-07,completed,credit_card
303,105,2025-06-02,completed,paypal
304,105,2025-08-17,completed,credit_card
305,106,2025-09-08,completed,paypal
306,107,2025-03-06,completed,debit_card
307,107,2025-04-29,completed,credit_card
308,107,2025-10-03,completed,upi
309,108,2025-04-04,completed,credit_card
310,109,2025-09-18,completed,debit_card
311,110,2024-12-01,completed,credit_card
312,110,2025-02-18,completed,paypal
313,111,2025-04-17,completed,credit_card
314,111,2025-10-01,completed,debit_card
315,112,2025-11-13,completed,credit_card
316,112,2025-12-23,completed,debit_card
317,113,2025-09-01,completed,paypal
318,114,2025-06-03,completed,credit_card
319,114,2025-10-08,completed,credit_card
320,115,2025-12-18,completed,credit_card
321,116,2025-04-27,completed,credit_card
322,116,2025-07-22,completed,credit_card
323,116,2025-08-07,completed,debit_card
324,116,2025-08-09,completed,paypal
325,116,2025-09-18,completed,paypal
326,116,2025-09-30,completed,paypal
327,116,2025-11-05,completed,debit_card
328,117,2024-08-06,completed,credit_card
329,117,2025-03-08,completed,credit_card
330,117,2025-05-21,completed,paypal
331,117,2025-07-10,completed,upi
332,117,2025-10-30,completed,credit_card
333,117,2025-11-27,completed,credit_card
334,118,2024-10-13,completed,credit_card
335,118,2024-11-27,completed,credit_card
336,119,2024-07-01,completed,debit_card
337,119,2024-09-11,completed,paypal
338,119,2024-11-21,completed,upi
339,119,2025-02-18,completed,credit_card
340,119,2025-05-11,cancelled,debit_card
341,119,2025-08-10,completed,credit_card
342,120,2025-04-21,completed,paypal
343,120,2025-05-29,refunded,paypal
344,120,2025-07-17,completed,credit_card
345,121,2025-09-15,completed,credit_card
346,121,2025-11-04,completed,credit_card
347,121,2025-12-23,completed,credit_card
348,122,2025-07-06,completed,paypal
349,122,2025-07-17,completed,paypal
350,122,2025-10-25,completed,paypal
351,122,2025-11-16,completed,credit_card
352,122,2025-11-20,completed,credit_card
353,122,2025-12-28,completed,upi
354,123,2024-11-01,completed,debit_card
355,123,2025-03-15,completed,paypal
356,123,2025-04-01,completed,paypal
357,123,2025-05-05,completed,credit_card
358,123,2025-09-02,completed,upi
359,124,2025-09-22,completed,upi
360,124,2025-11-06,completed,debit_card
361,125,2025-08-29,refunded,credit_card
362,125,2025-10-10,completed,debit_card
363,126,2025-09-22,completed,debit_card
364,126,2025-10-04,completed,debit_card
365,126,2025-10-09,completed,credit_card
366,126,2025-11-04,completed,debit_card
367,126,2025-11-06,completed,paypal
368,126,2025-11-26,completed,debit_card
369,126,2025-12-02,completed,debit_card
370,126,2025-12-06,completed,credit_card
371,127,2025-07-09,completed,credit_card
372,127,2025-07-18,completed,paypal
373,128,2025-06-19,completed,debit_card
374,128,2025-08-14,completed,paypal
375,128,2025-10-29,refunded,paypal
376,128,2025-11-12,completed,upi
377,128,2025-12-07,completed,credit_card
378,129,2025-03-27,completed,debit_card
379,129,2025-07-24,completed,paypal
380,130,2025-09-18,completed,debit_card
381,130,2025-10-27,completed,credit_card
382,131,2025-06-27,completed,debit_card
383,131,2025-08-17,completed,paypal
384,131,2025-10-15,completed,debit_card
385,131,2025-11-21,completed,debit_card
386,132,2025-06-13,completed,debit_card
387,132,2025-12-16,completed,credit_card
388,133,2025-02-15,completed,credit_card
389,134,2024-03-15,completed,debit_card
390,134,2024-04-06,completed,paypal
391,134,2024-07-18,completed,paypal
392,134,2024-09-09,completed,credit_card
393,134,2024-10-26,completed,upi
394,135,2024-07-06,completed,credit_card
395,135,2025-06-21,completed,upi
396,135,2025-08-02,completed,paypal
397,135,2025-12-03,completed,paypal
398,136,2024-11-04,completed,debit_card
399,136,2025-02-10,refunded,paypal
400,136,2025-07-04,completed,upi
401,136,2025-07-20,completed,credit_card
402,136,2025-10-25,completed,paypal
403,137,2025-10-18,completed,debit_card
404,138,2024-12-10,refunded,upi
405,138,2025-01-23,completed,credit_card
406,139,2025-12-01,cancelled,debit_card
407,139,2025-12-02,completed,upi
408,139,2025-12-12,completed,paypal
409,139,2025-12-13,completed,credit_card
410,139,2025-12-23,completed,credit_card
411,139,2025-12-25,completed,credit_card
412,139,2025-12-27,completed,credit_card
413,139,2025-12-28,completed,upi
414,139,2025-12-30,completed,credit_card
415,139,2025-12-31,completed,paypal
416,140,2025-10-13,completed,paypal
417,140,2025-10-21,completed,credit_card
418,140,2025-11-22,completed,credit_card
419,141,2025-09-23,refunded,credit_card
420,141,2025-12-07,completed,paypal
421,141,2025-12-22,completed,paypal
422,141,2025-12-26,completed,upi
423,142,2024-11-27,completed,credit_card
424,142,2025-06-10,completed,upi
425,143,2025-06-20,completed,paypal
426,143,2025-10-05,completed,debit_card
427,143,2025-10-23,completed,debit_card
428,143,2025-12-16,completed,credit_card
429,143,2025-12-22,completed,paypal
430,144,2025-03-06,completed,credit_card
431,144,2025-05-26,completed,paypal
432,144,2025-06-15,completed,credit_card
433,144,2025-06-21,completed,paypal
434,144,2025-09-08,completed,credit_card
435,145,2025-10-13,completed,upi
436,145,2025-10-15,completed,credit_card
437,146,2025-05-30,completed,credit_card
438,147,2025-08-24,completed,credit_card
439,148,2024-12-02,completed,paypal
440,148,2025-01-02,completed,credit_card
441,148,2025-09-05,completed,paypal
442,148,2025-09-11,completed,credit_card
443,149,2025-11-04,completed,credit_card
444,150,2024-12-16,completed,credit_card
445,150,2025-07-21,completed,credit_card
446,151,2025-12-01,completed,debit_card
447,151,2025-12-11,completed,credit_card
448,151,2025-12-22,completed,credit_card
449,151,2025-12-24,completed,debit_card
450,152,2025-12-08,completed,credit_card
451,153,2025-11-30,completed,credit_card
452,153,2025-12-30,completed,paypal
453,154,2025-08-29,completed,debit_card
454,154,2025-09-18,completed,credit_card
455,154,2025-10-11,completed,credit_card
456,154,2025-10-19,completed,credit_card
457,154,2025-11-18,completed,credit_card
458,154,2025-11-20,completed,credit_card
459,154,2025-12-05,completed,upi
460,155,2025-01-21,completed,credit_card
461,155,2025-02-17,completed,paypal
462,155,2025-05-12,completed,debit_card
463,155,2025-06-06,completed,credit_card
464,156,2025-12-07,completed,paypal
465,157,2025-11-22,completed,credit_card
466,157,2025-11-27,completed,debit_card
467,158,2024-10-11,cancelled,paypal
468,158,2025-08-16,completed,credit_card
469,159,2025-09-11,completed,upi
470,160,2025-10-09,completed,paypal
471,161,2024-09-04,completed,paypal
472,161,2025-08-23,completed,debit_card
473,162,2025-12-02,completed,credit_card
474,163,2024-02-25,completed,upi
475,164,2025-01-13,completed,paypal
476,164,2025-03-13,completed,paypal
477,164,2025-04-09,completed,upi
478,165,2025-08-19,completed,credit_card
479,165,2025-08-22,completed,credit_card
480,166,2024-07-21,completed,debit_card
481,166,2024-08-24,completed,paypal
482,166,2024-09-23,completed,credit_card
483,166,2025-03-17,completed,credit_card
484,166,2025-04-12,completed,credit_card
485,166,2025-06-25,completed,paypal
486,166,2025-09-06,completed,upi
487,166,2025-10-26,completed,credit_card
488,167,2025-06-14,completed,credit_card
489,167,2025-06-21,completed,credit_card
490,167,2025-11-17,completed,paypal
491,167,2025-12-14,completed,debit_card
492,167,2025-12-20,completed,credit_card
493,168,2024-12-28,completed,paypal
494,169,2025-10-05,completed,credit_card
495,170,2025-01-05,completed,debit_card
496,170,2025-01-19,completed,paypal
497,170,2025-03-04,completed,paypal
498,170,2025-07-02,completed,credit_card
499,170,2025-10-10,refunded,credit_card
500,171,2025-12-28,refunded,credit_card
501,172,2025-10-01,completed,paypal
502,173,2025-10-07,completed,debit_card
503,173,2025-11-02,completed,paypal
504,173,2025-12-23,completed,debit_card
505,174,2025-01-06,completed,paypal
506,175,2024-07-02,completed,upi
507,175,2024-09-24,refunded,credit_card
508,176,2025-11-08,completed,upi
509,176,2025-12-30,completed,paypal
510,177,2025-01-04,refunded,credit_card
511,177,2025-07-26,completed,credit_card
512,178,2025-12-05,refunded,upi
513,178,2025-12-14,refunded,paypal
514,178,2025-12-30,completed,debit_card
515,179,2025-07-24,completed,debit_card
516,179,2025-12-23,completed,paypal
517,180,2025-09-07,completed,credit_card
518,180,2025-12-02,completed,paypal
519,181,2025-11-17,completed,debit_card
520,181,2025-12-15,completed,credit_card
521,181,2025-12-16,completed,debit_card
522,182,2025-05-24,completed,paypal
523,183,2025-06-02,completed,paypal
524,183,2025-08-18,completed,credit_card
525,183,2025-09-22,completed,credit_card
526,183,2025-11-01,completed,paypal
527,184,2024-02-02,refunded,debit_card
528,184,2024-05-08,cancelled,credit_card
529,184,2025-01-25,completed,credit_card
530,184,2025-03-26,completed,paypal
531,184,2025-04-08,completed,upi
532,184,2025-06-05,completed,credit_card
533,184,2025-11-01,completed,debit_card
534,185,2024-09-28,completed,credit_card
535,185,2025-07-14,completed,credit_card
536,186,2025-10-01,completed,credit_card
537,187,2025-07-07,completed,credit_card
538,187,2025-07-16,cancelled,credit_card
539,187,2025-08-13,completed,paypal
540,187,2025-09-22,completed,upi
541,187,2025-12-12,completed,credit_card
542,187,2025-12-29,completed,debit_card
543,188,2025-01-18,refunded,paypal
544,188,2025-07-03,completed,credit_card
545,188,2025-09-12,cancelled,credit_card
546,188,2025-10-30,refunded,paypal
547,189,2024-05-28,completed,paypal
548,189,2024-11-07,completed,credit_card
549,189,2024-12-11,completed,credit_card
550,190,2025-01-06,completed,credit_card
551,190,2025-09-23,completed,upi
552,191,2025-11-09,completed,upi
553,191,2025-12-27,cancelled,credit_card
554,192,2024-04-20,completed,debit_card
555,192,2024-09-24,completed,credit_card
556,192,2024-10-25,completed,credit_card
557,192,2025-02-17,completed,paypal
558,192,2025-03-20,completed,paypal
559,192,2025-08-03,completed,debit_card
560,192,2025-08-10,completed,credit_card
561,193,2025-01-09,completed,upi
562,193,2025-03-12,completed,debit_card
563,193,2025-11-29,completed,paypal
564,194,2025-05-15,completed,credit_card
565,194,2025-10-02,completed,credit_card
566,195,2024-06-07,completed,paypal
567,196,2025-08-30,completed,credit_card
568,196,2025-10-12,completed,credit_card
569,196,2025-11-02,completed,paypal
570,196,2025-11-19,completed,paypal
571,196,2025-12-31,completed,credit_card
572,197,2025-08-10,completed,paypal
573,197,2025-09-23,completed,debit_card
574,198,2024-08-15,completed,paypal
575,198,2025-03-09,completed,debit_card
576,199,2025-11-22,completed,debit_card
577,199,2025-11-26,completed,paypal
578,199,2025-12-02,completed,debit_card
579,199,2025-12-19,completed,debit_card
580,199,2025-12-21,completed,credit_card
581,200,2025-08-31,completed,credit_card
582,200,2025-09-20,completed,debit_card
583,201,2025-11-02,completed,debit_card
584,201,2025-12-04,completed,paypal
585,202,2025-06-14,completed,credit_card
586,202,2025-09-26,completed,upi
587,203,2025-02-04,completed,credit_card
588,203,2025-03-04,completed,paypal
589,204,2025-07-25,completed,credit_card
590,205,2025-10-24,completed,paypal
591,206,2025-12-09,cancelled,credit_card
592,207,2025-02-17,completed,upi
593,208,2025-11-07,completed,upi
594,209,2025-12-26,completed,credit_card
595,209,2025-12-31,completed,debit_card
596,210,2024-11-04,completed,paypal
597,210,2025-02-08,completed,paypal
598,212,2025-05-19,completed,debit_card
599,213,2025-07-17,cancelled,upi
600,214,2025-12-23,completed,credit_card
601,215,2025-12-02,completed,credit_card
602,216,2025-02-14,completed,credit_card
603,217,2025-03-31,completed,debit_card
604,217,2025-05-16,completed,credit_card
605,217,2025-05-28,completed,upi
606,217,2025-08-17,completed,paypal
607,217,2025-08-21,completed,debit_card
608,217,2025-09-15,completed,credit_card
609,217,2025-11-05,completed,paypal
610,217,2025-11-20,completed,credit_card
611,217,2025-11-25,refunded,credit_card
612,217,2025-12-01,completed,upi
613,218,2025-06-27,completed,paypal
614,219,2025-06-05,completed,credit_card
615,219,2025-12-08,cancelled,credit_card
616,220,2024-07-18,completed,credit_card
617,220,2025-06-18,completed,credit_card
618,220,2025-09-19,completed,credit_card
619,221,2024-11-27,completed,paypal
620,222,2025-06-03,cancelled,credit_card
621,222,2025-10-08,completed,debit_card
622,223,2024-06-02,completed,debit_card
623,223,2024-11-16,completed,paypal
624,224,2025-07-14,completed,credit_card
625,224,2025-09-24,refunded,paypal
626,224,2025-10-19,completed,paypal
627,225,2025-07-11,completed,credit_card
628,226,2025-12-17,completed,credit_card
629,226,2025-12-19,completed,paypal
630,227,2025-10-08,completed,paypal
631,227,2025-11-08,completed,debit_card
632,227,2025-12-19,completed,paypal
633,228,2025-07-02,completed,credit_card
634,228,2025-12-28,completed,paypal
635,229,2025-10-18,completed,credit_card
636,229,2025-10-19,completed,debit_card
637,229,2025-11-01,completed,credit_card
638,230,2024-11-02,completed,credit_card
639,231,2024-07-04,completed,upi
640,232,2024-03-16,completed,paypal
641,232,2024-05-29,completed,debit_card
642,232,2024-08-21,completed,credit_card
643,232,2025-05-06,completed,paypal
644,232,2025-06-18,completed,credit_card
645,233,2025-12-26,completed,credit_card
646,233,2025-12-27,completed,credit_card
647,233,2025-12-28,completed,paypal
648,233,2025-12-29,completed,credit_card
649,233,2025-12-31,completed,credit_card
650,234,2025-10-18,completed,debit_card
651,234,2025-11-03,completed,upi
652,234,2025-11-07,completed,paypal
653,234,2025-11-11,completed,debit_card
654,234,2025-12-06,completed,debit_card
655,234,2025-12-23,completed,debit_card
656,235,2024-06-27,completed,debit_card
657,235,2025-09-10,completed,debit_card
658,236,2025-07-20,completed,paypal
659,237,2024-12-08,completed,debit_card
660,238,2024-04-16,completed,credit_card
661,239,2025-02-27,completed,credit_card
662,240,2025-10-17,completed,credit_card
663,240,2025-11-13,cancelled,credit_card
664,241,2025-07-12,completed,debit_card
665,241,2025-10-01,completed,paypal
666,241,2025-10-08,completed,debit_card
667,242,2025-03-26,completed,upi
668,242,2025-08-25,cancelled,paypal
669,242,2025-12-27,completed,paypal
670,243,2025-06-22,completed,credit_card
671,243,2025-06-26,completed,paypal
672,243,2025-07-16,completed,debit_card
673,244,2025-11-18,completed,credit_card
674,244,2025-11-19,completed,credit_card
675,244,2025-11-22,cancelled,credit_card
676,244,2025-12-03,completed,paypal
677,244,2025-12-07,completed,debit_card
678,244,2025-12-14,completed,debit_card
679,244,2025-12-25,refunded,credit_card
680,244,2025-12-30,completed,paypal
681,244,2025-12-31,refunded,credit_card
682,245,2025-11-01,completed,paypal
683,246,2025-09-03,completed,credit_card
684,247,2025-07-17,completed,upi
685,247,2025-08-20,completed,credit_card
686,247,2025-11-04,cancelled,credit_card
687,247,2025-11-16,completed,paypal
688,247,2025-12-01,completed,debit_card
689,247,2025-12-20,completed,paypal
690,248,2024-11-17,completed,paypal
691,248,2025-02-24,completed,credit_card
692,248,2025-08-05,cancelled,credit_card
693,248,2025-10-01,completed,credit_card
694,249,2025-12-06,completed,credit_card
695,250,2025-09-09,cancelled,paypal
696,250,2025-09-24,completed,credit_card
697,250,2025-11-04,completed,paypal
698,250,2025-11-06,completed,debit_card
699,250,2025-11-07,completed,credit_card
700,250,2025-11-26,completed,debit_card
701,250,2025-11-27,completed,credit_card
702,251,2025-07-12,completed,debit_card
703,251,2025-10-16,completed,paypal
704,252,2025-09-30,completed,debit_card
705,252,2025-10-27,completed,debit_card
706,253,2025-05-22,completed,credit_card
707,253,2025-08-24,completed,credit_card
708,254,2025-02-21,completed,upi
709,254,2025-04-21,completed,credit_card
710,254,2025-06-30,completed,upi
711,254,2025-08-05,completed,paypal
712,254,2025-09-15,completed,credit_card
713,254,2025-11-11,cancelled,upi
714,254,2025-11-25,completed,upi
715,255,2024-09-07,completed,debit_card
716,255,2025-09-10,completed,paypal
717,256,2025-04-12,completed,paypal
718,256,2025-09-19,completed,credit_card
719,257,2024-06-01,completed,debit_card
720,257,2024-11-04,completed,paypal
721,257,2025-01-08,cancelled,credit_card
722,257,2025-07-06,completed,credit_card
723,258,2025-11-24,completed,credit_card
724,259,2025-04-01,completed,debit_card
725,259,2025-05-19,refunded,paypal
726,259,2025-07-18,completed,paypal
727,259,2025-11-21,completed,paypal
728,260,2025-06-06,completed,upi
729,261,2025-12-17,completed,paypal
730,262,2025-04-13,completed,paypal
731,262,2025-04-24,completed,paypal
732,262,2025-06-20,completed,paypal
733,262,2025-10-19,cancelled,credit_card
734,263,2025-10-06,cancelled,credit_card
735,264,2024-12-20,completed,debit_card
736,264,2025-07-20,completed,debit_card
737,265,2025-12-06,completed,credit_card
738,265,2025-12-17,completed,paypal
739,265,2025-12-20,completed,debit_card
740,265,2025-12-21,completed,credit_card
741,265,2025-12-26,completed,credit_card
742,265,2025-12-30,completed,credit_card
743,266,2025-11-25,completed,credit_card
744,267,2025-12-28,completed,paypal
745,268,2024-06-21,completed,credit_card
746,269,2024-03-06,completed,credit_card
747,269,2024-12-02,completed,credit_card
748,269,2024-12-18,completed,paypal
749,269,2025-02-15,completed,paypal
750,269,2025-05-02,completed,debit_card
751,269,2025-08-05,completed,paypal
752,270,2025-12-10,completed,credit_card
753,270,2025-12-14,completed,credit_card
754,271,2025-02-28,completed,paypal
755,271,2025-06-02,completed,debit_card
756,271,2025-06-08,completed,debit_card
757,271,2025-06-25,refunded,credit_card
758,271,2025-07-30,completed,credit_card
759,271,2025-08-18,completed,debit_card
760,271,2025-09-15,completed,upi
761,271,2025-09-18,completed,upi
762,271,2025-09-22,completed,credit_card
763,272,2024-06-05,completed,credit_card
764,272,2024-11-01,completed,credit_card
765,272,2024-12-17,completed,paypal
766,272,2024-12-22,completed,paypal
767,272,2025-03-13,completed,credit_card
768,272,2025-03-17,completed,credit_card
769,272,2025-05-19,completed,paypal
770,272,2025-06-16,completed,paypal
771,272,2025-11-28,completed,credit_card
772,273,2025-03-26,completed,credit_card
773,273,2025-03-28,cancelled,paypal
774,273,2025-08-11,completed,paypal
775,273,2025-08-17,completed,paypal
776,273,2025-09-08,refunded,paypal
777,273,2025-10-22,completed,debit_card
778,273,2025-11-01,completed,credit_card
779,273,2025-11-06,completed,credit_card
780,273,2025-12-23,completed,upi
781,274,2024-08-22,completed,credit_card
782,274,2025-12-05,completed,credit_card
783,275,2025-06-18,completed,credit_card
784,275,2025-12-10,completed,credit_card
785,276,2025-10-24,completed,paypal
786,277,2025-12-30,completed,credit_card
787,278,2024-06-08,completed,debit_card
788,278,2024-10-18,completed,credit_card
789,279,2025-04-16,completed,paypal
790,279,2025-05-27,completed,paypal
791,280,2025-04-04,completed,credit_card
792,280,2025-06-18,completed,paypal
793,281,2024-11-23,cancelled,credit_card
794,281,2025-03-30,completed,credit_card
795,281,2025-04-25,completed,debit_card
796,281,2025-07-13,completed,upi
797,281,2025-09-10,completed,credit_card
798,281,2025-09-23,completed,paypal
799,281,2025-12-23,completed,credit_card
800,281,2025-12-26,completed,debit_card
801,282,2025-05-07,completed,credit_card
802,282,2025-05-24,completed,credit_card
803,282,2025-06-04,completed,paypal
804,282,2025-08-13,completed,debit_card
805,282,2025-08-17,completed,paypal
806,282,2025-09-13,completed,paypal
807,282,2025-12-24,completed,credit_card
808,283,2024-11-02,completed,paypal
809,283,2024-11-03,cancelled,paypal
810,283,2024-12-07,completed,debit_card
811,283,2025-04-28,completed,credit_card
812,283,2025-08-03,completed,upi
813,283,2025-09-08,completed,paypal
814,283,2025-10-07,completed,paypal
815,283,2025-12-03,completed,paypal
816,284,2024-04-17,completed,credit_card
817,284,2024-05-05,completed,debit_card
818,285,2025-04-27,refunded,credit_card
819,285,2025-08-27,completed,credit_card
820,285,2025-09-29,cancelled,upi
821,286,2025-08-24,completed,debit_card
822,286,2025-11-05,completed,paypal
823,287,2024-10-02,completed,debit_card
824,287,2024-10-12,completed,debit_card
825,287,2025-06-06,completed,debit_card
826,287,2025-10-06,completed,credit_card
827,287,2025-11-11,completed,credit_card
828,288,2024-05-12,completed,upi
829,288,2025-11-07,completed,credit_card
830,289,2025-12-08,completed,credit_card
831,289,2025-12-12,completed,paypal
832,290,2025-11-12,refunded,paypal
833,291,2024-09-10,cancelled,debit_card
834,292,2024-12-22,completed,upi
835,292,2025-07-20,completed,debit_card
836,293,2024-09-04,completed,debit_card
837,293,2025-04-26,completed,debit_card
838,293,2025-08-07,completed,credit_card
839,293,2025-10-16,completed,credit_card
840,293,2025-12-04,completed,paypal
841,293,2025-12-05,completed,upi
842,294,2024-09-03,completed,debit_card
843,294,2024-11-28,completed,debit_card
844,294,2025-04-22,refunded,paypal
845,294,2025-06-08,completed,debit_card
846,294,2025-09-15,completed,paypal
847,294,2025-12-31,completed,credit_card
848,295,2025-06-29,completed,credit_card
849,295,2025-10-12,completed,credit_card
850,296,2025-07-02,cancelled,paypal
851,296,2025-08-19,cancelled,credit_card
852,296,2025-12-17,completed,paypal
853,297,2025-06-04,completed,credit_card
854,297,2025-07-07,completed,credit_card
855,298,2025-06-05,completed,paypal
856,298,2025-08-09,completed,credit_card
857,299,2025-02-26,completed,paypal
858,299,2025-09-05,completed,upi
859,300,2024-03-10,completed,paypal
860,300,2025-10-02,cancelled,credit_card
861,301,2025-11-08,completed,credit_card
862,302,2025-05-21,completed,credit_card
863,302,2025-07-23,completed,credit_card
864,302,2025-11-30,completed,upi
865,303,2024-07-16,completed,paypal
866,303,2025-10-16,completed,paypal
867,304,2025-04-15,completed,credit_card
868,304,2025-12-22,completed,debit_card
869,305,2025-08-16,completed,credit_card
870,306,2025-09-16,completed,credit_card
871,307,2024-11-06,completed,debit_card
872,307,2025-04-24,completed,credit_card
873,307,2025-08-12,completed,paypal
874,307,2025-10-29,completed,credit_card
875,308,2025-04-25,completed,credit_card
876,308,2025-08-08,completed,credit_card
877,308,2025-08-24,completed,credit_card
878,308,2025-10-08,cancelled,debit_card
879,309,2025-12-21,refunded,paypal
880,310,2025-12-09,completed,paypal
881,311,2025-11-19,completed,debit_card
882,311,2025-11-25,completed,paypal
883,311,2025-11-26,completed,credit_card
884,311,2025-11-27,completed,paypal
885,311,2025-12-09,completed,credit_card
886,311,2025-12-11,completed,debit_card
887,311,2025-12-12,completed,upi
888,312,2025-06-12,completed,credit_card
889,312,2025-12-05,completed,credit_card
890,313,2024-08-24,completed,debit_card
891,313,2024-10-30,completed,upi
892,314,2025-07-23,completed,paypal
893,314,2025-08-24,completed,debit_card
894,315,2024-11-07,completed,paypal
895,315,2025-05-21,completed,paypal
896,315,2025-12-09,completed,debit_card
897,316,2024-10-13,completed,paypal
898,316,2025-05-12,completed,credit_card
899,317,2024-06-19,completed,credit_card
900,317,2024-10-26,completed,credit_card
901,317,2024-11-24,refunded,debit_card
902,317,2025-03-13,completed,credit_card
903,317,2025-03-16,completed,debit_card
904,317,2025-03-26,completed,credit_card
905,317,2025-06-26,completed,credit_card
906,317,2025-10-20,completed,debit_card
907,317,2025-12-14,completed,credit_card
908,318,2025-11-08,completed,upi
909,319,2025-12-22,completed,debit_card
910,320,2025-12-14,completed,credit_card
911,321,2025-04-21,completed,credit_card
912,321,2025-06-15,completed,debit_card
913,321,2025-10-16,completed,paypal
914,321,2025-11-11,completed,upi
915,322,2024-07-21,completed,credit_card
916,323,2024-03-31,cancelled,paypal
917,324,2025-09-20,completed,debit_card
918,324,2025-12-26,completed,paypal
919,325,2025-07-03,completed,credit_card
920,326,2025-09-06,refunded,credit_card
921,327,2025-09-30,completed,credit_card
922,327,2025-11-13,completed,paypal
923,327,2025-12-16,refunded,credit_card
924,327,2025-12-23,completed,credit_card
925,328,2024-11-16,completed,paypal
926,328,2025-08-09,completed,debit_card
927,329,2025-04-21,completed,debit_card
928,329,2025-07-14,refunded,credit_card
929,329,2025-11-20,completed,paypal
930,330,2025-06-13,completed,debit_card
931,330,2025-11-28,completed,paypal
932,331,2024-07-03,completed,paypal
933,331,2024-11-01,cancelled,upi
934,331,2024-11-20,completed,credit_card
935,331,2025-03-30,completed,debit_card
936,331,2025-04-04,completed,credit_card
937,331,2025-06-21,completed,debit_card
938,331,2025-06-22,completed,paypal
939,332,2024-09-10,completed,paypal
940,332,2025-08-21,completed,paypal
941,333,2024-07-15,completed,debit_card
942,333,2024-09-22,completed,debit_card
943,334,2025-09-13,completed,paypal
944,334,2025-11-25,completed,credit_card
945,335,2025-12-28,completed,upi
946,336,2025-11-26,completed,credit_card
947,337,2024-10-03,completed,credit_card
948,337,2024-11-01,completed,debit_card
949,337,2024-12-12,completed,credit_card
950,337,2024-12-31,completed,debit_card
951,337,2025-06-14,completed,credit_card
952,337,2025-10-05,completed,credit_card
953,337,2025-10-27,completed,credit_card
954,338,2025-12-15,refunded,credit_card
955,339,2024-05-05,completed,credit_card
956,339,2024-10-01,completed,debit_card
957,339,2024-12-27,cancelled,credit_card
958,339,2025-02-10,completed,debit_card
959,339,2025-04-04,completed,paypal
960,340,2025-09-09,completed,credit_card
961,341,2024-09-17,completed,credit_card
962,341,2024-09-23,completed,credit_card
963,341,2024-11-05,completed,credit_card
964,341,2024-11-16,completed,paypal
965,341,2024-12-08,completed,credit_card
966,341,2025-01-16,completed,paypal
967,341,2025-03-12,completed,paypal
968,341,2025-08-14,completed,debit_card
969,341,2025-10-23,completed,debit_card
970,341,2025-11-27,completed,credit_card
971,342,2025-08-20,completed,credit_card
972,342,2025-08-29,completed,debit_card
973,342,2025-09-29,completed,paypal
974,342,2025-10-22,completed,credit_card
975,342,2025-11-06,completed,credit_card
976,343,2025-12-04,completed,credit_card
977,344,2024-04-16,completed,debit_card
978,344,2024-06-06,cancelled,upi
979,344,2025-02-15,completed,credit_card
980,344,2025-05-15,completed,debit_card
981,344,2025-06-12,completed,credit_card
982,344,2025-07-20,completed,credit_card
983,344,2025-08-02,completed,paypal
984,344,2025-10-10,completed,credit_card
985,345,2025-10-25,completed,credit_card
986,345,2025-11-23,completed,debit_card
987,345,2025-11-30,completed,paypal
988,346,2025-09-09,completed,upi
989,347,2025-03-21,completed,credit_card
990,347,2025-10-26,completed,debit_card
991,348,2025-12-05,completed,debit_card
992,349,2025-09-08,completed,paypal
993,349,2025-09-10,completed,credit_card
994,349,2025-09-17,completed,paypal
995,349,2025-09-27,completed,debit_card
996,349,2025-11-11,completed,credit_card
997,349,2025-12-08,completed,credit_card
998,349,2025-12-12,completed,paypal
999,349,2025-12-24,refunded,credit_card
1000,350,2025-09-03,completed,credit_card
1001,351,2025-11-16,completed,credit_card
1002,351,2025-11-26,refunded,credit_card
1003,351,2025-11-29,completed,debit_card
1004,352,2025-04-19,completed,debit_card
1005,352,2025-06-03,completed,paypal
1006,352,2025-07-10,completed,credit_card
1007,352,2025-08-05,refunded,credit_card
1008,352,2025-08-18,completed,credit_card
1009,352,2025-09-21,completed,debit_card
1010,352,2025-09-25,completed,paypal
1011,353,2024-11-14,cancelled,paypal
1012,353,2025-11-05,refunded,credit_card
1013,354,2025-03-06,completed,credit_card
1014,355,2025-12-01,completed,upi
1015,355,2025-12-15,completed,paypal
1016,356,2025-05-10,completed,paypal
1017,356,2025-07-08,completed,upi
1018,357,2025-04-02,completed,credit_card
1019,357,2025-09-10,completed,credit_card
1020,358,2025-03-08,completed,credit_card
1021,359,2025-04-29,completed,paypal
1022,359,2025-06-20,completed,credit_card
1023,359,2025-07-20,completed,debit_card
1024,359,2025-08-20,completed,debit_card
1025,360,2024-07-22,completed,credit_card
1026,360,2024-08-10,completed,paypal
1027,360,2024-08-16,completed,upi
1028,360,2024-08-18,completed,paypal
1029,361,2025-11-22,completed,credit_card
1030,361,2025-11-25,completed,paypal
1031,361,2025-11-27,completed,paypal
1032,361,2025-12-12,completed,paypal
1033,361,2025-12-24,completed,debit_card
1034,361,2025-12-25,completed,credit_card
1035,361,2025-12-26,completed,credit_card
1036,361,2025-12-28,completed,paypal
1037,362,2025-11-07,completed,debit_card
1038,362,2025-12-14,completed,debit_card
1039,363,2024-11-30,completed,paypal
1040,363,2025-03-31,cancelled,debit_card
1041,363,2025-06-08,completed,credit_card
1042,363,2025-09-07,completed,upi
1043,363,2025-10-10,completed,paypal
1044,363,2025-11-08,completed,paypal
1045,363,2025-11-23,completed,credit_card
1046,364,2025-06-06,completed,upi
1047,364,2025-10-11,completed,paypal
1048,364,2025-12-29,completed,debit_card
1049,365,2025-02-07,completed,paypal
1050,365,2025-10-22,completed,credit_card
1051,366,2024-07-04,refunded,paypal
1052,366,2024-07-11,completed,paypal
1053,366,2024-10-31,completed,credit_card
1054,366,2024-11-02,completed,upi
1055,366,2024-12-26,completed,upi
1056,366,2025-03-09,completed,credit_card
1057,366,2025-03-27,completed,debit_card
1058,366,2025-10-06,completed,credit_card
1059,366,2025-10-24,completed,paypal
1060,367,2025-08-07,completed,debit_card
1061,367,2025-09-30,completed,paypal
1062,367,2025-10-08,cancelled,credit_card
1063,367,2025-12-02,cancelled,paypal
1064,368,2025-08-29,completed,credit_card
1065,369,2025-10-22,completed,credit_card
1066,370,2025-10-18,completed,credit_card
1067,370,2025-10-25,completed,paypal
1068,371,2024-04-19,completed,debit_card
1069,371,2024-10-15,completed,debit_card
1070,372,2025-10-17,completed,debit_card
1071,373,2025-07-22,completed,paypal
1072,373,2025-08-10,completed,credit_card
1073,374,2024-11-08,completed,debit_card
1074,375,2025-09-07,completed,credit_card
1075,376,2024-12-18,completed,debit_card
1076,376,2025-03-07,completed,credit_card
1077,376,2025-03-14,completed,debit_card
1078,376,2025-03-22,completed,credit_card
1079,376,2025-04-06,completed,credit_card
1080,376,2025-05-19,completed,debit_card
1081,376,2025-10-03,completed,paypal
1082,376,2025-10-31,completed,debit_card
1083,377,2024-07-08,completed,upi
1084,377,2024-10-22,completed,credit_card
1085,377,2024-10-24,completed,credit_card
1086,378,2025-12-04,completed,credit_card
1087,379,2024-12-15,completed,debit_card
1088,379,2025-05-20,completed,debit_card
1089,379,2025-06-08,completed,paypal
1090,380,2025-04-22,completed,paypal
1091,380,2025-07-15,completed,credit_card
1092,381,2025-05-04,completed,credit_card
1093,381,2025-06-02,completed,upi
1094,382,2025-04-13,completed,debit_card
1095,383,2024-10-02,completed,paypal
1096,383,2025-03-28,completed,upi
1097,384,2025-03-28,completed,paypal
1098,384,2025-04-17,completed,credit_card
1099,384,2025-04-22,completed,debit_card
1100,384,2025-07-07,completed,credit_card
1101,384,2025-07-15,cancelled,credit_card
1102,384,2025-08-26,completed,credit_card
1103,384,2025-08-29,completed,upi
1104,384,2025-10-13,completed,debit_card
1105,384,2025-12-19,completed,upi
1106,385,2025-08-15,completed,debit_card
1107,386,2025-12-22,completed,upi
1108,386,2025-12-23,completed,credit_card
1109,386,2025-12-25,completed,credit_card
1110,386,2025-12-26,completed,credit_card
1111,386,2025-12-27,completed,paypal
1112,386,2025-12-30,completed,credit_card
1113,387,2025-01-11,completed,paypal
1114,388,2025-11-26,completed,paypal
1115,388,2025-12-18,completed,credit_card
1116,389,2025-12-03,completed,credit_card
1117,390,2025-06-30,refunded,debit_card
1118,390,2025-07-06,completed,paypal
1119,390,2025-07-14,completed,credit_card
1120,390,2025-07-15,completed,credit_card
1121,390,2025-10-05,completed,credit_card
1122,390,2025-10-15,completed,upi
1123,390,2025-10-21,completed,paypal
1124,391,2025-03-24,completed,debit_card
1125,391,2025-08-19,completed,credit_card
1126,391,2025-08-21,completed,upi
1127,392,2025-11-16,completed,debit_card
1128,392,2025-11-22,completed,paypal
1129,392,2025-12-03,completed,credit_card
1130,392,2025-12-05,completed,credit_card
1131,392,2025-12-10,completed,paypal
1132,392,2025-12-11,completed,credit_card
1133,392,2025-12-25,completed,paypal
1134,392,2025-12-30,completed,debit_card
1135,393,2025-08-13,completed,paypal
1136,393,2025-10-22,completed,credit_card
1137,393,2025-11-16,completed,paypal
1138,393,2025-12-27,refunded,paypal
1139,394,2024-12-27,completed,paypal
1140,394,2025-03-07,completed,credit_card
1141,395,2025-11-16,completed,credit_card
1142,395,2025-11-25,completed,credit_card
1143,395,2025-11-30,completed,credit_card
1144,395,2025-12-02,cancelled,credit_card
1145,395,2025-12-06,completed,credit_card
1146,395,2025-12-14,completed,credit_card
1147,395,2025-12-18,completed,paypal
1148,395,2025-12-30,completed,credit_card
1149,396,2024-07-04,completed,credit_card
1150,396,2024-10-06,completed,credit_card
1151,396,2025-09-21,completed,paypal
1152,397,2024-12-02,completed,credit_card
1153,397,2025-10-22,refunded,credit_card
1154,397,2025-11-12,completed,paypal
1155,398,2024-12-12,completed,credit_card
1156,398,2025-01-26,completed,debit_card
1157,398,2025-03-26,completed,debit_card
1158,398,2025-08-24,cancelled,credit_card
1159,398,2025-10-05,completed,credit_card
1160,398,2025-11-19,completed,credit_card
1161,398,2025-11-21,refunded,debit_card
1162,399,2024-09-25,completed,credit_card
1163,400,2024-10-14,completed,upi
1164,400,2024-11-08,completed,credit_card
1165,401,2025-08-09,completed,credit_card
1166,402,2025-09-27,completed,credit_card
1167,402,2025-10-27,completed,paypal
1168,403,2025-05-23,completed,credit_card
1169,403,2025-07-29,completed,credit_card
1170,403,2025-09-19,completed,credit_card
1171,403,2025-10-30,completed,credit_card
1172,403,2025-12-31,completed,credit_card
1173,404,2024-11-19,refunded,paypal
1174,404,2025-01-01,completed,credit_card
1175,404,2025-03-26,completed,credit_card
1176,404,2025-05-29,completed,upi
1177,404,2025-05-30,completed,debit_card
1178,404,2025-06-13,completed,credit_card
1179,404,2025-09-02,refunded,credit_card
1180,405,2025-09-19,completed,credit_card
1181,405,2025-10-17,completed,credit_card
1182,405,2025-10-27,completed,paypal
1183,405,2025-11-15,completed,credit_card
1184,405,2025-11-26,completed,paypal
1185,405,2025-12-22,completed,debit_card
1186,406,2025-06-17,completed,debit_card
1187,406,2025-11-09,completed,credit_card
1188,406,2025-11-19,completed,credit_card
1189,407,2025-01-16,completed,debit_card
1190,407,2025-06-24,completed,debit_card
1191,408,2024-10-14,completed,debit_card
1192,408,2024-10-28,refunded,credit_card
1193,409,2025-12-19,completed,paypal
1194,409,2025-12-23,completed,paypal
1195,410,2025-12-08,completed,paypal
1196,411,2024-12-14,completed,credit_card
1197,411,2025-03-11,completed,credit_card
1198,411,2025-05-29,completed,credit_card
1199,411,2025-06-11,completed,credit_card
1200,411,2025-08-03,completed,paypal
1201,412,2025-09-25,completed,credit_card
1202,413,2025-12-09,completed,credit_card
1203,414,2024-10-28,completed,paypal
1204,414,2025-05-31,completed,credit_card
1205,414,2025-09-15,cancelled,paypal
1206,415,2024-04-03,completed,credit_card
1207,416,2025-06-27,completed,credit_card
1208,416,2025-06-28,completed,upi
1209,416,2025-09-22,completed,credit_card
1210,416,2025-09-23,completed,credit_card
1211,416,2025-12-20,completed,credit_card
1212,417,2025-11-27,completed,paypal
1213,418,2025-04-05,completed,upi
1214,418,2025-04-12,completed,upi
1215,418,2025-08-01,completed,debit_card
1216,418,2025-08-28,completed,debit_card
1217,418,2025-08-30,cancelled,credit_card
1218,418,2025-09-24,cancelled,credit_card
1219,418,2025-10-05,completed,credit_card
1220,419,2024-11-28,completed,credit_card
1221,419,2025-07-23,completed,paypal
1222,420,2024-10-31,completed,debit_card
1223,420,2024-12-02,completed,credit_card
1224,421,2024-12-11,completed,credit_card
1225,422,2025-10-02,completed,credit_card
1226,423,2025-05-07,completed,upi
1227,424,2025-10-25,completed,credit_card
1228,424,2025-10-31,completed,credit_card
1229,424,2025-11-23,completed,paypal
1230,424,2025-12-02,completed,credit_card
1231,424,2025-12-04,cancelled,debit_card
1232,424,2025-12-25,completed,paypal
1233,425,2024-11-30,completed,credit_card
1234,425,2025-11-16,completed,credit_card
1235,426,2024-07-03,completed,paypal
1236,426,2024-09-18,completed,upi
1237,426,2025-06-20,refunded,debit_card
1238,426,2025-08-22,completed,debit_card
1239,426,2025-11-17,completed,debit_card
1240,427,2025-06-29,completed,debit_card
1241,427,2025-07-05,completed,debit_card
1242,427,2025-07-16,refunded,credit_card
1243,427,2025-07-22,completed,upi
1244,427,2025-09-03,completed,debit_card
1245,427,2025-09-19,completed,credit_card
1246,427,2025-12-02,completed,credit_card
1247,428,2025-08-07,completed,credit_card
1248,428,2025-08-13,completed,paypal
1249,428,2025-08-27,completed,debit_card
1250,428,2025-10-02,cancelled,credit_card
1251,429,2025-12-24,completed,debit_card
1252,429,2025-12-25,completed,upi
1253,429,2025-12-26,completed,credit_card
1254,429,2025-12-27,completed,credit_card
1255,429,2025-12-28,completed,debit_card
1256,429,2025-12-29,completed,debit_card
1257,429,2025-12-30,completed,paypal
1258,429,2025-12-31,completed,upi
1259,430,2025-06-14,completed,paypal
1260,431,2025-11-18,completed,debit_card
1261,432,2025-03-06,completed,credit_card
1262,433,2024-12-24,completed,credit_card
1263,433,2025-07-23,completed,credit_card
1264,434,2024-11-13,completed,upi
1265,434,2025-06-21,completed,upi
1266,435,2025-12-18,completed,debit_card
1267,436,2024-12-17,completed,credit_card
1268,436,2025-06-13,completed,debit_card
1269,437,2025-09-23,completed,credit_card
1270,437,2025-11-08,completed,debit_card
1271,438,2024-06-27,completed,debit_card
1272,438,2024-07-21,completed,paypal
1273,438,2024-08-29,completed,paypal
1274,438,2024-10-20,completed,credit_card
1275,438,2025-04-10,completed,credit_card
1276,438,2025-07-05,completed,credit_card
1277,438,2025-07-31,completed,upi
1278,438,2025-10-18,completed,upi
1279,439,2025-12-08,completed,credit_card
1280,440,2025-09-15,completed,paypal
1281,440,2025-11-23,completed,debit_card
1282,441,2025-09-30,completed,credit_card
1283,442,2024-11-12,completed,credit_card
1284,443,2025-05-02,completed,credit_card
1285,443,2025-05-31,completed,upi
1286,443,2025-07-08,completed,upi
1287,443,2025-10-26,completed,paypal
1288,443,2025-11-02,completed,paypal
1289,443,2025-12-04,cancelled,paypal
1290,444,2024-06-07,completed,paypal
1291,444,2024-07-04,completed,debit_card
1292,444,2025-01-07,completed,credit_card
1293,444,2025-05-03,completed,paypal
1294,444,2025-05-28,completed,paypal
1295,444,2025-06-10,completed,debit_card
1296,444,2025-06-20,completed,debit_card
1297,444,2025-07-09,completed,paypal
1298,444,2025-10-07,completed,debit_card
1299,445,2024-03-12,completed,paypal
1300,445,2024-09-29,completed,credit_card
1301,445,2025-03-02,completed,credit_card
1302,446,2025-01-01,completed,credit_card
1303,446,2025-10-10,completed,paypal
1304,446,2025-11-12,completed,credit_card
1305,447,2025-01-28,completed,credit_card
1306,447,2025-03-20,completed,credit_card
1307,447,2025-03-24,completed,debit_card
1308,448,2024-07-02,completed,credit_card
1309,448,2025-06-08,completed,credit_card
1310,449,2025-01-04,completed,credit_card
1311,449,2025-01-11,completed,debit_card
1312,449,2025-02-11,completed,upi
1313,449,2025-03-19,completed,upi
1314,449,2025-04-22,completed,paypal
1315,449,2025-05-13,completed,credit_card
1316,449,2025-08-19,completed,debit_card
1317,449,2025-10-09,completed,credit_card
1318,449,2025-11-13,completed,paypal
1319,450,2024-11-25,cancelled,debit_card
1320,450,2025-05-26,refunded,debit_card
1321,451,2025-12-19,completed,credit_card
1322,452,2024-10-07,completed,paypal
1323,453,2025-11-18,completed,credit_card
1324,453,2025-12-10,refunded,paypal
1325,453,2025-12-13,completed,paypal
1326,453,2025-12-23,completed,credit_card
1327,453,2025-12-24,completed,credit_card
1328,454,2025-09-09,completed,credit_card
1329,455,2025-11-17,completed,debit_card
1330,456,2025-07-28,completed,paypal
1331,456,2025-09-02,completed,debit_card
1332,456,2025-09-13,completed,paypal
1333,456,2025-09-27,completed,credit_card
1334,456,2025-10-10,completed,paypal
1335,456,2025-10-26,completed,credit_card
1336,456,2025-11-11,completed,credit_card
1337,456,2025-11-14,completed,credit_card
1338,456,2025-12-21,completed,credit_card
1339,456,2025-12-22,completed,credit_card
1340,457,2025-11-16,completed,paypal
1341,458,2025-09-30,completed,debit_card
1342,458,2025-10-06,completed,credit_card
1343,458,2025-11-16,completed,credit_card
1344,458,2025-12-01,completed,credit_card
1345,458,2025-12-04,completed,credit_card
1346,458,2025-12-06,completed,paypal
1347,458,2025-12-07,completed,paypal
1348,459,2024-07-22,cancelled,paypal
1349,459,2025-07-09,completed,credit_card
1350,460,2025-01-07,completed,debit_card
1351,460,2025-09-17,completed,upi
1352,461,2025-06-16,completed,credit_card
1353,462,2025-06-19,completed,debit_card
1354,463,2025-04-21,completed,credit_card
1355,464,2024-03-12,completed,credit_card
1356,464,2024-06-11,completed,paypal
1357,464,2025-01-01,completed,credit_card
1358,464,2025-01-21,completed,credit_card
1359,464,2025-08-08,completed,upi
1360,465,2024-12-29,completed,credit_card
1361,465,2025-10-21,completed,debit_card
1362,465,2025-11-05,completed,paypal
1363,466,2025-01-08,completed,credit_card
1364,466,2025-02-14,completed,credit_card
1365,466,2025-07-29,completed,paypal
1366,466,2025-12-08,completed,paypal
1367,467,2025-07-26,completed,upi
1368,468,2025-11-19,refunded,debit_card
1369,468,2025-11-29,cancelled,paypal
1370,468,2025-12-06,cancelled,credit_card
1371,468,2025-12-07,completed,credit_card
1372,468,2025-12-19,completed,credit_card
1373,469,2025-06-17,completed,debit_card
1374,469,2025-11-03,completed,credit_card
1375,470,2024-10-19,completed,paypal
1376,470,2025-02-07,completed,paypal
1377,470,2025-08-28,completed,credit_card
1378,470,2025-10-21,refunded,credit_card
1379,471,2025-04-01,completed,debit_card
1380,472,2025-12-20,completed,credit_card
1381,472,2025-12-25,completed,credit_card
1382,472,2025-12-30,completed,credit_card
1383,473,2024-08-26,completed,upi
1384,473,2025-05-02,completed,credit_card
1385,474,2025-05-02,completed,paypal
1386,474,2025-07-19,completed,credit_card
1387,474,2025-08-03,completed,paypal
1388,474,2025-08-12,completed,credit_card
1389,474,2025-08-19,completed,credit_card
1390,474,2025-09-09,completed,credit_card
1391,474,2025-10-08,completed,debit_card
1392,474,2025-10-19,cancelled,debit_card
1393,475,2024-04-30,completed,credit_card
1394,475,2024-05-04,cancelled,credit_card
1395,475,2025-04-19,refunded,upi
1396,476,2025-06-12,completed,upi
1397,476,2025-09-13,completed,credit_card
1398,476,2025-09-28,completed,paypal
1399,476,2025-11-23,completed,paypal
1400,477,2024-10-07,cancelled,credit_card
1401,477,2025-01-27,completed,upi
1402,478,2025-06-24,refunded,upi
1403,479,2025-09-20,completed,upi
1404,479,2025-11-21,completed,credit_card
1405,479,2025-12-01,completed,debit_card
1406,480,2025-08-09,completed,paypal
1407,480,2025-12-13,completed,credit_card
1408,481,2024-11-30,completed,debit_card
1409,481,2025-06-25,completed,credit_card
1410,482,2025-04-01,completed,credit_card
1411,482,2025-07-02,refunded,credit_card
1412,483,2024-09-15,completed,credit_card
1413,483,2024-09-24,completed,debit_card
1414,483,2025-07-10,completed,credit_card
1415,483,2025-09-26,completed,credit_card
1416,483,2025-12-15,completed,paypal
1417,483,2025-12-31,completed,credit_card
1418,484,2025-02-01,completed,upi
1419,484,2025-07-04,cancelled,credit_card
1420,485,2025-11-08,completed,credit_card
1421,485,2025-11-16,completed,debit_card
1422,486,2024-08-21,refunded,upi
1423,486,2024-09-23,completed,credit_card
1424,486,2024-11-23,completed,credit_card
1425,486,2025-03-15,completed,credit_card
1426,487,2025-08-17,completed,credit_card
1427,487,2025-08-28,completed,upi
1428,488,2025-10-08,completed,paypal
1429,489,2025-05-31,completed,credit_card
1430,489,2025-09-25,completed,credit_card
1431,490,2024-05-30,completed,credit_card
1432,490,2024-07-31,refunded,paypal
1433,490,2025-03-23,completed,paypal
1434,490,2025-03-28,completed,debit_card
1435,490,2025-06-10,completed,credit_card
1436,490,2025-09-06,completed,upi
1437,490,2025-10-21,completed,credit_card
1438,491,2024-10-26,completed,paypal
1439,491,2024-12-10,completed,credit_card
1440,491,2025-01-16,completed,credit_card
1441,491,2025-02-17,completed,debit_card
1442,491,2025-03-04,completed,credit_card
1443,491,2025-03-22,completed,upi
1444,491,2025-09-10,completed,credit_card
1445,491,2025-10-24,completed,debit_card
1446,492,2025-07-12,completed,paypal
1447,492,2025-09-17,completed,paypal
1448,493,2025-11-21,completed,debit_card
1449,494,2025-09-28,completed,credit_card
1450,494,2025-12-03,completed,credit_card
1451,495,2025-04-17,completed,debit_card
1452,495,2025-05-27,completed,credit_card
1453,495,2025-07-10,completed,credit_card
1454,495,2025-10-23,cancelled,credit_card
1455,495,2025-12-24,completed,credit_card
1456,496,2025-12-01,completed,credit_card
1457,496,2025-12-02,completed,upi
1458,496,2025-12-08,completed,paypal
1459,496,2025-12-25,completed,debit_card
1460,497,2025-07-20,completed,credit_card
1461,497,2025-09-30,completed,debit_card
1462,497,2025-12-21,completed,credit_card
1463,498,2025-02-24,completed,upi
1464,498,2025-05-08,completed,upi
1465,499,2025-02-03,completed,credit_card
1466,499,2025-07-03,completed,paypal
1467,500,2024-08-31,completed,paypal
1468,500,2024-11-20,completed,credit_card
1469,501,2025-01-24,completed,paypal
1470,502,2024-07-28,refunded,credit_card
1471,502,2025-07-06,completed,paypal
1472,502,2025-07-14,completed,debit_card
1473,502,2025-10-23,completed,credit_card
1474,503,2025-09-03,completed,paypal
1475,503,2025-09-05,completed,upi
1476,503,2025-09-09,completed,paypal
1477,503,2025-09-20,completed,paypal
1478,503,2025-11-05,refunded,paypal
1479,503,2025-11-27,completed,debit_card
1480,503,2025-11-30,completed,debit_card
1481,503,2025-12-01,completed,credit_card
1482,503,2025-12-18,completed,upi
1483,503,2025-12-30,completed,debit_card
1484,504,2024-11-05,completed,paypal
1485,504,2025-03-10,refunded,paypal
1486,504,2025-05-17,completed,credit_card
1487,504,2025-08-23,completed,debit_card
1488,505,2025-01-27,completed,credit_card
1489,505,2025-07-23,completed,credit_card
1490,506,2025-11-07,completed,upi
1491,507,2025-09-19,completed,credit_card
1492,507,2025-12-10,completed,debit_card
1493,508,2025-04-18,completed,upi
1494,508,2025-05-23,completed,paypal
1495,508,2025-06-07,completed,debit_card
1496,508,2025-06-11,completed,debit_card
1497,508,2025-06-13,completed,credit_card
1498,508,2025-08-23,completed,debit_card
1499,508,2025-12-03,completed,credit_card
1500,508,2025-12-11,completed,debit_card
1501,509,2025-04-14,completed,debit_card
1502,509,2025-06-15,completed,paypal
1503,509,2025-12-18,completed,debit_card
1504,510,2024-12-28,refunded,credit_card
1505,510,2025-03-26,completed,credit_card
1506,511,2025-12-30,completed,credit_card
1507,512,2025-09-24,completed,credit_card
1508,512,2025-09-29,completed,credit_card
1509,512,2025-10-21,completed,credit_card
1510,512,2025-11-20,completed,debit_card
1511,512,2025-11-30,completed,credit_card
1512,512,2025-12-02,completed,credit_card
1513,513,2025-11-03,completed,credit_card
1514,513,2025-11-06,refunded,paypal
1515,514,2024-06-10,completed,paypal
1516,514,2024-10-21,completed,credit_card
1517,514,2025-04-09,completed,credit_card
1518,514,2025-11-27,completed,credit_card
1519,515,2025-03-12,completed,upi
1520,516,2025-10-20,completed,paypal
1521,517,2024-08-14,completed,upi
1522,517,2025-05-06,completed,credit_card
1523,517,2025-05-19,completed,debit_card
1524,517,2025-09-13,completed,credit_card
1525,517,2025-12-05,completed,credit_card
1526,518,2024-10-25,completed,paypal
1527,518,2025-01-21,completed,credit_card
1528,518,2025-02-17,completed,upi
1529,518,2025-04-13,completed,credit_card
1530,518,2025-05-08,completed,upi
1531,518,2025-09-03,completed,credit_card
1532,518,2025-09-05,completed,paypal
1533,518,2025-11-04,completed,credit_card
1534,518,2025-11-05,completed,upi
1535,519,2024-07-26,completed,paypal
1536,520,2025-12-30,completed,paypal
1537,520,2025-12-31,completed,credit_card
1538,521,2025-06-04,completed,debit_card
1539,521,2025-07-05,refunded,credit_card
1540,521,2025-08-30,completed,upi
1541,521,2025-09-13,completed,debit_card
1542,522,2024-04-20,completed,paypal
1543,522,2024-05-15,completed,paypal
1544,522,2024-12-21,completed,credit_card
1545,522,2025-01-16,completed,credit_card
1546,522,2025-02-14,completed,upi
1547,522,2025-06-13,completed,debit_card
1548,522,2025-07-31,completed,paypal
1549,523,2025-07-18,cancelled,credit_card
1550,523,2025-08-17,completed,credit_card
1551,523,2025-10-14,completed,debit_card
1552,524,2025-07-18,refunded,credit_card
1553,524,2025-07-30,completed,credit_card
1554,524,2025-08-11,completed,credit_card
1555,524,2025-09-07,completed,paypal
1556,524,2025-09-18,completed,credit_card
1557,524,2025-10-29,completed,credit_card
1558,525,2025-12-10,completed,debit_card
1559,525,2025-12-11,completed,credit_card
1560,525,2025-12-12,completed,credit_card
1561,525,2025-12-15,completed,credit_card
1562,525,2025-12-18,completed,paypal
1563,525,2025-12-23,completed,paypal
1564,525,2025-12-24,completed,credit_card
1565,525,2025-12-27,refunded,debit_card
1566,526,2025-12-07,completed,debit_card
1567,526,2025-12-17,refunded,paypal
1568,526,2025-12-19,completed,paypal
1569,526,2025-12-20,completed,debit_card
1570,527,2024-08-13,completed,credit_card
1571,527,2024-09-08,completed,upi
1572,527,2024-10-21,completed,paypal
1573,527,2025-02-26,completed,credit_card
1574,527,2025-03-24,completed,paypal
1575,527,2025-07-17,completed,paypal
1576,527,2025-08-27,completed,credit_card
1577,527,2025-11-01,completed,credit_card
1578,527,2025-12-20,completed,paypal
1579,528,2025-06-01,refunded,credit_card
1580,529,2025-08-11,completed,credit_card
1581,529,2025-11-13,completed,credit_card
1582,530,2024-07-01,completed,paypal
1583,530,2025-05-28,completed,paypal
1584,531,2025-11-28,refunded,credit_card
1585,531,2025-12-05,completed,credit_card
1586,531,2025-12-28,completed,credit_card
1587,531,2025-12-30,completed,credit_card
1588,532,2024-12-28,completed,credit_card
1589,532,2024-12-31,completed,debit_card
1590,532,2025-06-10,completed,paypal
1591,532,2025-06-28,completed,credit_card
1592,533,2025-11-16,completed,credit_card
1593,533,2025-12-10,completed,paypal
1594,534,2024-12-25,completed,credit_card
1595,534,2025-06-03,completed,debit_card
1596,534,2025-08-03,completed,upi
1597,535,2025-12-16,refunded,credit_card
1598,535,2025-12-29,completed,paypal
1599,536,2024-08-15,refunded,debit_card
1600,536,2024-09-06,completed,credit_card
1601,536,2024-09-16,completed,paypal
1602,537,2025-01-16,completed,debit_card
1603,537,2025-02-13,completed,debit_card
1604,537,2025-04-26,completed,debit_card
1605,537,2025-05-10,completed,paypal
1606,537,2025-05-14,completed,paypal
1607,537,2025-08-16,completed,paypal
1608,537,2025-11-25,completed,credit_card
1609,537,2025-12-15,completed,credit_card
1610,538,2025-06-14,completed,debit_card
1611,538,2025-10-10,completed,credit_card
1612,539,2024-12-02,completed,credit_card
1613,539,2025-01-22,completed,debit_card
1614,540,2025-12-14,completed,credit_card
1615,540,2025-12-17,completed,credit_card
1616,541,2025-05-05,completed,paypal
1617,541,2025-05-10,completed,credit_card
1618,541,2025-11-13,completed,credit_card
1619,541,2025-12-30,completed,upi
1620,542,2025-05-13,completed,paypal
1621,542,2025-10-10,completed,credit_card
1622,543,2025-09-06,completed,paypal
1623,544,2025-12-25,completed,credit_card
1624,544,2025-12-30,completed,credit_card
1625,545,2025-06-30,completed,paypal
1626,545,2025-12-21,completed,credit_card
1627,546,2025-10-14,completed,credit_card
1628,546,2025-10-24,completed,credit_card
1629,547,2025-07-11,completed,credit_card
1630,548,2024-08-12,completed,debit_card
1631,548,2025-11-13,completed,paypal
1632,549,2025-07-01,completed,credit_card
1633,549,2025-12-27,completed,credit_card
1634,549,2025-12-28,completed,paypal
1635,550,2025-12-19,completed,paypal
1636,551,2025-04-21,completed,credit_card
1637,551,2025-10-19,completed,paypal
1638,551,2025-12-07,completed,debit_card
1639,551,2025-12-12,completed,paypal
1640,552,2025-11-26,completed,debit_card
1641,552,2025-11-27,completed,credit_card
1642,552,2025-12-02,completed,debit_card
1643,552,2025-12-04,completed,credit_card
1644,552,2025-12-05,completed,debit_card
1645,552,2025-12-07,refunded,credit_card
1646,552,2025-12-09,completed,debit_card
1647,552,2025-12-10,completed,paypal
1648,553,2024-11-30,cancelled,credit_card
1649,553,2025-01-22,completed,credit_card
1650,553,2025-08-22,completed,debit_card
1651,553,2025-08-24,completed,upi
1652,554,2025-11-22,completed,credit_card
1653,554,2025-12-10,completed,credit_card
1654,554,2025-12-25,completed,credit_card
1655,554,2025-12-26,completed,paypal
1656,554,2025-12-31,completed,paypal
1657,555,2025-09-10,completed,credit_card
1658,555,2025-12-16,completed,paypal
1659,556,2025-04-20,completed,credit_card
1660,556,2025-07-07,completed,debit_card
1661,556,2025-08-01,completed,credit_card
1662,556,2025-08-19,completed,paypal
1663,556,2025-10-10,completed,debit_card
1664,557,2025-05-19,completed,paypal
1665,557,2025-07-30,completed,paypal
1666,558,2025-10-11,completed,debit_card
1667,558,2025-11-29,completed,credit_card
1668,559,2025-11-24,completed,debit_card
1669,559,2025-11-29,refunded,debit_card
1670,560,2025-07-13,completed,paypal
1671,560,2025-09-16,completed,paypal
1672,561,2025-02-24,completed,credit_card
1673,562,2025-03-22,completed,debit_card
1674,562,2025-06-05,completed,credit_card
1675,563,2025-07-01,completed,credit_card
1676,563,2025-08-11,completed,credit_card
1677,564,2025-11-06,refunded,paypal
1678,564,2025-12-17,completed,credit_card
1679,565,2025-09-29,completed,credit_card
1680,565,2025-10-19,completed,paypal
1681,565,2025-10-20,completed,credit_card
1682,565,2025-11-24,completed,credit_card
1683,565,2025-11-26,refunded,paypal
1684,565,2025-12-15,completed,credit_card
1685,565,2025-12-24,completed,paypal
1686,566,2025-11-24,completed,paypal
1687,566,2025-11-26,completed,paypal
1688,566,2025-11-27,completed,debit_card
1689,566,2025-12-24,completed,credit_card
1690,566,2025-12-29,completed,paypal
1691,567,2024-12-17,completed,credit_card
1692,567,2025-04-22,completed,credit_card
1693,567,2025-04-23,completed,debit_card
1694,567,2025-11-26,completed,paypal
1695,568,2025-07-19,completed,paypal
1696,568,2025-08-13,completed,debit_card
1697,568,2025-12-14,completed,credit_card
1698,569,2025-07-10,refunded,upi
1699,569,2025-07-16,completed,debit_card
1700,569,2025-11-29,completed,paypal
1701,570,2025-04-23,completed,credit_card
1702,570,2025-05-23,cancelled,credit_card
1703,570,2025-06-07,completed,debit_card
1704,570,2025-07-22,completed,upi
1705,570,2025-07-26,completed,credit_card
1706,570,2025-07-29,completed,credit_card
1707,570,2025-07-31,completed,credit_card
1708,570,2025-08-14,completed,paypal
1709,570,2025-08-15,completed,paypal
1710,570,2025-12-25,completed,credit_card
1711,571,2025-11-29,completed,paypal
1712,572,2025-07-11,completed,credit_card
1713,572,2025-12-03,completed,paypal
1714,573,2025-07-13,completed,paypal
1715,573,2025-11-29,completed,paypal
1716,573,2025-12-22,completed,upi
1717,574,2025-09-17,completed,credit_card
1718,575,2025-01-13,completed,credit_card
1719,575,2025-08-13,completed,paypal
1720,575,2025-10-23,refunded,upi
1721,575,2025-10-24,completed,paypal
1722,576,2025-11-24,completed,upi
1723,576,2025-11-26,cancelled,paypal
1724,576,2025-12-17,completed,debit_card
1725,577,2024-06-27,completed,credit_card
1726,578,2025-07-18,completed,paypal
1727,578,2025-10-31,completed,credit_card
1728,579,2025-07-26,refunded,credit_card
1729,579,2025-09-26,completed,paypal
1730,580,2025-11-13,completed,paypal
1731,581,2025-10-12,completed,credit_card
1732,581,2025-10-15,completed,paypal
1733,581,2025-10-24,completed,debit_card
1734,581,2025-11-03,completed,paypal
1735,581,2025-11-17,completed,credit_card
1736,581,2025-11-18,completed,debit_card
1737,581,2025-12-13,completed,paypal
1738,581,2025-12-22,completed,debit_card
1739,582,2025-11-02,cancelled,paypal
1740,582,2025-11-24,completed,credit_card
1741,582,2025-12-18,completed,paypal
1742,583,2025-02-05,completed,upi
1743,583,2025-02-16,completed,paypal
1744,583,2025-03-03,completed,credit_card
1745,583,2025-03-18,completed,credit_card
1746,583,2025-04-28,completed,paypal
1747,583,2025-05-28,completed,debit_card
1748,583,2025-08-06,completed,credit_card
1749,583,2025-08-19,completed,debit_card
1750,583,2025-08-25,completed,debit_card
1751,583,2025-09-04,completed,debit_card
1752,584,2024-04-20,cancelled,credit_card
1753,584,2024-10-02,completed,paypal
1754,584,2024-10-13,cancelled,paypal
1755,584,2024-10-20,completed,credit_card
1756,584,2024-12-25,completed,credit_card
1757,584,2025-02-02,cancelled,debit_card
1758,584,2025-03-17,completed,upi
1759,584,2025-11-08,completed,credit_card
1760,584,2025-12-22,completed,credit_card
1761,585,2025-04-04,completed,paypal
1762,585,2025-10-26,completed,credit_card
1763,586,2025-11-25,completed,credit_card
1764,586,2025-12-15,cancelled,debit_card
1765,587,2025-02-16,cancelled,credit_card
1766,588,2025-04-20,completed,debit_card
1767,589,2024-07-29,completed,credit_card
1768,589,2025-04-03,completed,credit_card
1769,590,2025-01-27,completed,credit_card
1770,590,2025-06-27,completed,credit_card
1771,591,2024-10-26,completed,debit_card
1772,591,2024-12-29,completed,credit_card
1773,592,2025-09-26,completed,credit_card
1774,592,2025-10-06,completed,paypal
1775,593,2025-01-19,completed,paypal
1776,594,2025-05-17,completed,credit_card
1777,594,2025-06-01,completed,paypal
1778,594,2025-07-01,completed,paypal
1779,594,2025-07-19,completed,paypal
1780,594,2025-08-29,completed,paypal
1781,594,2025-10-19,completed,debit_card
1782,594,2025-10-26,completed,credit_card
1783,595,2025-11-08,completed,debit_card
1784,595,2025-11-21,completed,paypal
1785,595,2025-12-14,completed,debit_card
1786,595,2025-12-17,completed,paypal
1787,596,2024-07-14,completed,upi
1788,596,2024-10-28,completed,credit_card
1789,596,2025-01-12,completed,paypal
1790,596,2025-03-27,completed,paypal
1791,596,2025-12-05,completed,debit_card
1792,596,2025-12-30,completed,debit_card
1793,597,2025-06-19,completed,credit_card
1794,598,2025-05-18,completed,debit_card
1795,598,2025-10-19,completed,credit_card
1796,599,2025-11-29,refunded,credit_card
1797,599,2025-12-16,completed,paypal
1798,600,2025-10-07,completed,paypal
1799,600,2025-12-28,completed,paypal
1800,601,2024-10-10,completed,paypal
1801,602,2025-12-26,completed,paypal
1802,602,2025-12-31,completed,credit_card
1803,603,2025-11-13,completed,credit_card
1804,604,2025-06-06,completed,credit_card
1805,605,2025-12-04,refunded,upi
1806,606,2024-11-05,completed,credit_card
1807,606,2024-11-22,completed,debit_card
1808,606,2024-11-30,completed,credit_card
1809,606,2024-12-21,completed,debit_card
1810,606,2025-02-21,completed,credit_card
1811,606,2025-04-21,completed,credit_card
1812,606,2025-05-31,completed,debit_card
1813,606,2025-08-21,completed,credit_card
1814,606,2025-09-09,completed,debit_card
1815,606,2025-11-18,completed,paypal
1816,607,2024-09-02,completed,credit_card
1817,607,2025-11-05,completed,credit_card
1818,608,2025-11-06,completed,paypal
1819,608,2025-11-11,refunded,credit_card
1820,608,2025-11-29,completed,credit_card
1821,608,2025-12-02,completed,upi
1822,608,2025-12-05,completed,paypal
1823,608,2025-12-09,completed,credit_card
1824,608,2025-12-24,completed,credit_card
1825,608,2025-12-29,completed,upi
1826,608,2025-12-30,completed,credit_card
1827,609,2025-12-15,completed,credit_card
1828,609,2025-12-20,completed,credit_card
1829,609,2025-12-27,completed,paypal
1830,609,2025-12-29,completed,upi
1831,609,2025-12-31,completed,paypal
1832,610,2025-02-15,completed,credit_card
1833,611,2024-04-23,completed,credit_card
1834,611,2024-11-29,completed,credit_card
1835,612,2025-04-04,completed,credit_card
1836,613,2025-02-05,completed,credit_card
1837,613,2025-08-06,completed,credit_card
1838,614,2024-08-30,completed,credit_card
1839,615,2025-12-15,completed,credit_card
1840,615,2025-12-23,completed,credit_card
1841,615,2025-12-29,completed,credit_card
1842,616,2025-07-19,completed,credit_card
1843,616,2025-07-31,completed,paypal
1844,616,2025-11-26,refunded,credit_card
1845,616,2025-12-28,completed,credit_card
1846,617,2025-07-25,completed,paypal
1847,617,2025-12-31,completed,credit_card
1848,618,2025-03-14,completed,credit_card
1849,618,2025-05-26,cancelled,paypal
1850,619,2025-08-14,refunded,credit_card
1851,619,2025-08-24,completed,paypal
1852,619,2025-08-28,completed,debit_card
1853,619,2025-09-08,refunded,debit_card
1854,619,2025-10-22,completed,credit_card
1855,619,2025-11-02,completed,upi
1856,619,2025-12-09,completed,debit_card
1857,619,2025-12-10,completed,paypal
1858,620,2025-09-20,cancelled,credit_card
1859,621,2024-05-08,completed,credit_card
1860,622,2025-09-12,completed,credit_card
1861,623,2024-10-22,completed,debit_card
1862,623,2025-01-07,refunded,credit_card
1863,623,2025-01-25,completed,upi
1864,623,2025-05-06,completed,credit_card
1865,623,2025-06-09,completed,paypal
1866,623,2025-07-25,completed,upi
1867,623,2025-08-31,completed,paypal
1868,623,2025-11-12,completed,paypal
1869,623,2025-11-25,completed,debit_card
1870,624,2025-05-19,completed,paypal
1871,624,2025-06-08,refunded,debit_card
1872,624,2025-10-23,completed,credit_card
1873,624,2025-11-02,completed,credit_card
1874,624,2025-12-01,completed,credit_card
1875,624,2025-12-16,completed,debit_card
1876,625,2025-12-27,completed,upi
1877,626,2025-07-02,completed,paypal
1878,626,2025-07-06,completed,credit_card
1879,626,2025-07-15,completed,credit_card
1880,626,2025-07-23,completed,debit_card
1881,626,2025-08-19,completed,debit_card
1882,626,2025-08-28,completed,credit_card
1883,626,2025-11-27,completed,credit_card
1884,626,2025-12-02,completed,credit_card
1885,627,2025-08-07,completed,credit_card
1886,627,2025-08-08,completed,upi
1887,627,2025-09-20,completed,debit_card
1888,627,2025-09-24,completed,upi
1889,627,2025-09-27,completed,paypal
1890,627,2025-11-06,completed,debit_card
1891,627,2025-11-16,completed,credit_card
1892,627,2025-12-12,completed,debit_card
1893,627,2025-12-27,completed,credit_card
1894,628,2025-09-19,completed,paypal
1895,629,2025-03-20,completed,upi
1896,629,2025-11-30,completed,credit_card
1897,630,2025-07-29,completed,debit_card
1898,630,2025-09-10,completed,paypal
1899,631,2025-10-08,completed,credit_card
1900,631,2025-12-13,completed,paypal
1901,632,2025-06-16,completed,upi
1902,632,2025-08-10,completed,upi
1903,632,2025-08-16,completed,upi
1904,632,2025-09-14,completed,credit_card
1905,632,2025-10-21,completed,credit_card
1906,633,2025-04-06,completed,paypal
1907,633,2025-06-10,completed,paypal
1908,633,2025-10-17,completed,paypal
1909,633,2025-11-21,completed,debit_card
1910,633,2025-12-22,completed,paypal
1911,634,2025-10-21,completed,credit_card
1912,634,2025-11-27,completed,credit_card
1913,634,2025-12-27,completed,credit_card
1914,635,2025-10-28,completed,paypal
1915,635,2025-11-01,completed,credit_card
1916,636,2024-12-17,completed,debit_card
1917,636,2025-04-15,completed,credit_card
1918,636,2025-07-02,completed,credit_card
1919,636,2025-12-14,refunded,credit_card
1920,637,2025-06-28,refunded,paypal
1921,637,2025-07-02,completed,credit_card
1922,637,2025-07-17,completed,credit_card
1923,637,2025-12-05,completed,paypal
1924,638,2025-11-29,cancelled,paypal
1925,639,2025-07-07,completed,credit_card
1926,640,2024-11-18,completed,credit_card
1927,640,2024-12-24,completed,upi
1928,640,2025-01-13,completed,credit_card
1929,640,2025-01-19,completed,paypal
1930,640,2025-03-28,completed,debit_card
1931,640,2025-04-12,completed,paypal
1932,640,2025-06-09,completed,credit_card
1933,640,2025-06-23,completed,credit_card
1934,641,2025-10-25,completed,paypal
1935,641,2025-12-11,completed,credit_card
1936,642,2024-11-06,completed,credit_card
1937,642,2024-11-27,completed,debit_card
1938,642,2025-01-16,completed,credit_card
1939,642,2025-02-25,completed,debit_card
1940,642,2025-07-12,completed,credit_card
1941,642,2025-10-16,completed,debit_card
1942,642,2025-12-09,refunded,credit_card
1943,643,2025-11-19,completed,upi
1944,643,2025-12-07,refunded,paypal
1945,644,2025-05-30,completed,credit_card
1946,644,2025-12-21,completed,paypal
1947,645,2025-12-18,completed,credit_card
1948,646,2024-12-17,completed,debit_card
1949,646,2025-02-19,completed,debit_card
1950,646,2025-05-05,completed,debit_card
1951,646,2025-11-21,completed,credit_card
1952,646,2025-12-10,refunded,credit_card
1953,647,2024-10-16,completed,paypal
1954,647,2025-01-14,completed,credit_card
1955,647,2025-01-25,completed,credit_card
1956,648,2025-11-27,completed,credit_card
1957,649,2025-11-29,completed,upi
1958,651,2025-02-19,cancelled,credit_card
1959,651,2025-07-29,completed,credit_card
1960,652,2025-01-20,completed,debit_card
1961,652,2025-03-11,refunded,credit_card
1962,652,2025-09-30,completed,credit_card
1963,653,2025-03-12,cancelled,credit_card
1964,653,2025-04-07,completed,paypal
1965,653,2025-07-06,completed,credit_card
1966,653,2025-09-03,refunded,credit_card
1967,654,2025-06-12,completed,credit_card
1968,654,2025-08-29,completed,paypal
1969,655,2025-01-13,completed,credit_card
1970,655,2025-03-08,completed,credit_card
1971,655,2025-05-03,completed,debit_card
1972,655,2025-05-06,completed,credit_card
1973,655,2025-06-01,completed,credit_card
1974,655,2025-07-20,completed,paypal
1975,655,2025-07-22,completed,credit_card
1976,655,2025-11-28,completed,debit_card
1977,655,2025-12-18,cancelled,credit_card
1978,656,2025-07-19,completed,debit_card
1979,656,2025-11-29,refunded,credit_card
1980,657,2024-08-20,completed,credit_card
1981,658,2025-02-13,completed,credit_card
1982,658,2025-12-09,completed,paypal
1983,659,2024-11-07,completed,debit_card
1984,659,2025-04-02,completed,credit_card
1985,660,2024-12-20,completed,credit_card
1986,660,2025-02-09,cancelled,paypal
1987,661,2025-06-02,completed,debit_card
1988,661,2025-06-08,completed,upi
1989,661,2025-07-19,completed,paypal
1990,661,2025-10-05,completed,credit_card
1991,661,2025-10-10,completed,debit_card
1992,661,2025-11-05,completed,credit_card
1993,661,2025-11-15,completed,upi
1994,661,2025-12-29,completed,paypal
1995,662,2025-12-17,completed,debit_card
1996,662,2025-12-23,completed,credit_card
1997,662,2025-12-26,completed,credit_card
1998,662,2025-12-30,completed,credit_card
1999,663,2025-12-17,completed,credit_card
2000,664,2025-12-26,completed,credit_card
2001,664,2025-12-29,completed,debit_card
2002,665,2025-05-03,completed,credit_card
2003,666,2024-05-22,completed,credit_card
2004,667,2025-03-04,completed,credit_card
2005,668,2025-05-03,completed,credit_card
2006,668,2025-06-20,completed,credit_card
2007,669,2025-12-02,completed,credit_card
2008,670,2025-07-12,completed,credit_card
2009,671,2025-08-30,completed,debit_card
2010,672,2025-03-05,completed,credit_card
2011,672,2025-03-10,completed,credit_card
2012,672,2025-04-01,completed,debit_card
2013,672,2025-09-09,completed,debit_card
2014,672,2025-09-28,completed,credit_card
2015,672,2025-11-04,completed,credit_card
2016,672,2025-11-06,completed,credit_card
2017,672,2025-11-29,completed,upi
2018,672,2025-12-09,completed,upi
2019,673,2024-03-22,cancelled,debit_card
2020,674,2024-08-17,completed,paypal
2021,674,2025-05-08,completed,credit_card
2022,674,2025-05-20,completed,paypal
2023,674,2025-10-14,completed,credit_card
2024,674,2025-12-27,completed,paypal
2025,675,2025-04-25,completed,credit_card
2026,675,2025-04-30,refunded,paypal
2027,675,2025-05-22,completed,paypal
2028,675,2025-11-30,completed,credit_card
2029,676,2025-05-12,completed,credit_card
2030,676,2025-12-17,completed,upi
2031,677,2025-10-29,completed,credit_card
2032,677,2025-11-20,completed,credit_card
2033,678,2025-12-16,completed,credit_card
2034,678,2025-12-17,completed,upi
2035,678,2025-12-21,completed,debit_card
2036,678,2025-12-23,completed,paypal
2037,678,2025-12-25,completed,paypal
2038,678,2025-12-26,completed,paypal
2039,678,2025-12-29,completed,credit_card
2040,678,2025-12-30,completed,credit_card
2041,679,2024-04-13,completed,credit_card
2042,679,2025-11-21,completed,debit_card
2043,679,2025-12-22,completed,credit_card
2044,680,2025-09-05,completed,paypal
2045,680,2025-11-24,completed,credit_card
2046,681,2025-01-29,completed,credit_card
2047,681,2025-02-22,completed,upi
2048,681,2025-03-08,completed,paypal
2049,681,2025-04-22,completed,credit_card
2050,681,2025-08-06,completed,credit_card
2051,681,2025-09-25,completed,credit_card
2052,681,2025-11-03,completed,credit_card
2053,681,2025-12-17,completed,paypal
2054,682,2025-08-23,cancelled,credit_card
2055,682,2025-12-06,completed,paypal
2056,683,2024-04-14,completed,paypal
2057,683,2025-08-09,completed,credit_card
2058,684,2025-04-23,completed,credit_card
2059,685,2025-08-19,refunded,credit_card
2060,685,2025-10-22,completed,debit_card
2061,686,2025-02-27,completed,paypal
2062,686,2025-03-14,completed,upi
2063,686,2025-06-22,completed,paypal
2064,686,2025-06-27,completed,upi
2065,687,2025-03-14,completed,credit_card
2066,687,2025-03-22,completed,credit_card
2067,687,2025-06-05,completed,paypal
2068,687,2025-08-14,completed,credit_card
2069,687,2025-12-19,completed,credit_card
2070,688,2025-12-03,completed,paypal
2071,689,2025-10-23,completed,credit_card
2072,690,2025-10-18,completed,debit_card
2073,691,2024-12-15,refunded,paypal
2074,691,2025-05-29,completed,credit_card
2075,691,2025-05-31,completed,debit_card
2076,691,2025-10-15,completed,credit_card
2077,692,2025-06-19,completed,credit_card
2078,692,2025-08-07,completed,credit_card
2079,692,2025-08-21,completed,debit_card
2080,692,2025-09-30,refunded,paypal
2081,692,2025-11-04,completed,credit_card
2082,692,2025-11-20,completed,credit_card
2083,692,2025-11-24,completed,credit_card
2084,692,2025-12-30,completed,credit_card
2085,693,2025-04-26,completed,credit_card
2086,694,2024-11-03,completed,upi
2087,694,2024-11-26,completed,paypal
2088,695,2025-04-30,completed,upi
2089,695,2025-07-19,completed,debit_card
2090,696,2025-10-14,completed,credit_card
2091,696,2025-11-25,completed,paypal
2092,697,2024-03-01,completed,credit_card
2093,697,2024-12-30,completed,paypal
2094,698,2025-05-30,completed,paypal
2095,698,2025-09-21,completed,debit_card
2096,698,2025-10-12,completed,debit_card
2097,699,2025-06-21,completed,debit_card
2098,699,2025-09-20,completed,credit_card
2099,700,2025-11-21,completed,credit_card
2100,700,2025-11-27,completed,paypal
2101,700,2025-12-04,completed,credit_card
2102,700,2025-12-10,completed,upi
2103,700,2025-12-23,completed,paypal
2104,700,2025-12-25,completed,paypal
2105,700,2025-12-28,completed,credit_card
2106,700,2025-12-29,completed,paypal
2107,701,2025-12-01,completed,credit_card
2108,701,2025-12-02,completed,debit_card
2109,702,2025-05-08,completed,paypal
2110,702,2025-09-01,completed,credit_card
2111,703,2024-10-06,completed,paypal
2112,703,2025-05-09,completed,debit_card
2113,703,2025-06-23,completed,debit_card
2114,703,2025-07-22,completed,paypal
2115,704,2025-04-25,completed,credit_card
2116,705,2025-05-14,completed,paypal
2117,705,2025-08-09,completed,upi
2118,706,2025-10-11,completed,credit_card
2119,706,2025-10-13,completed,debit_card
2120,706,2025-10-16,completed,credit_card
2121,707,2025-10-19,completed,credit_card
2122,707,2025-10-23,completed,paypal
2123,707,2025-11-09,completed,upi
2124,707,2025-11-20,completed,credit_card
2125,708,2024-02-24,completed,upi
2126,708,2024-04-29,completed,credit_card
2127,708,2024-05-03,completed,paypal
2128,708,2024-05-13,completed,paypal
2129,708,2025-01-25,cancelled,paypal
2130,708,2025-08-18,completed,credit_card
2131,708,2025-10-01,completed,debit_card
2132,708,2025-10-02,completed,credit_card
2133,709,2025-02-14,completed,credit_card
2134,709,2025-08-24,completed,credit_card
2135,710,2025-10-18,completed,upi
2136,710,2025-10-21,completed,upi
2137,711,2025-12-22,completed,paypal
2138,712,2025-12-13,completed,paypal
2139,712,2025-12-16,completed,credit_card
2140,713,2024-06-19,completed,credit_card
2141,713,2024-07-20,completed,debit_card
2142,713,2025-02-21,completed,credit_card
2143,713,2025-12-30,completed,paypal
2144,714,2024-05-30,completed,paypal
2145,714,2024-08-23,completed,debit_card
2146,714,2024-09-14,completed,credit_card
2147,714,2024-12-26,completed,upi
2148,714,2025-01-29,completed,credit_card
2149,714,2025-08-13,completed,credit_card
2150,715,2025-10-30,completed,paypal
2151,715,2025-11-21,completed,upi
2152,715,2025-11-22,completed,paypal
2153,715,2025-11-25,completed,credit_card
2154,715,2025-11-28,completed,paypal
2155,715,2025-12-06,completed,debit_card
2156,715,2025-12-13,completed,upi
2157,715,2025-12-21,completed,debit_card
2158,716,2025-05-08,cancelled,credit_card
2159,716,2025-05-23,completed,credit_card
2160,716,2025-06-23,completed,paypal
2161,716,2025-11-04,completed,upi
2162,717,2024-05-25,completed,paypal
2163,717,2025-04-21,completed,upi
2164,717,2025-04-24,completed,upi
2165,717,2025-06-12,completed,debit_card
2166,717,2025-06-28,completed,credit_card
2167,717,2025-08-12,completed,paypal
2168,718,2025-06-26,completed,credit_card
2169,718,2025-09-18,completed,upi
2170,718,2025-11-24,completed,credit_card
2171,719,2025-01-27,completed,credit_card
2172,719,2025-11-08,completed,debit_card
2173,720,2024-08-21,completed,credit_card
2174,720,2025-04-04,completed,paypal
2175,721,2025-02-20,completed,paypal
2176,721,2025-09-14,completed,paypal
2177,721,2025-10-05,completed,upi
2178,722,2025-05-28,completed,paypal
2179,722,2025-11-14,completed,paypal
2180,723,2025-04-24,completed,credit_card
2181,723,2025-06-12,completed,paypal
2182,724,2024-11-29,completed,paypal
2183,724,2025-08-13,completed,paypal
2184,725,2025-04-24,completed,credit_card
2185,725,2025-07-12,completed,credit_card
2186,725,2025-07-22,completed,credit_card
2187,725,2025-07-27,completed,credit_card
2188,725,2025-12-03,completed,paypal
2189,726,2025-01-05,completed,debit_card
2190,726,2025-02-10,completed,paypal
2191,726,2025-04-29,completed,credit_card
2192,726,2025-05-05,completed,paypal
2193,726,2025-06-28,completed,paypal
2194,726,2025-08-13,refunded,credit_card
2195,726,2025-10-21,completed,credit_card
2196,726,2025-11-10,completed,paypal
2197,726,2025-11-20,completed,credit_card
2198,727,2025-04-20,refunded,debit_card
2199,728,2025-08-28,completed,credit_card
2200,729,2024-11-18,completed,credit_card
2201,729,2025-05-29,completed,paypal
2202,730,2025-09-29,completed,credit_card
2203,730,2025-12-31,cancelled,paypal
2204,731,2024-10-04,refunded,credit_card
2205,731,2025-06-21,completed,paypal
2206,732,2024-06-20,completed,credit_card
2207,732,2024-07-14,completed,paypal
2208,732,2024-09-11,completed,paypal
2209,732,2024-12-04,completed,credit_card
2210,732,2025-03-23,completed,credit_card
2211,732,2025-09-25,completed,upi
2212,732,2025-11-23,completed,debit_card
2213,733,2025-09-18,completed,credit_card
2214,734,2024-01-31,completed,credit_card
2215,734,2024-05-08,completed,debit_card
2216,734,2024-12-25,completed,paypal
2217,734,2025-04-05,completed,upi
2218,735,2025-09-01,completed,credit_card
2219,735,2025-09-11,completed,debit_card
2220,735,2025-11-14,cancelled,credit_card
2221,736,2025-03-13,completed,debit_card
2222,736,2025-03-30,completed,credit_card
2223,736,2025-05-25,completed,upi
2224,736,2025-06-12,completed,debit_card
2225,736,2025-10-18,completed,debit_card
2226,737,2025-01-06,completed,paypal
2227,737,2025-02-06,completed,debit_card
2228,737,2025-02-16,completed,credit_card
2229,737,2025-02-22,completed,credit_card
2230,737,2025-03-07,completed,paypal
2231,737,2025-03-12,completed,paypal
2232,737,2025-05-25,cancelled,credit_card
2233,737,2025-06-19,completed,credit_card
2234,737,2025-07-25,completed,credit_card
2235,737,2025-08-29,refunded,debit_card
2236,738,2024-12-01,refunded,upi
2237,738,2025-01-24,completed,credit_card
2238,738,2025-02-09,completed,paypal
2239,738,2025-04-08,completed,credit_card
2240,738,2025-04-22,completed,paypal
2241,738,2025-05-11,completed,paypal
2242,738,2025-09-23,completed,paypal
2243,739,2025-11-09,completed,debit_card
2244,739,2025-11-17,completed,credit_card
2245,739,2025-11-25,completed,paypal
2246,739,2025-12-11,completed,paypal
2247,739,2025-12-13,completed,debit_card
2248,739,2025-12-27,completed,paypal
2249,739,2025-12-29,completed,credit_card
2250,740,2024-04-26,completed,credit_card
2251,740,2024-07-07,completed,paypal
2252,740,2025-01-13,completed,credit_card
2253,741,2025-11-20,completed,credit_card
2254,741,2025-12-23,completed,credit_card
2255,742,2024-07-29,completed,upi
2256,742,2024-10-18,completed,paypal
2257,742,2025-07-24,completed,paypal
2258,743,2025-08-20,completed,credit_card
2259,744,2025-02-27,completed,debit_card
2260,744,2025-06-24,completed,credit_card
2261,745,2025-03-18,completed,paypal
2262,745,2025-11-09,completed,paypal
2263,746,2024-02-20,completed,credit_card
2264,746,2024-07-28,completed,upi
2265,746,2024-07-30,completed,credit_card
2266,746,2025-03-02,completed,credit_card
2267,746,2025-04-08,completed,credit_card
2268,746,2025-10-27,completed,paypal
2269,746,2025-11-07,completed,paypal
2270,746,2025-11-25,completed,credit_card
2271,747,2025-11-25,completed,paypal
2272,748,2024-06-10,completed,credit_card
2273,748,2025-01-02,completed,debit_card
2274,748,2025-01-11,completed,paypal
2275,748,2025-07-09,completed,debit_card
2276,748,2025-08-19,refunded,credit_card
2277,749,2025-08-28,completed,debit_card
2278,749,2025-09-22,completed,paypal
2279,749,2025-10-21,completed,paypal
2280,750,2025-12-22,refunded,upi
2281,751,2025-11-20,completed,credit_card
2282,752,2025-12-07,completed,credit_card
2283,752,2025-12-10,completed,debit_card
2284,753,2025-08-09,completed,credit_card
2285,754,2025-10-07,completed,debit_card
2286,754,2025-12-04,completed,paypal
2287,754,2025-12-14,completed,debit_card
2288,755,2025-02-26,completed,credit_card
2289,755,2025-06-13,completed,credit_card
2290,756,2025-05-21,cancelled,paypal
2291,756,2025-09-19,refunded,credit_card
2292,757,2025-12-23,completed,debit_card
2293,757,2025-12-25,completed,upi
2294,758,2024-12-17,completed,credit_card
2295,758,2025-08-30,completed,debit_card
2296,758,2025-09-16,completed,credit_card
2297,758,2025-11-03,completed,credit_card
2298,758,2025-11-10,completed,paypal
2299,759,2025-02-25,completed,credit_card
2300,759,2025-03-22,completed,credit_card
2301,759,2025-06-22,completed,debit_card
2302,759,2025-11-11,refunded,credit_card
2303,759,2025-11-23,completed,debit_card
2304,759,2025-12-23,completed,credit_card
2305,760,2025-02-20,refunded,credit_card
2306,761,2025-09-27,completed,credit_card
2307,761,2025-10-06,completed,credit_card
2308,762,2025-10-01,completed,credit_card
2309,762,2025-10-02,completed,debit_card
2310,762,2025-11-02,completed,debit_card
2311,762,2025-11-06,completed,debit_card
2312,762,2025-11-18,completed,paypal
2313,762,2025-11-29,refunded,paypal
2314,762,2025-12-11,completed,paypal
2315,763,2024-11-04,completed,paypal
2316,763,2025-07-05,completed,credit_card
2317,764,2024-12-11,completed,debit_card
2318,764,2025-12-19,completed,upi
2319,765,2025-07-23,completed,paypal
2320,766,2024-09-11,completed,debit_card
2321,766,2024-10-29,refunded,credit_card
2322,766,2025-03-09,completed,credit_card
2323,767,2025-08-29,completed,debit_card
2324,767,2025-11-15,completed,credit_card
2325,768,2024-06-15,completed,credit_card
2326,768,2025-06-07,completed,debit_card
2327,769,2025-05-31,completed,debit_card
2328,769,2025-07-27,completed,credit_card
2329,769,2025-08-01,completed,paypal
2330,769,2025-08-30,completed,debit_card
2331,769,2025-10-16,completed,paypal
2332,770,2025-08-20,completed,debit_card
2333,770,2025-09-03,completed,debit_card
2334,770,2025-09-24,completed,debit_card
2335,770,2025-10-08,completed,paypal
2336,770,2025-10-26,completed,debit_card
2337,770,2025-11-27,completed,credit_card
2338,770,2025-12-04,completed,debit_card
2339,770,2025-12-16,completed,upi
2340,771,2025-12-12,completed,paypal
2341,772,2025-04-16,completed,credit_card
2342,772,2025-06-16,refunded,credit_card
2343,772,2025-09-11,completed,credit_card
2344,772,2025-10-22,completed,credit_card
2345,772,2025-11-05,completed,upi
2346,773,2025-10-30,completed,credit_card
2347,773,2025-11-19,completed,paypal
2348,774,2024-11-16,completed,debit_card
2349,774,2025-04-23,completed,paypal
2350,774,2025-08-02,completed,upi
2351,775,2025-06-13,completed,credit_card
2352,776,2025-10-23,completed,paypal
2353,777,2025-12-29,completed,credit_card
2354,778,2025-11-12,completed,credit_card
2355,779,2025-04-24,completed,paypal
2356,780,2024-07-13,completed,paypal
2357,780,2025-04-06,completed,debit_card
2358,781,2025-12-18,completed,credit_card
2359,781,2025-12-22,completed,upi
2360,782,2025-12-25,completed,upi
2361,783,2025-12-24,completed,credit_card
2362,783,2025-12-29,completed,credit_card
2363,784,2025-09-14,completed,credit_card
2364,784,2025-09-24,refunded,debit_card
2365,784,2025-09-28,completed,credit_card
2366,784,2025-10-03,completed,credit_card
2367,784,2025-11-24,completed,upi
2368,784,2025-12-16,completed,credit_card
2369,784,2025-12-19,completed,credit_card
2370,784,2025-12-20,completed,paypal
2371,785,2025-02-15,completed,credit_card
2372,785,2025-10-31,completed,upi
2373,786,2025-10-16,completed,credit_card
2374,786,2025-10-24,completed,credit_card
2375,787,2024-11-12,completed,debit_card
2376,787,2025-07-23,completed,credit_card
2377,787,2025-09-21,completed,paypal
2378,788,2025-01-21,completed,debit_card
2379,788,2025-03-01,completed,debit_card
2380,788,2025-07-20,completed,upi
2381,789,2025-08-01,completed,upi
2382,789,2025-08-02,completed,credit_card
2383,789,2025-08-06,completed,upi
2384,789,2025-09-01,completed,credit_card
2385,789,2025-12-14,completed,credit_card
2386,789,2025-12-26,completed,credit_card
2387,790,2025-07-19,completed,debit_card
2388,790,2025-10-02,completed,debit_card
2389,790,2025-11-20,completed,credit_card
2390,791,2025-12-15,completed,credit_card
2391,792,2025-07-26,completed,credit_card
2392,792,2025-08-15,completed,credit_card
2393,792,2025-12-02,completed,credit_card
2394,793,2024-05-28,completed,upi
2395,793,2024-06-15,completed,credit_card
2396,793,2025-04-28,completed,upi
2397,793,2025-12-20,completed,credit_card
2398,794,2025-09-05,completed,credit_card
2399,794,2025-11-27,completed,debit_card
2400,795,2025-12-06,completed,paypal
2401,795,2025-12-27,completed,credit_card
2402,796,2025-02-01,refunded,credit_card
2403,796,2025-12-26,completed,paypal
2404,797,2025-01-14,completed,upi
2405,797,2025-10-25,completed,debit_card
2406,797,2025-11-24,completed,debit_card
2407,797,2025-12-28,completed,paypal
2408,798,2025-12-05,completed,upi
2409,799,2025-07-11,refunded,debit_card
2410,799,2025-09-03,completed,credit_card
2411,800,2025-01-18,completed,credit_card
2412,800,2025-09-07,completed,credit_card
2413,801,2025-08-12,completed,credit_card
2414,801,2025-09-08,completed,credit_card
2415,802,2025-10-22,completed,paypal
2416,803,2025-10-18,completed,debit_card
2417,803,2025-10-19,completed,credit_card
2418,803,2025-10-25,completed,credit_card
2419,803,2025-11-25,completed,credit_card
2420,804,2025-04-24,completed,credit_card
2421,804,2025-06-18,refunded,upi
2422,805,2025-12-26,completed,credit_card
2423,805,2025-12-27,completed,credit_card
2424,805,2025-12-29,refunded,credit_card
2425,805,2025-12-31,completed,credit_card
2426,806,2024-10-19,cancelled,credit_card
2427,807,2025-05-08,completed,credit_card
2428,807,2025-06-11,completed,credit_card
2429,807,2025-08-09,completed,upi
2430,808,2024-09-22,refunded,debit_card
2431,808,2025-03-13,completed,debit_card
2432,808,2025-07-15,completed,credit_card
2433,809,2025-07-02,completed,paypal
2434,809,2025-09-05,completed,credit_card
2435,809,2025-09-28,completed,debit_card
2436,809,2025-11-26,completed,credit_card
2437,810,2025-12-22,completed,credit_card
2438,811,2025-09-29,completed,paypal
2439,812,2025-09-23,completed,paypal
2440,812,2025-10-20,completed,debit_card
2441,812,2025-11-23,completed,paypal
2442,813,2025-08-08,completed,credit_card
2443,814,2025-09-20,completed,debit_card
2444,814,2025-11-01,completed,paypal
2445,815,2025-04-24,completed,paypal
2446,815,2025-05-22,completed,credit_card
2447,815,2025-07-18,completed,credit_card
2448,815,2025-08-08,completed,credit_card
2449,815,2025-10-16,completed,credit_card
2450,815,2025-10-17,completed,upi
2451,815,2025-11-17,completed,paypal
2452,815,2025-11-28,completed,credit_card
2453,815,2025-12-30,refunded,credit_card
2454,816,2025-04-28,cancelled,credit_card
2455,816,2025-11-22,completed,paypal
2456,817,2025-09-10,completed,paypal
2457,817,2025-10-18,completed,credit_card
2458,818,2024-11-23,completed,upi
2459,818,2025-03-11,completed,credit_card
2460,818,2025-04-08,completed,credit_card
2461,819,2025-02-05,refunded,debit_card
2462,819,2025-06-10,completed,debit_card
2463,820,2024-10-14,completed,credit_card
2464,820,2024-11-21,completed,credit_card
2465,820,2025-08-03,completed,upi
2466,820,2025-08-21,completed,credit_card
2467,821,2024-09-14,cancelled,credit_card
2468,821,2025-12-14,completed,credit_card
2469,822,2025-04-10,refunded,paypal
2470,822,2025-10-17,completed,debit_card
2471,823,2025-05-21,completed,credit_card
2472,823,2025-06-23,completed,credit_card
2473,823,2025-07-27,completed,upi
2474,823,2025-11-03,completed,debit_card
2475,823,2025-11-19,completed,debit_card
2476,824,2024-11-09,completed,credit_card
2477,824,2024-11-17,completed,paypal
2478,824,2025-09-27,completed,debit_card
2479,825,2025-07-19,completed,paypal
2480,825,2025-07-28,completed,debit_card
2481,825,2025-08-08,completed,credit_card
2482,825,2025-10-24,completed,debit_card
2483,825,2025-12-23,completed,credit_card
2484,826,2025-09-11,cancelled,debit_card
2485,826,2025-10-09,refunded,credit_card
2486,826,2025-10-16,completed,debit_card
2487,827,2025-10-18,completed,debit_card
2488,827,2025-11-26,completed,credit_card
2489,827,2025-12-02,completed,credit_card
2490,828,2025-11-17,completed,credit_card
2491,828,2025-11-29,cancelled,credit_card
2492,828,2025-12-05,completed,debit_card
2493,828,2025-12-19,completed,credit_card
2494,828,2025-12-28,completed,paypal
2495,828,2025-12-30,completed,debit_card
2496,829,2025-08-12,cancelled,paypal
2497,830,2025-01-07,completed,paypal
2498,830,2025-02-06,completed,debit_card
2499,830,2025-04-12,completed,credit_card
2500,830,2025-06-26,completed,paypal
2501,830,2025-08-21,completed,paypal
2502,830,2025-11-06,completed,credit_card
2503,831,2025-06-25,completed,credit_card
2504,832,2025-05-25,completed,debit_card
2505,832,2025-08-22,completed,credit_card
2506,832,2025-10-04,completed,debit_card
2507,833,2025-02-04,completed,paypal
2508,833,2025-06-15,completed,credit_card
2509,834,2024-12-29,completed,credit_card
2510,834,2025-07-15,completed,debit_card
2511,835,2025-05-18,completed,credit_card
2512,835,2025-05-19,refunded,debit_card
2513,835,2025-05-25,refunded,paypal
2514,835,2025-06-01,completed,credit_card
2515,835,2025-06-02,completed,credit_card
2516,835,2025-07-09,completed,paypal
2517,835,2025-07-21,completed,paypal
2518,835,2025-10-12,completed,credit_card
2519,835,2025-11-28,completed,upi
2520,836,2025-05-26,completed,upi
2521,836,2025-09-17,completed,paypal
2522,837,2025-02-10,completed,paypal
2523,837,2025-07-23,completed,paypal
2524,837,2025-08-03,completed,paypal
2525,837,2025-12-24,completed,paypal
2526,838,2024-11-01,completed,debit_card
2527,838,2024-11-03,completed,credit_card
2528,838,2024-12-09,completed,paypal
2529,838,2025-01-04,completed,credit_card
2530,838,2025-02-11,completed,credit_card
2531,838,2025-02-27,refunded,upi
2532,838,2025-06-10,completed,credit_card
2533,838,2025-06-24,completed,credit_card
2534,838,2025-08-03,completed,credit_card
2535,838,2025-11-09,refunded,credit_card
2536,839,2025-05-31,completed,debit_card
2537,839,2025-09-15,completed,credit_card
2538,840,2025-08-10,cancelled,paypal
2539,840,2025-09-03,completed,credit_card
2540,841,2025-10-12,completed,credit_card
2541,842,2025-12-23,completed,credit_card
2542,842,2025-12-31,completed,credit_card
2543,843,2025-02-12,completed,paypal
2544,844,2025-11-12,completed,credit_card
2545,845,2025-04-20,completed,credit_card
2546,846,2025-09-01,completed,credit_card
2547,846,2025-12-01,completed,credit_card
2548,847,2024-11-14,completed,credit_card
2549,848,2024-08-16,completed,credit_card
2550,849,2024-11-27,completed,credit_card
2551,850,2025-07-03,completed,paypal
2552,850,2025-08-17,completed,credit_card
2553,850,2025-11-12,completed,credit_card
2554,850,2025-11-15,completed,credit_card
2555,851,2025-08-19,completed,upi
2556,852,2025-09-29,cancelled,debit_card
2557,853,2025-10-03,completed,debit_card
2558,854,2025-12-19,completed,paypal
2559,854,2025-12-22,completed,paypal
2560,855,2025-05-19,completed,credit_card
2561,855,2025-09-14,completed,upi
2562,856,2025-11-02,completed,paypal
2563,856,2025-12-26,refunded,paypal
2564,857,2025-12-30,completed,credit_card
2565,857,2025-12-31,completed,debit_card
2566,858,2025-06-13,completed,paypal
2567,858,2025-06-27,completed,credit_card
2568,858,2025-06-29,cancelled,credit_card
2569,858,2025-07-22,completed,credit_card
2570,858,2025-08-20,completed,upi
2571,858,2025-10-10,completed,credit_card
2572,858,2025-10-11,completed,debit_card
2573,858,2025-12-01,completed,debit_card
2574,858,2025-12-23,completed,debit_card
2575,859,2025-07-29,completed,credit_card
2576,860,2024-03-04,completed,credit_card
2577,861,2024-12-12,refunded,debit_card
2578,862,2025-05-03,completed,credit_card
2579,862,2025-06-27,completed,debit_card
2580,863,2024-10-30,completed,credit_card
2581,863,2024-11-14,completed,credit_card
2582,863,2025-11-29,completed,paypal
2583,863,2025-12-04,completed,upi
2584,864,2025-09-21,completed,credit_card
2585,864,2025-11-29,completed,debit_card
2586,865,2025-12-12,completed,paypal
2587,865,2025-12-17,completed,credit_card
2588,865,2025-12-18,completed,debit_card
2589,865,2025-12-20,completed,credit_card
2590,865,2025-12-23,completed,upi
2591,866,2024-11-07,completed,debit_card
2592,866,2025-03-16,completed,upi
2593,866,2025-05-22,completed,upi
2594,866,2025-08-17,completed,credit_card
2595,866,2025-12-12,refunded,credit_card
2596,867,2025-02-09,completed,debit_card
2597,868,2025-12-14,completed,upi
2598,869,2025-09-05,completed,debit_card
2599,869,2025-11-29,completed,credit_card
2600,870,2025-02-26,completed,credit_card
2601,870,2025-06-06,completed,upi
2602,870,2025-06-21,completed,debit_card
2603,870,2025-06-29,cancelled,credit_card
2604,871,2025-05-02,completed,credit_card
2605,871,2025-06-20,completed,credit_card
2606,871,2025-07-13,refunded,credit_card
2607,871,2025-07-16,completed,debit_card
2608,871,2025-08-02,completed,paypal
2609,871,2025-08-24,completed,debit_card
2610,871,2025-09-21,completed,credit_card
2611,871,2025-10-06,completed,paypal
2612,871,2025-11-05,completed,credit_card
2613,871,2025-11-16,completed,credit_card
2614,872,2025-11-16,completed,debit_card
2615,873,2025-11-01,completed,paypal
2616,873,2025-11-26,completed,credit_card
2617,874,2024-12-22,completed,credit_card
2618,874,2025-03-06,completed,credit_card
2619,874,2025-04-23,completed,paypal
2620,874,2025-09-24,completed,credit_card
2621,874,2025-12-29,cancelled,credit_card
2622,875,2025-03-24,completed,upi
2623,875,2025-07-09,completed,paypal
2624,876,2025-07-20,completed,debit_card
2625,876,2025-12-27,completed,paypal
2626,877,2024-12-05,completed,upi
2627,877,2025-12-28,completed,credit_card
2628,878,2025-02-18,completed,paypal
2629,878,2025-06-02,completed,paypal
2630,879,2025-12-29,completed,debit_card
2631,880,2025-11-10,completed,debit_card
2632,881,2024-11-04,completed,credit_card
2633,881,2024-12-16,cancelled,paypal
2634,882,2024-12-02,completed,paypal
2635,882,2024-12-27,completed,credit_card
2636,883,2025-12-18,completed,credit_card
2637,884,2025-08-18,completed,debit_card
2638,884,2025-11-26,completed,credit_card
2639,885,2024-07-29,completed,credit_card
2640,885,2025-08-16,refunded,credit_card
2641,886,2025-12-16,cancelled,paypal
2642,887,2025-10-12,completed,debit_card
2643,888,2024-07-18,completed,debit_card
2644,888,2025-12-30,cancelled,credit_card
2645,889,2025-10-22,completed,debit_card
2646,890,2025-12-15,completed,credit_card
2647,891,2025-04-02,completed,credit_card
2648,891,2025-05-27,completed,credit_card
2649,892,2024-09-30,completed,paypal
2650,892,2024-12-02,completed,credit_card
2651,892,2025-02-08,completed,credit_card
2652,892,2025-03-12,completed,debit_card
2653,892,2025-04-20,completed,paypal
2654,892,2025-06-06,completed,credit_card
2655,892,2025-06-15,completed,debit_card
2656,892,2025-10-22,completed,paypal
2657,893,2024-10-03,refunded,upi
2658,893,2024-10-28,completed,paypal
2659,893,2024-11-02,completed,upi
2660,894,2025-06-10,completed,paypal
2661,894,2025-07-03,completed,credit_card
2662,894,2025-07-30,completed,upi
2663,894,2025-08-10,completed,paypal
2664,894,2025-08-23,completed,credit_card
2665,894,2025-09-03,completed,paypal
2666,894,2025-09-07,completed,credit_card
2667,894,2025-09-25,completed,credit_card
2668,894,2025-11-24,cancelled,upi
2669,895,2025-02-23,completed,paypal
2670,895,2025-06-05,refunded,credit_card
2671,896,2025-09-07,completed,upi
2672,897,2025-12-14,completed,credit_card
2673,898,2025-09-09,cancelled,paypal
2674,898,2025-10-01,completed,credit_card
2675,898,2025-11-20,completed,paypal
2676,898,2025-12-02,completed,upi
2677,898,2025-12-03,completed,paypal
2678,898,2025-12-18,completed,credit_card
2679,899,2024-12-02,completed,upi
2680,899,2024-12-31,completed,paypal
2681,900,2025-04-12,completed,credit_card
2682,901,2024-09-06,completed,paypal
2683,901,2025-12-25,completed,upi
2684,902,2025-03-13,completed,credit_card
2685,902,2025-12-24,completed,credit_card
2686,903,2024-09-05,completed,credit_card
2687,904,2025-05-12,completed,debit_card
2688,904,2025-08-24,completed,debit_card
2689,904,2025-10-13,completed,credit_card
2690,904,2025-10-16,completed,credit_card
2691,905,2024-10-15,completed,paypal
2692,905,2024-11-23,completed,credit_card
2693,905,2025-10-19,completed,paypal
2694,906,2024-11-12,completed,upi
2695,906,2024-12-07,completed,debit_card
2696,906,2025-12-10,completed,paypal
2697,907,2024-05-28,completed,paypal
2698,907,2024-08-05,completed,credit_card
2699,907,2025-01-31,completed,paypal
2700,907,2025-03-01,completed,debit_card
2701,907,2025-12-18,completed,upi
2702,908,2025-12-27,refunded,credit_card
2703,908,2025-12-29,completed,debit_card
2704,908,2025-12-31,cancelled,credit_card
2705,909,2025-07-17,completed,paypal
2706,910,2024-08-12,completed,credit_card
2707,910,2024-09-12,completed,credit_card
2708,910,2024-09-18,completed,credit_card
2709,910,2025-04-14,completed,credit_card
2710,910,2025-08-07,completed,credit_card
2711,911,2025-06-01,completed,credit_card
2712,912,2024-08-07,cancelled,credit_card
2713,913,2025-04-05,completed,paypal
2714,913,2025-07-18,cancelled,credit_card
2715,914,2025-10-26,completed,debit_card
2716,914,2025-11-07,completed,credit_card
2717,915,2025-02-13,completed,credit_card
2718,915,2025-04-26,completed,debit_card
2719,916,2025-12-18,completed,debit_card
2720,916,2025-12-20,completed,debit_card
2721,916,2025-12-23,completed,credit_card
2722,916,2025-12-24,completed,upi
2723,917,2025-01-16,completed,credit_card
2724,918,2025-12-07,completed,paypal
2725,918,2025-12-18,completed,credit_card
2726,918,2025-12-25,completed,credit_card
2727,919,2025-06-02,completed,credit_card
2728,919,2025-06-09,completed,credit_card
2729,920,2024-09-03,completed,credit_card
2730,920,2025-05-13,cancelled,upi
2731,921,2024-02-02,completed,credit_card
2732,921,2024-08-05,completed,credit_card
2733,921,2024-09-25,completed,paypal
2734,921,2025-02-08,completed,debit_card
2735,921,2025-07-05,completed,credit_card
2736,921,2025-07-23,completed,credit_card
2737,921,2025-10-20,completed,debit_card
2738,921,2025-11-02,completed,credit_card
2739,922,2025-11-01,completed,paypal
2740,922,2025-11-07,completed,credit_card
2741,922,2025-11-18,completed,credit_card
2742,922,2025-12-11,completed,debit_card
2743,922,2025-12-13,completed,upi
2744,922,2025-12-17,completed,paypal
2745,922,2025-12-28,completed,upi
2746,923,2024-11-01,completed,debit_card
2747,923,2024-11-03,completed,credit_card
2748,923,2025-01-19,completed,credit_card
2749,923,2025-02-08,completed,debit_card
2750,923,2025-03-31,completed,paypal
2751,923,2025-08-20,completed,credit_card
2752,924,2025-05-10,completed,paypal
2753,924,2025-11-19,completed,credit_card
2754,925,2025-05-31,completed,credit_card
2755,925,2025-06-15,completed,paypal
2756,925,2025-07-04,completed,upi
2757,925,2025-07-08,completed,debit_card
2758,925,2025-08-05,completed,debit_card
2759,925,2025-09-18,completed,debit_card
2760,925,2025-10-02,completed,paypal
2761,925,2025-10-21,completed,paypal
2762,925,2025-11-18,completed,paypal
2763,926,2025-08-11,completed,credit_card
2764,927,2025-04-06,completed,credit_card
2765,928,2025-01-01,completed,credit_card
2766,928,2025-01-04,completed,credit_card
2767,928,2025-03-07,completed,debit_card
2768,928,2025-07-06,completed,credit_card
2769,928,2025-08-09,completed,debit_card
2770,929,2025-02-24,completed,paypal
2771,929,2025-10-20,completed,paypal
2772,930,2025-09-11,completed,debit_card
2773,931,2025-09-26,completed,credit_card
2774,931,2025-09-27,completed,credit_card
2775,932,2024-11-05,completed,credit_card
2776,932,2025-09-13,completed,credit_card
2777,932,2025-11-03,refunded,paypal
2778,932,2025-11-24,completed,debit_card
2779,933,2024-04-15,completed,debit_card
2780,933,2024-09-03,completed,paypal
2781,933,2025-07-23,completed,upi
2782,934,2025-03-15,completed,credit_card
2783,935,2025-10-20,refunded,credit_card
2784,936,2024-04-06,completed,debit_card
2785,937,2025-08-14,completed,upi
2786,937,2025-11-06,cancelled,credit_card
2787,938,2025-10-23,completed,paypal
2788,938,2025-11-19,completed,credit_card
2789,939,2025-12-29,completed,upi
2790,940,2024-03-18,refunded,credit_card
2791,940,2024-04-25,completed,credit_card
2792,940,2024-07-25,completed,debit_card
2793,941,2024-09-26,completed,credit_card
2794,942,2024-08-15,completed,paypal
2795,942,2024-09-13,refunded,paypal
2796,942,2025-06-10,completed,paypal
2797,942,2025-06-19,completed,upi
2798,942,2025-07-12,completed,paypal
2799,943,2025-10-16,completed,paypal
2800,943,2025-10-21,completed,debit_card
2801,944,2025-01-27,completed,credit_card
2802,944,2025-06-19,completed,paypal
2803,944,2025-11-17,completed,paypal
2804,944,2025-12-18,completed,debit_card
2805,945,2024-09-23,completed,paypal
2806,945,2025-02-16,completed,paypal
2807,946,2025-01-04,completed,credit_card
2808,946,2025-08-18,completed,debit_card
2809,947,2025-05-24,completed,credit_card
2810,948,2025-08-27,completed,credit_card
2811,948,2025-09-09,completed,upi
2812,948,2025-10-09,completed,debit_card
2813,949,2025-09-19,completed,debit_card
2814,949,2025-12-21,completed,credit_card
2815,950,2025-09-17,completed,credit_card
2816,950,2025-10-06,completed,paypal
2817,950,2025-10-23,completed,credit_card
2818,950,2025-11-29,completed,credit_card
2819,950,2025-12-25,completed,debit_card
2820,951,2025-11-23,completed,credit_card
2821,952,2025-11-28,completed,debit_card
2822,953,2025-02-05,completed,credit_card
2823,954,2025-08-19,completed,credit_card
2824,955,2025-03-11,completed,debit_card
2825,955,2025-04-20,completed,paypal
2826,955,2025-07-07,completed,paypal
2827,955,2025-07-15,completed,credit_card
2828,955,2025-09-10,completed,credit_card
2829,955,2025-12-16,completed,debit_card
2830,955,2025-12-18,cancelled,paypal
2831,956,2025-07-23,completed,credit_card
2832,956,2025-08-20,completed,paypal
2833,957,2025-05-03,completed,debit_card
2834,957,2025-09-25,completed,debit_card
2835,958,2024-12-26,completed,debit_card
2836,958,2025-12-08,completed,credit_card
2837,959,2025-09-07,completed,credit_card
2838,960,2025-10-16,refunded,credit_card
2839,960,2025-10-26,completed,credit_card
2840,961,2025-06-08,completed,credit_card
2841,962,2025-11-03,completed,paypal
2842,962,2025-11-10,refunded,credit_card
2843,963,2025-10-10,completed,debit_card
2844,963,2025-11-28,completed,upi
2845,964,2024-04-06,completed,paypal
2846,964,2024-05-17,completed,credit_card
2847,964,2024-08-16,completed,paypal
2848,964,2024-12-29,completed,credit_card
2849,964,2025-06-08,completed,credit_card
2850,965,2025-10-27,cancelled,credit_card
2851,966,2024-06-26,completed,credit_card
2852,966,2024-07-28,completed,credit_card
2853,966,2024-09-23,refunded,credit_card
2854,966,2024-10-03,completed,credit_card
2855,966,2025-03-28,completed,upi
2856,966,2025-05-01,completed,upi
2857,967,2024-11-04,completed,upi
2858,968,2025-12-18,completed,credit_card
2859,968,2025-12-20,completed,credit_card
2860,969,2024-09-05,completed,credit_card
2861,969,2025-01-20,completed,credit_card
2862,969,2025-10-20,completed,credit_card
2863,969,2025-10-23,completed,paypal
2864,970,2024-10-25,completed,credit_card
2865,970,2024-11-18,completed,upi
2866,970,2025-01-11,completed,credit_card
2867,970,2025-03-16,completed,paypal
2868,971,2025-12-04,completed,paypal
2869,972,2024-11-23,completed,credit_card
2870,972,2025-01-07,completed,paypal
2871,972,2025-01-23,completed,paypal
2872,973,2024-07-30,completed,upi
2873,974,2025-06-11,completed,paypal
2874,974,2025-06-22,completed,upi
2875,975,2024-08-21,cancelled,paypal
2876,975,2024-12-01,completed,debit_card
2877,976,2025-07-20,completed,debit_card
2878,976,2025-11-06,refunded,credit_card
2879,977,2025-01-13,completed,credit_card
2880,978,2024-09-17,completed,credit_card
2881,978,2024-12-31,completed,upi
2882,979,2024-06-26,refunded,credit_card
2883,979,2024-08-02,completed,debit_card
2884,980,2025-04-05,completed,credit_card
2885,980,2025-04-23,completed,upi
2886,980,2025-10-23,completed,debit_card
2887,981,2025-05-23,completed,debit_card
2888,981,2025-08-20,completed,credit_card
2889,981,2025-10-22,completed,credit_card
2890,981,2025-10-27,completed,credit_card
2891,981,2025-12-04,completed,credit_card
2892,981,2025-12-13,completed,credit_card
2893,982,2025-12-18,completed,upi
2894,983,2025-09-24,completed,debit_card
2895,983,2025-10-18,cancelled,credit_card
2896,984,2025-05-08,completed,paypal
2897,984,2025-07-03,cancelled,upi
2898,985,2025-03-09,completed,debit_card
2899,985,2025-06-21,completed,upi
2900,986,2024-04-07,cancelled,credit_card
2901,986,2024-07-07,completed,credit_card
2902,986,2024-11-05,completed,debit_card
2903,986,2025-09-03,completed,credit_card
2904,986,2025-12-18,completed,upi
2905,987,2024-10-08,completed,credit_card
2906,988,2025-02-16,completed,upi
2907,988,2025-05-22,completed,credit_card
2908,988,2025-07-27,completed,credit_card
2909,988,2025-08-02,completed,paypal
2910,988,2025-08-20,refunded,paypal
2911,988,2025-11-14,completed,credit_card
2912,988,2025-12-10,completed,debit_card
2913,989,2025-12-31,completed,credit_card
2914,990,2025-02-14,completed,credit_card
2915,990,2025-05-19,completed,paypal
2916,990,2025-06-17,cancelled,paypal
2917,990,2025-07-11,completed,credit_card
2918,990,2025-07-18,completed,paypal
2919,990,2025-08-06,completed,credit_card
2920,990,2025-10-03,completed,paypal
2921,990,2025-12-10,completed,credit_card
2922,991,2025-12-22,completed,credit_card
2923,991,2025-12-25,completed,credit_card
2924,992,2025-04-27,completed,debit_card
2925,992,2025-12-23,completed,paypal
2926,993,2024-07-15,completed,upi
2927,994,2025-12-09,completed,debit_card
2928,994,2025-12-10,completed,debit_card
2929,994,2025-12-11,completed,credit_card
2930,994,2025-12-30,completed,paypal
2931,995,2024-10-07,completed,paypal
2932,995,2025-04-01,completed,credit_card
2933,996,2025-01-09,completed,credit_card
2934,996,2025-11-23,completed,credit_card
2935,997,2025-11-05,completed,paypal
2936,997,2025-12-18,completed,credit_card
2937,998,2025-11-28,completed,debit_card
2938,998,2025-12-21,completed,credit_card
2939,999,2025-11-14,completed,paypal
2940,1000,2024-08-03,completed,paypal
2941,1000,2024-11-14,completed,paypal
2942,1000,2025-04-30,completed,upi
2943,1000,2025-06-20,completed,paypal
2944,1000,2025-09-01,completed,upi
2945,1000,2025-09-19,completed,paypal
2946,1000,2025-09-24,completed,paypal
2947,1000,2025-11-03,completed,credit_card
2948,1001,2025-05-26,completed,credit_card
2949,1002,2024-08-14,refunded,credit_card
2950,1003,2025-09-23,refunded,paypal
2951,1003,2025-10-08,completed,paypal
2952,1003,2025-11-26,completed,credit_card
2953,1004,2025-01-01,completed,paypal
2954,1004,2025-03-03,completed,debit_card
2955,1005,2025-10-30,completed,credit_card
2956,1005,2025-11-04,completed,upi
2957,1005,2025-11-17,completed,credit_card
2958,1005,2025-11-20,completed,credit_card
2959,1005,2025-11-30,cancelled,paypal
2960,1005,2025-12-03,completed,paypal
2961,1005,2025-12-04,completed,upi
2962,1005,2025-12-08,completed,paypal
2963,1005,2025-12-25,completed,debit_card
2964,1006,2024-07-11,completed,paypal
2965,1006,2025-07-12,completed,debit_card
2966,1007,2025-01-29,completed,credit_card
2967,1007,2025-09-18,completed,upi
2968,1008,2025-02-25,completed,debit_card
2969,1008,2025-09-24,completed,credit_card
2970,1009,2024-04-04,completed,credit_card
2971,1009,2025-02-23,completed,credit_card
2972,1010,2024-06-11,completed,debit_card
2973,1010,2024-07-18,cancelled,credit_card
2974,1010,2024-10-22,completed,credit_card
2975,1010,2024-12-15,completed,debit_card
2976,1010,2025-01-15,completed,credit_card
2977,1010,2025-07-19,completed,paypal
2978,1011,2025-05-13,completed,paypal
2979,1011,2025-09-15,completed,credit_card
2980,1012,2025-06-12,completed,debit_card
2981,1012,2025-09-16,completed,upi
2982,1012,2025-11-19,completed,debit_card
2983,1013,2025-09-26,completed,debit_card
2984,1014,2025-09-29,refunded,credit_card
2985,1014,2025-11-18,refunded,debit_card
2986,1015,2025-07-14,completed,credit_card
2987,1015,2025-11-15,completed,debit_card
2988,1016,2025-04-23,completed,upi
2989,1016,2025-06-15,completed,credit_card
2990,1016,2025-12-14,completed,paypal
2991,1017,2025-03-22,completed,credit_card
2992,1018,2025-05-29,cancelled,credit_card
2993,1018,2025-08-06,completed,credit_card
2994,1018,2025-09-06,completed,upi
2995,1018,2025-11-10,completed,debit_card
2996,1018,2025-11-28,completed,paypal
2997,1019,2025-12-12,completed,paypal
2998,1020,2025-02-18,completed,paypal
2999,1021,2025-12-21,completed,debit_card
3000,1022,2025-10-08,completed,credit_card
3001,1023,2025-04-08,completed,credit_card
3002,1024,2025-08-06,completed,paypal
3003,1024,2025-08-30,completed,upi
3004,1025,2025-08-07,completed,credit_card
3005,1025,2025-10-16,completed,credit_card
3006,1025,2025-11-13,completed,debit_card
3007,1025,2025-12-16,cancelled,paypal
3008,1026,2025-07-21,completed,debit_card
3009,1026,2025-08-24,completed,paypal
3010,1027,2025-05-10,completed,credit_card
3011,1027,2025-06-16,completed,debit_card
3012,1027,2025-06-23,completed,credit_card
3013,1027,2025-08-04,completed,credit_card
3014,1027,2025-08-17,completed,credit_card
3015,1027,2025-09-17,completed,credit_card
3016,1027,2025-09-20,completed,credit_card
3017,1027,2025-11-08,completed,credit_card
3018,1027,2025-11-22,completed,credit_card
3019,1028,2024-05-13,completed,debit_card
3020,1028,2025-04-23,completed,debit_card
3021,1029,2025-10-02,completed,credit_card
3022,1029,2025-11-17,completed,credit_card
3023,1029,2025-12-13,completed,debit_card
3024,1029,2025-12-23,completed,paypal
3025,1030,2024-09-09,completed,upi
3026,1030,2024-09-28,completed,upi
3027,1030,2024-11-12,completed,credit_card
3028,1030,2025-12-04,completed,paypal
3029,1030,2025-12-09,completed,paypal
3030,1031,2025-03-29,completed,debit_card
3031,1031,2025-12-06,completed,credit_card
3032,1032,2025-07-27,completed,paypal
3033,1033,2025-12-02,completed,debit_card
3034,1034,2025-07-18,completed,credit_card
3035,1035,2024-09-13,completed,credit_card
3036,1036,2025-02-10,refunded,credit_card
3037,1036,2025-12-17,completed,paypal
3038,1037,2025-02-17,completed,credit_card
3039,1037,2025-03-03,completed,paypal
3040,1037,2025-03-27,completed,credit_card
3041,1037,2025-04-15,completed,upi
3042,1037,2025-11-02,completed,credit_card
3043,1037,2025-11-24,completed,paypal
3044,1038,2025-12-05,completed,credit_card
3045,1038,2025-12-21,completed,credit_card
3046,1039,2025-11-22,completed,debit_card
3047,1039,2025-12-24,completed,paypal
3048,1040,2025-08-26,completed,debit_card
3049,1040,2025-11-05,completed,debit_card
3050,1040,2025-11-28,completed,debit_card
3051,1041,2024-05-12,completed,debit_card
3052,1041,2025-05-30,completed,upi
3053,1041,2025-12-23,completed,credit_card
3054,1042,2025-12-11,completed,credit_card
3055,1043,2025-02-13,completed,upi
3056,1043,2025-02-21,cancelled,credit_card
3057,1043,2025-03-18,refunded,paypal
3058,1043,2025-08-26,completed,debit_card
3059,1043,2025-09-03,completed,upi
3060,1043,2025-12-18,completed,paypal
3061,1044,2025-09-21,completed,credit_card
3062,1044,2025-10-01,completed,upi
3063,1045,2024-04-10,completed,debit_card
3064,1045,2025-01-04,completed,credit_card
3065,1045,2025-03-31,completed,credit_card
3066,1045,2025-10-18,completed,debit_card
3067,1045,2025-12-19,completed,credit_card
3068,1046,2024-07-25,completed,credit_card
3069,1047,2025-07-02,completed,upi
3070,1047,2025-07-11,completed,debit_card
3071,1048,2025-09-23,completed,credit_card
3072,1048,2025-09-27,completed,debit_card
3073,1049,2025-12-06,completed,credit_card
3074,1049,2025-12-14,completed,paypal
3075,1050,2025-09-20,completed,upi
3076,1051,2025-06-12,completed,paypal
3077,1051,2025-07-12,completed,credit_card
3078,1051,2025-09-03,completed,credit_card
3079,1051,2025-09-28,completed,debit_card
3080,1051,2025-11-17,completed,debit_card
3081,1052,2024-12-26,completed,credit_card
3082,1052,2025-05-08,completed,credit_card
3083,1052,2025-12-06,completed,paypal
3084,1053,2025-09-16,completed,upi
3085,1053,2025-11-06,completed,credit_card
3086,1054,2025-05-27,completed,paypal
3087,1054,2025-08-02,completed,debit_card
3088,1055,2025-10-24,completed,paypal
3089,1055,2025-11-24,completed,credit_card
3090,1056,2025-07-15,completed,credit_card
3091,1056,2025-08-05,completed,credit_card
3092,1056,2025-08-17,completed,upi
3093,1056,2025-11-25,completed,debit_card
3094,1056,2025-12-28,completed,credit_card
3095,1057,2025-03-09,completed,credit_card
3096,1057,2025-04-19,completed,paypal
3097,1058,2025-05-27,completed,upi
3098,1058,2025-07-11,completed,credit_card
3099,1058,2025-08-23,completed,debit_card
3100,1058,2025-08-25,completed,credit_card
3101,1058,2025-09-23,completed,credit_card
3102,1058,2025-11-30,refunded,paypal
3103,1059,2025-10-17,completed,upi
3104,1059,2025-11-12,completed,credit_card
3105,1060,2025-10-22,completed,credit_card
3106,1061,2025-02-07,completed,credit_card
3107,1061,2025-06-21,completed,credit_card
3108,1061,2025-08-21,completed,debit_card
3109,1061,2025-09-05,completed,credit_card
3110,1061,2025-11-21,completed,credit_card
3111,1062,2024-12-22,completed,debit_card
3112,1062,2025-02-10,completed,credit_card
3113,1062,2025-06-24,completed,paypal
3114,1063,2025-11-30,completed,upi
3115,1064,2024-07-09,completed,credit_card
3116,1064,2024-09-11,completed,upi
3117,1064,2024-10-19,completed,credit_card
3118,1064,2025-03-07,completed,debit_card
3119,1064,2025-06-11,completed,paypal
3120,1064,2025-07-30,completed,debit_card
3121,1064,2025-11-22,refunded,credit_card
3122,1065,2024-06-18,completed,debit_card
3123,1065,2024-08-12,completed,paypal
3124,1065,2024-12-03,completed,debit_card
3125,1065,2024-12-12,completed,credit_card
3126,1065,2025-01-14,completed,credit_card
3127,1065,2025-03-21,completed,credit_card
3128,1065,2025-04-30,completed,paypal
3129,1065,2025-05-20,completed,paypal
3130,1065,2025-09-19,completed,credit_card
3131,1066,2025-08-11,completed,debit_card
3132,1067,2025-05-03,completed,upi
3133,1068,2025-12-24,completed,paypal
3134,1068,2025-12-25,cancelled,credit_card
3135,1069,2025-05-24,completed,paypal
3136,1069,2025-06-01,completed,upi
3137,1069,2025-07-13,completed,paypal
3138,1069,2025-08-26,completed,paypal
3139,1069,2025-08-29,completed,credit_card
3140,1069,2025-09-22,completed,credit_card
3141,1069,2025-10-06,completed,paypal
3142,1069,2025-11-26,completed,debit_card
3143,1070,2025-04-05,completed,paypal
3144,1071,2025-11-11,completed,credit_card
3145,1072,2025-06-22,cancelled,paypal
3146,1073,2025-10-14,completed,credit_card
3147,1074,2024-05-23,refunded,credit_card
3148,1074,2024-06-19,completed,debit_card
3149,1075,2025-05-14,completed,credit_card
3150,1075,2025-07-05,completed,credit_card
3151,1075,2025-09-14,completed,credit_card
3152,1075,2025-12-24,completed,debit_card
3153,1076,2025-01-23,completed,credit_card
3154,1076,2025-01-31,completed,credit_card
3155,1077,2025-01-26,completed,debit_card
3156,1077,2025-05-10,completed,paypal
3157,1077,2025-05-13,completed,credit_card
3158,1077,2025-06-29,completed,upi
3159,1077,2025-08-12,completed,paypal
3160,1077,2025-08-14,completed,credit_card
3161,1077,2025-09-20,completed,paypal
3162,1077,2025-11-05,completed,credit_card
3163,1077,2025-11-26,completed,credit_card
3164,1078,2025-03-18,refunded,credit_card
3165,1078,2025-10-05,completed,credit_card
3166,1079,2025-02-20,completed,debit_card
3167,1080,2024-05-18,completed,paypal
3168,1080,2024-09-10,completed,debit_card
3169,1080,2024-12-14,completed,credit_card
3170,1080,2024-12-18,completed,credit_card
3171,1081,2025-03-01,completed,paypal
3172,1082,2025-07-12,completed,debit_card
3173,1083,2024-02-10,completed,credit_card
3174,1083,2024-09-20,completed,upi
3175,1083,2025-01-21,completed,debit_card
3176,1083,2025-07-03,completed,paypal
3177,1083,2025-10-19,completed,paypal
3178,1083,2025-10-30,refunded,upi
3179,1083,2025-12-31,completed,paypal
3180,1084,2025-11-08,refunded,paypal
3181,1084,2025-12-13,completed,paypal
3182,1085,2025-12-24,completed,paypal
3183,1086,2025-05-13,completed,paypal
3184,1086,2025-06-17,completed,credit_card
3185,1087,2025-09-10,completed,debit_card
3186,1087,2025-10-13,completed,credit_card
3187,1088,2025-09-08,refunded,upi
3188,1089,2024-12-15,completed,credit_card
3189,1089,2025-02-07,completed,debit_card
3190,1089,2025-11-09,cancelled,debit_card
3191,1090,2025-08-31,completed,paypal
3192,1091,2025-02-26,completed,credit_card
3193,1091,2025-12-10,completed,paypal
3194,1092,2025-12-16,completed,debit_card
3195,1092,2025-12-18,completed,paypal
3196,1093,2025-09-10,completed,credit_card
3197,1094,2025-12-07,completed,paypal
3198,1095,2025-08-20,cancelled,credit_card
3199,1096,2024-06-10,completed,credit_card
3200,1097,2025-02-16,completed,debit_card
3201,1097,2025-02-17,completed,debit_card
3202,1098,2025-06-25,completed,debit_card
3203,1098,2025-11-30,completed,debit_card
3204,1099,2025-10-16,completed,credit_card
3205,1100,2024-06-24,completed,upi
3206,1100,2024-10-26,completed,credit_card
3207,1100,2024-12-13,completed,credit_card
3208,1100,2025-03-13,completed,credit_card
3209,1100,2025-04-18,completed,upi
3210,1100,2025-09-19,completed,paypal
3211,1100,2025-10-05,cancelled,paypal
3212,1100,2025-11-27,completed,credit_card
3213,1101,2024-10-23,completed,credit_card
3214,1102,2025-05-09,refunded,debit_card
3215,1103,2025-12-26,completed,paypal
3216,1103,2025-12-27,completed,upi
3217,1103,2025-12-30,completed,paypal
3218,1104,2025-06-04,completed,paypal
3219,1104,2025-06-19,completed,credit_card
3220,1104,2025-09-19,completed,paypal
3221,1104,2025-11-27,completed,credit_card
3222,1105,2024-08-16,completed,credit_card
3223,1106,2024-09-23,completed,paypal
3224,1106,2025-11-20,cancelled,paypal
3225,1107,2025-10-13,completed,paypal
3226,1107,2025-10-14,completed,upi
3227,1107,2025-10-20,completed,credit_card
3228,1107,2025-10-30,refunded,credit_card
3229,1107,2025-11-10,completed,credit_card
3230,1107,2025-11-14,completed,credit_card
3231,1107,2025-11-23,completed,paypal
3232,1107,2025-12-06,refunded,credit_card
3233,1107,2025-12-31,completed,credit_card
3234,1108,2025-11-09,completed,credit_card
3235,1108,2025-12-19,refunded,debit_card
3236,1109,2024-10-21,completed,debit_card
3237,1110,2025-12-28,completed,upi
3238,1111,2024-12-03,completed,upi
3239,1111,2025-05-14,completed,credit_card
3240,1111,2025-06-13,completed,credit_card
3241,1111,2025-09-03,completed,paypal
3242,1112,2025-01-01,completed,credit_card
3243,1112,2025-11-25,completed,paypal
3244,1113,2025-09-03,refunded,credit_card
3245,1113,2025-10-14,completed,debit_card
3246,1114,2025-03-01,completed,credit_card
3247,1115,2025-09-27,completed,credit_card
3248,1115,2025-10-26,cancelled,credit_card
3249,1115,2025-11-13,completed,credit_card
3250,1115,2025-11-19,completed,debit_card
3251,1116,2025-03-24,completed,credit_card
3252,1116,2025-04-20,completed,credit_card
3253,1116,2025-04-30,completed,debit_card
3254,1116,2025-05-18,completed,upi
3255,1117,2024-07-21,completed,paypal
3256,1118,2025-06-17,completed,debit_card
3257,1118,2025-11-28,completed,debit_card
3258,1119,2025-07-19,completed,credit_card
3259,1119,2025-11-30,completed,debit_card
3260,1120,2025-10-29,cancelled,credit_card
3261,1121,2024-05-30,completed,credit_card
3262,1121,2024-08-24,completed,credit_card
3263,1121,2024-09-11,completed,upi
3264,1121,2025-06-26,completed,debit_card
3265,1121,2025-07-26,completed,debit_card
3266,1121,2025-09-07,completed,upi
3267,1121,2025-09-12,refunded,credit_card
3268,1122,2025-11-03,completed,credit_card
3269,1123,2024-06-19,completed,debit_card
3270,1123,2025-01-22,completed,paypal
3271,1123,2025-04-24,completed,debit_card
3272,1123,2025-05-19,cancelled,credit_card
3273,1123,2025-11-20,completed,credit_card
3274,1123,2025-11-26,completed,paypal
3275,1124,2025-09-13,completed,credit_card
3276,1124,2025-11-11,completed,paypal
3277,1124,2025-11-28,completed,credit_card
3278,1125,2025-06-29,completed,debit_card
3279,1126,2025-11-17,completed,credit_card
3280,1126,2025-11-22,completed,upi
3281,1126,2025-11-26,completed,credit_card
3282,1127,2025-12-26,completed,paypal
3283,1127,2025-12-30,completed,credit_card
3284,1128,2024-10-12,completed,paypal
3285,1128,2024-11-03,completed,credit_card
3286,1128,2024-12-26,completed,credit_card
3287,1128,2025-06-04,completed,debit_card
3288,1128,2025-06-17,completed,debit_card
3289,1128,2025-06-22,refunded,credit_card
3290,1128,2025-08-16,completed,paypal
3291,1128,2025-09-01,completed,upi
3292,1128,2025-12-15,completed,credit_card
3293,1128,2025-12-17,completed,credit_card
3294,1129,2025-04-09,completed,credit_card
3295,1129,2025-07-03,completed,debit_card
3296,1129,2025-08-13,completed,credit_card
3297,1129,2025-11-08,completed,debit_card
3298,1130,2025-05-22,completed,credit_card
3299,1130,2025-07-20,completed,credit_card
3300,1131,2025-09-16,refunded,paypal
3301,1132,2024-10-17,completed,paypal
3302,1132,2025-01-05,completed,debit_card
3303,1132,2025-04-01,completed,credit_card
3304,1132,2025-04-22,completed,paypal
3305,1132,2025-04-30,refunded,credit_card
3306,1132,2025-06-27,completed,debit_card
3307,1132,2025-10-22,completed,credit_card
3308,1132,2025-10-30,completed,debit_card
3309,1133,2025-05-28,completed,credit_card
3310,1133,2025-12-24,completed,debit_card
3311,1134,2025-08-18,completed,credit_card
3312,1134,2025-10-07,completed,paypal
3313,1135,2024-06-16,completed,credit_card
3314,1135,2024-09-11,completed,paypal
3315,1136,2025-02-15,completed,paypal
3316,1136,2025-08-27,completed,credit_card
3317,1137,2024-10-16,completed,paypal
3318,1137,2025-05-22,completed,credit_card
3319,1138,2025-09-12,refunded,paypal
3320,1138,2025-10-02,completed,credit_card
3321,1138,2025-10-19,completed,debit_card
3322,1138,2025-10-22,completed,debit_card
3323,1138,2025-11-03,completed,credit_card
3324,1138,2025-11-16,completed,debit_card
3325,1138,2025-11-28,completed,debit_card
3326,1138,2025-11-30,completed,debit_card
3327,1138,2025-12-19,completed,credit_card
3328,1138,2025-12-20,completed,credit_card
3329,1139,2025-08-28,completed,credit_card
3330,1139,2025-09-29,completed,credit_card
3331,1139,2025-10-26,completed,credit_card
3332,1139,2025-11-10,completed,debit_card
3333,1139,2025-12-18,completed,debit_card
3334,1140,2024-08-27,completed,debit_card
3335,1140,2024-09-13,completed,credit_card
3336,1140,2025-05-27,completed,debit_card
3337,1140,2025-08-26,completed,credit_card
3338,1140,2025-09-16,completed,debit_card
3339,1141,2024-03-15,completed,credit_card
3340,1141,2025-01-05,completed,paypal
3341,1141,2025-02-25,completed,credit_card
3342,1141,2025-03-11,completed,credit_card
3343,1141,2025-12-21,completed,credit_card
3344,1142,2024-11-02,completed,credit_card
3345,1142,2024-12-03,completed,credit_card
3346,1142,2024-12-20,completed,credit_card
3347,1142,2025-01-02,completed,debit_card
3348,1142,2025-04-19,completed,debit_card
3349,1142,2025-06-19,completed,credit_card
3350,1142,2025-07-04,completed,credit_card
3351,1142,2025-10-04,completed,debit_card
3352,1142,2025-10-12,completed,credit_card
3353,1142,2025-12-04,completed,debit_card
3354,1143,2025-04-24,refunded,paypal
3355,1143,2025-07-09,completed,upi
3356,1144,2025-02-14,completed,credit_card
3357,1144,2025-03-21,completed,debit_card
3358,1144,2025-03-25,completed,credit_card
3359,1144,2025-04-04,completed,credit_card
3360,1144,2025-07-04,completed,credit_card
3361,1145,2025-07-22,completed,credit_card
3362,1145,2025-12-21,completed,credit_card
3363,1146,2024-10-24,completed,credit_card
3364,1146,2024-11-25,completed,credit_card
3365,1146,2025-05-01,cancelled,debit_card
3366,1146,2025-08-21,completed,credit_card
3367,1146,2025-09-10,refunded,credit_card
3368,1146,2025-10-23,completed,paypal
3369,1146,2025-12-03,refunded,credit_card
3370,1147,2025-04-09,completed,upi
3371,1148,2025-08-14,completed,credit_card
3372,1148,2025-09-19,completed,debit_card
3373,1149,2024-11-04,completed,upi
3374,1149,2025-07-15,completed,credit_card
3375,1149,2025-07-31,cancelled,credit_card
3376,1149,2025-11-13,completed,paypal
3377,1150,2025-12-13,completed,credit_card
3378,1150,2025-12-26,completed,credit_card
3379,1151,2025-09-30,completed,paypal
3380,1152,2025-11-13,cancelled,credit_card
3381,1152,2025-12-01,completed,credit_card
3382,1152,2025-12-15,completed,credit_card
3383,1152,2025-12-19,completed,upi
3384,1153,2025-09-23,cancelled,credit_card
3385,1153,2025-12-28,completed,credit_card
3386,1154,2025-02-11,completed,debit_card
3387,1154,2025-08-04,completed,credit_card
3388,1155,2025-09-25,completed,credit_card
3389,1155,2025-10-23,completed,paypal
3390,1156,2025-08-09,cancelled,credit_card
3391,1156,2025-10-29,completed,paypal
3392,1157,2025-08-24,completed,credit_card
3393,1158,2025-05-29,completed,debit_card
3394,1158,2025-09-26,refunded,debit_card
3395,1158,2025-09-29,completed,paypal
3396,1158,2025-11-08,completed,credit_card
3397,1158,2025-12-14,completed,credit_card
3398,1158,2025-12-19,completed,credit_card
3399,1159,2025-03-19,cancelled,credit_card
3400,1159,2025-03-24,completed,paypal
3401,1159,2025-05-04,completed,credit_card
3402,1159,2025-10-22,completed,paypal
3403,1159,2025-12-07,completed,debit_card
3404,1160,2025-08-22,completed,credit_card
3405,1160,2025-09-03,completed,credit_card
3406,1161,2025-08-09,completed,credit_card
3407,1161,2025-10-09,completed,debit_card
3408,1161,2025-11-10,completed,credit_card
3409,1161,2025-12-01,completed,upi
3410,1161,2025-12-04,completed,debit_card
3411,1161,2025-12-07,completed,paypal
3412,1161,2025-12-28,cancelled,upi
3413,1162,2025-06-17,completed,debit_card
3414,1162,2025-10-22,completed,credit_card
3415,1163,2025-04-18,completed,credit_card
3416,1163,2025-04-24,refunded,credit_card
3417,1163,2025-05-09,completed,upi
3418,1163,2025-05-10,refunded,credit_card
3419,1163,2025-06-05,completed,paypal
3420,1163,2025-06-25,completed,upi
3421,1163,2025-07-23,refunded,credit_card
3422,1163,2025-10-24,completed,credit_card
3423,1164,2025-02-16,refunded,credit_card
3424,1164,2025-12-15,completed,credit_card
3425,1165,2024-12-09,completed,credit_card
3426,1165,2025-03-26,completed,upi
3427,1166,2025-12-19,refunded,debit_card
3428,1166,2025-12-25,completed,credit_card
3429,1167,2025-03-04,completed,credit_card
3430,1167,2025-10-23,refunded,paypal
3431,1168,2025-09-04,completed,upi
3432,1168,2025-10-05,refunded,credit_card
3433,1168,2025-11-16,completed,credit_card
3434,1168,2025-12-30,completed,credit_card
3435,1169,2025-10-16,completed,upi
3436,1170,2025-08-03,completed,credit_card
3437,1170,2025-08-17,completed,credit_card
3438,1171,2025-09-08,completed,credit_card
3439,1172,2024-04-10,completed,credit_card
3440,1172,2024-12-31,completed,credit_card
3441,1172,2025-04-16,completed,credit_card
3442,1172,2025-09-02,completed,paypal
3443,1173,2025-12-07,refunded,upi
3444,1174,2025-06-20,completed,credit_card
3445,1174,2025-10-05,completed,paypal
3446,1175,2025-12-27,completed,upi
3447,1175,2025-12-29,refunded,credit_card
3448,1176,2025-11-01,completed,debit_card
3449,1176,2025-11-23,completed,credit_card
3450,1176,2025-11-30,completed,credit_card
3451,1177,2025-05-10,completed,credit_card
3452,1178,2025-11-22,completed,paypal
3453,1178,2025-12-09,completed,credit_card
3454,1179,2025-11-10,completed,debit_card
3455,1180,2024-10-05,completed,paypal
3456,1180,2025-11-13,completed,upi
3457,1181,2025-06-02,completed,credit_card
3458,1181,2025-08-02,completed,credit_card
3459,1181,2025-09-09,completed,upi
3460,1181,2025-10-12,completed,credit_card
3461,1182,2024-02-13,refunded,credit_card
3462,1182,2024-06-20,completed,paypal
3463,1182,2024-07-21,completed,credit_card
3464,1182,2024-10-26,completed,paypal
3465,1182,2025-01-11,completed,paypal
3466,1182,2025-09-28,completed,credit_card
3467,1183,2024-06-19,completed,credit_card
3468,1183,2024-10-15,refunded,paypal
3469,1184,2025-08-20,completed,debit_card
3470,1184,2025-10-29,completed,credit_card
3471,1185,2025-12-05,completed,debit_card
3472,1186,2025-08-14,completed,credit_card
3473,1186,2025-09-13,completed,debit_card
3474,1186,2025-09-25,completed,credit_card
3475,1187,2024-06-26,completed,credit_card
3476,1187,2025-03-04,completed,paypal
3477,1188,2025-06-29,completed,credit_card
3478,1189,2024-06-21,completed,credit_card
3479,1189,2024-07-16,completed,paypal
3480,1189,2024-09-23,completed,upi
3481,1189,2024-11-25,completed,credit_card
3482,1189,2025-04-05,refunded,paypal
3483,1189,2025-05-31,completed,credit_card
3484,1189,2025-06-12,completed,credit_card
3485,1189,2025-09-12,completed,paypal
3486,1189,2025-10-14,completed,paypal
3487,1189,2025-10-21,completed,credit_card
3488,1190,2025-12-09,completed,credit_card
3489,1191,2025-09-29,completed,debit_card
3490,1191,2025-10-14,completed,credit_card
3491,1192,2024-08-27,completed,paypal
3492,1192,2025-07-13,refunded,debit_card
3493,1192,2025-10-11,completed,credit_card
3494,1193,2024-06-06,completed,paypal
3495,1193,2024-07-07,completed,credit_card
3496,1193,2024-09-22,refunded,credit_card
3497,1193,2025-01-29,completed,credit_card
3498,1193,2025-02-01,refunded,paypal
3499,1193,2025-04-21,completed,upi
3500,1193,2025-05-17,completed,paypal
3501,1193,2025-08-27,completed,credit_card
3502,1193,2025-12-23,completed,debit_card
3503,1194,2025-04-23,completed,credit_card
3504,1194,2025-09-09,completed,credit_card
3505,1195,2025-12-06,completed,credit_card
3506,1195,2025-12-18,completed,debit_card
3507,1196,2024-07-03,completed,credit_card
3508,1196,2025-06-26,completed,debit_card
3509,1196,2025-09-07,completed,credit_card
3510,1196,2025-11-10,completed,debit_card
3511,1196,2025-11-16,completed,debit_card
3512,1196,2025-11-19,refunded,debit_card
3513,1197,2024-05-01,completed,paypal
3514,1197,2024-10-01,completed,upi
3515,1197,2025-01-15,completed,credit_card
3516,1197,2025-02-09,completed,credit_card
3517,1198,2025-12-24,completed,paypal
3518,1199,2024-12-23,completed,debit_card
3519,1200,2025-10-29,completed,credit_card
3520,1201,2025-10-27,completed,paypal
3521,1202,2025-12-24,completed,credit_card
3522,1203,2025-05-28,completed,credit_card
3523,1204,2025-10-29,refunded,credit_card
3524,1204,2025-10-30,completed,credit_card
3525,1204,2025-11-06,completed,paypal
3526,1204,2025-11-18,completed,paypal
3527,1204,2025-11-26,refunded,paypal
3528,1204,2025-12-10,completed,credit_card
3529,1204,2025-12-12,completed,credit_card
3530,1204,2025-12-14,completed,upi
3531,1204,2025-12-22,refunded,paypal
3532,1204,2025-12-30,completed,debit_card
3533,1205,2024-05-18,completed,paypal
3534,1205,2024-06-07,completed,paypal
3535,1205,2024-09-22,completed,credit_card
3536,1206,2025-01-08,completed,credit_card
3537,1206,2025-09-14,completed,credit_card
3538,1207,2025-12-08,completed,credit_card
3539,1208,2025-07-05,completed,paypal
3540,1208,2025-09-19,completed,debit_card
3541,1208,2025-10-08,completed,debit_card
3542,1208,2025-10-12,completed,paypal
3543,1208,2025-10-19,completed,credit_card
3544,1208,2025-10-24,completed,paypal
3545,1208,2025-12-09,completed,credit_card
3546,1208,2025-12-20,completed,upi
3547,1209,2025-10-25,completed,credit_card
3548,1210,2025-10-15,completed,paypal
3549,1211,2025-10-09,completed,credit_card
3550,1211,2025-10-13,completed,debit_card
3551,1211,2025-12-17,completed,credit_card
3552,1212,2025-06-11,refunded,paypal
3553,1212,2025-07-28,completed,credit_card
3554,1212,2025-07-31,completed,credit_card
3555,1212,2025-09-20,completed,credit_card
3556,1212,2025-10-17,completed,upi
3557,1212,2025-11-06,completed,credit_card
3558,1212,2025-12-02,completed,upi
3559,1213,2025-09-19,completed,credit_card
3560,1214,2025-03-03,completed,paypal
3561,1214,2025-03-17,refunded,credit_card
3562,1215,2025-11-24,completed,debit_card
3563,1216,2025-09-09,completed,paypal
3564,1217,2024-11-06,completed,credit_card
3565,1218,2025-11-15,completed,upi
3566,1218,2025-12-17,completed,paypal
3567,1219,2025-12-11,completed,credit_card
3568,1220,2024-10-27,completed,debit_card
3569,1220,2025-08-01,completed,paypal
3570,1221,2024-09-11,completed,credit_card
3571,1221,2024-10-23,refunded,credit_card
3572,1222,2025-11-10,completed,credit_card
3573,1223,2025-05-03,refunded,debit_card
3574,1223,2025-07-06,completed,credit_card
3575,1223,2025-07-07,completed,paypal
3576,1223,2025-08-24,completed,credit_card
3577,1223,2025-09-13,cancelled,debit_card
3578,1223,2025-10-18,completed,debit_card
3579,1223,2025-12-21,completed,paypal
3580,1223,2025-12-26,completed,paypal
3581,1224,2024-09-22,completed,credit_card
3582,1224,2024-10-16,completed,paypal
3583,1225,2025-10-25,completed,credit_card
3584,1225,2025-11-03,completed,paypal
3585,1225,2025-11-04,completed,credit_card
3586,1225,2025-11-12,completed,debit_card
3587,1225,2025-12-28,completed,debit_card
3588,1226,2025-12-30,completed,paypal
3589,1227,2024-06-26,cancelled,debit_card
3590,1227,2025-10-27,completed,paypal
3591,1228,2025-05-04,completed,credit_card
3592,1228,2025-08-06,completed,debit_card
3593,1229,2025-01-08,completed,upi
3594,1230,2025-12-13,completed,credit_card
3595,1230,2025-12-15,completed,paypal
3596,1230,2025-12-16,completed,paypal
3597,1230,2025-12-19,completed,credit_card
3598,1230,2025-12-21,completed,paypal
3599,1230,2025-12-22,completed,debit_card
3600,1230,2025-12-23,refunded,upi
3601,1230,2025-12-27,completed,credit_card
3602,1230,2025-12-29,completed,credit_card
3603,1231,2025-04-08,refunded,credit_card
3604,1231,2025-04-20,completed,credit_card
3605,1231,2025-06-21,completed,debit_card
3606,1231,2025-07-09,completed,credit_card
3607,1231,2025-09-14,completed,paypal
3608,1231,2025-10-06,completed,paypal
3609,1231,2025-10-24,completed,debit_card
3610,1232,2025-09-01,refunded,upi
3611,1233,2025-01-06,refunded,credit_card
3612,1233,2025-05-01,completed,credit_card
3613,1234,2024-12-01,completed,upi
3614,1235,2024-10-11,completed,credit_card
3615,1235,2024-11-06,refunded,credit_card
3616,1236,2025-01-04,completed,credit_card
3617,1236,2025-03-18,completed,paypal
3618,1236,2025-04-15,completed,paypal
3619,1236,2025-04-30,completed,debit_card
3620,1236,2025-06-21,completed,credit_card
3621,1236,2025-06-30,completed,upi
3622,1236,2025-10-10,completed,paypal
3623,1236,2025-11-07,completed,credit_card
3624,1237,2025-02-13,completed,debit_card
3625,1237,2025-02-27,completed,debit_card
3626,1237,2025-04-02,completed,upi
3627,1237,2025-06-08,completed,upi
3628,1237,2025-07-05,completed,paypal
3629,1237,2025-09-09,completed,credit_card
3630,1237,2025-10-12,completed,credit_card
3631,1237,2025-11-09,completed,credit_card
3632,1237,2025-11-29,completed,credit_card
3633,1238,2025-02-27,completed,credit_card
3634,1238,2025-03-31,completed,credit_card
3635,1238,2025-04-29,completed,credit_card
3636,1238,2025-06-02,completed,upi
3637,1238,2025-10-21,completed,credit_card
3638,1238,2025-12-05,completed,debit_card
3639,1239,2025-03-27,completed,credit_card
3640,1240,2025-07-18,completed,paypal
3641,1241,2024-09-26,completed,credit_card
3642,1241,2025-01-19,completed,paypal
3643,1241,2025-06-13,completed,paypal
3644,1241,2025-06-17,completed,credit_card
3645,1241,2025-12-16,refunded,debit_card
3646,1242,2025-08-05,completed,credit_card
3647,1242,2025-12-12,completed,paypal
3648,1243,2025-06-20,completed,upi
3649,1243,2025-09-14,completed,paypal
3650,1244,2025-08-26,completed,paypal
3651,1244,2025-09-06,completed,credit_card
3652,1244,2025-11-12,completed,debit_card
3653,1244,2025-11-29,completed,upi
3654,1244,2025-12-09,completed,credit_card
3655,1244,2025-12-11,completed,credit_card
3656,1245,2025-11-30,cancelled,paypal
3657,1245,2025-12-15,completed,credit_card
3658,1246,2025-12-12,completed,upi
3659,1247,2025-09-23,completed,paypal
3660,1248,2024-12-29,completed,upi
3661,1249,2025-03-24,completed,paypal
3662,1249,2025-07-30,completed,debit_card
3663,1250,2025-10-15,completed,credit_card
3664,1251,2025-02-28,completed,debit_card
3665,1251,2025-05-25,completed,paypal
3666,1252,2025-10-02,completed,debit_card
3667,1252,2025-10-23,refunded,paypal
3668,1252,2025-10-26,completed,credit_card
3669,1252,2025-11-13,completed,credit_card
3670,1252,2025-12-02,completed,paypal
3671,1252,2025-12-21,refunded,credit_card
3672,1253,2025-12-13,completed,paypal
3673,1253,2025-12-16,completed,credit_card
3674,1254,2024-09-27,completed,paypal
3675,1254,2025-11-29,completed,upi
3676,1255,2025-11-07,completed,credit_card
3677,1256,2025-09-09,completed,paypal
3678,1256,2025-09-16,completed,debit_card
3679,1256,2025-10-04,cancelled,upi
3680,1256,2025-10-27,completed,debit_card
3681,1256,2025-10-30,completed,paypal
3682,1256,2025-11-22,completed,debit_card
3683,1256,2025-11-25,completed,credit_card
3684,1257,2025-01-10,completed,paypal
3685,1257,2025-06-16,completed,upi
3686,1258,2025-02-18,completed,paypal
3687,1258,2025-02-22,completed,paypal
3688,1258,2025-03-21,completed,credit_card
3689,1258,2025-04-29,completed,credit_card
3690,1258,2025-05-02,completed,credit_card
3691,1258,2025-07-01,completed,credit_card
3692,1258,2025-10-05,cancelled,paypal
3693,1258,2025-10-18,completed,credit_card
3694,1258,2025-11-13,completed,upi
3695,1258,2025-11-23,completed,credit_card
3696,1259,2025-12-30,completed,credit_card
3697,1260,2025-11-06,completed,paypal
3698,1260,2025-12-11,completed,credit_card
3699,1261,2024-10-27,completed,debit_card
3700,1262,2025-07-01,completed,credit_card
3701,1262,2025-08-02,completed,paypal
3702,1263,2024-12-08,completed,credit_card
3703,1263,2025-03-23,completed,credit_card
3704,1263,2025-07-24,completed,upi
3705,1263,2025-09-21,completed,paypal
3706,1264,2025-11-28,completed,credit_card
3707,1264,2025-12-10,completed,debit_card
3708,1264,2025-12-26,completed,paypal
3709,1265,2024-05-06,completed,credit_card
3710,1265,2025-05-18,completed,debit_card
3711,1266,2025-06-14,completed,paypal
3712,1266,2025-08-22,completed,credit_card
3713,1267,2024-11-02,completed,credit_card
3714,1267,2025-05-20,completed,credit_card
3715,1267,2025-09-18,completed,paypal
3716,1267,2025-12-22,completed,paypal
3717,1268,2025-11-27,completed,credit_card
3718,1268,2025-12-03,completed,debit_card
3719,1268,2025-12-05,completed,credit_card
3720,1268,2025-12-27,completed,credit_card
3721,1268,2025-12-31,completed,credit_card
3722,1269,2025-12-07,completed,paypal
3723,1270,2024-08-07,completed,debit_card
3724,1271,2024-12-06,completed,credit_card
3725,1272,2025-04-07,completed,credit_card
3726,1272,2025-08-21,completed,credit_card
3727,1272,2025-10-22,completed,paypal
3728,1272,2025-12-18,completed,upi
3729,1273,2025-04-09,completed,credit_card
3730,1274,2025-12-23,completed,credit_card
3731,1274,2025-12-26,completed,credit_card
3732,1275,2025-01-15,refunded,credit_card
3733,1275,2025-02-23,completed,credit_card
3734,1275,2025-06-01,completed,paypal
3735,1275,2025-09-06,completed,credit_card
3736,1276,2025-12-21,completed,credit_card
3737,1277,2025-06-04,completed,paypal
3738,1277,2025-09-02,completed,paypal
3739,1278,2025-12-10,completed,credit_card
3740,1278,2025-12-15,completed,credit_card
3741,1278,2025-12-26,completed,credit_card
3742,1278,2025-12-27,completed,paypal
3743,1279,2024-11-20,completed,paypal
3744,1279,2025-03-30,completed,upi
3745,1280,2025-04-21,completed,debit_card
3746,1280,2025-07-25,completed,credit_card
3747,1280,2025-12-27,completed,paypal
3748,1281,2025-01-21,completed,credit_card
3749,1281,2025-09-12,completed,debit_card
3750,1282,2025-01-20,completed,paypal
3751,1283,2025-02-17,completed,debit_card
3752,1283,2025-10-28,completed,credit_card
3753,1283,2025-12-02,completed,upi
3754,1283,2025-12-09,completed,credit_card
3755,1284,2025-06-02,completed,upi
3756,1285,2024-04-21,completed,upi
3757,1285,2024-06-03,completed,credit_card
3758,1285,2024-08-31,completed,debit_card
3759,1285,2025-05-04,completed,credit_card
3760,1285,2025-06-24,completed,credit_card
3761,1285,2025-07-05,completed,paypal
3762,1285,2025-10-06,completed,debit_card
3763,1285,2025-10-24,completed,paypal
3764,1285,2025-12-28,completed,paypal
3765,1286,2024-12-26,completed,credit_card
3766,1286,2025-04-07,completed,credit_card
3767,1286,2025-05-04,completed,paypal
3768,1286,2025-10-15,completed,debit_card
3769,1286,2025-12-24,completed,credit_card
3770,1287,2025-07-24,completed,credit_card
3771,1287,2025-11-23,completed,credit_card
3772,1288,2025-09-12,completed,upi
3773,1288,2025-10-13,completed,credit_card
3774,1288,2025-11-25,completed,credit_card
3775,1289,2025-02-14,completed,debit_card
3776,1289,2025-05-02,refunded,credit_card
3777,1290,2025-11-24,completed,paypal
3778,1290,2025-12-29,completed,credit_card
3779,1291,2024-11-01,completed,paypal
3780,1291,2024-11-02,completed,debit_card
3781,1291,2025-02-03,completed,paypal
3782,1291,2025-10-28,completed,debit_card
3783,1291,2025-11-14,completed,debit_card
3784,1291,2025-12-08,refunded,credit_card
3785,1292,2025-12-26,completed,credit_card
3786,1293,2025-05-10,completed,paypal
3787,1294,2025-12-28,completed,debit_card
3788,1295,2025-11-12,completed,credit_card
3789,1295,2025-11-15,completed,debit_card
3790,1295,2025-11-29,refunded,debit_card
3791,1295,2025-12-02,completed,credit_card
3792,1295,2025-12-03,completed,credit_card
3793,1295,2025-12-13,completed,paypal
3794,1295,2025-12-17,completed,debit_card
3795,1296,2025-06-23,completed,credit_card
3796,1296,2025-11-11,completed,debit_card
3797,1297,2025-04-14,completed,debit_card
3798,1297,2025-07-25,completed,upi
3799,1298,2025-02-19,completed,credit_card
3800,1298,2025-12-06,cancelled,credit_card
3801,1299,2025-11-16,completed,credit_card
3802,1300,2025-12-09,completed,upi
3803,1300,2025-12-15,completed,paypal
3804,1301,2024-11-06,completed,paypal
3805,1301,2024-12-31,completed,credit_card
3806,1302,2025-11-02,completed,credit_card
3807,1302,2025-12-12,refunded,credit_card
3808,1302,2025-12-21,completed,credit_card
3809,1303,2025-12-28,completed,debit_card
3810,1304,2025-11-07,cancelled,credit_card
3811,1305,2025-04-09,completed,paypal
3812,1306,2025-09-26,completed,paypal
3813,1306,2025-10-11,completed,paypal
3814,1306,2025-11-04,completed,credit_card
3815,1306,2025-11-18,refunded,debit_card
3816,1307,2025-10-04,completed,paypal
3817,1307,2025-11-06,completed,upi
3818,1308,2024-11-03,completed,credit_card
3819,1308,2025-02-28,completed,paypal
3820,1309,2025-10-25,completed,credit_card
3821,1309,2025-11-01,completed,credit_card
3822,1310,2024-08-21,completed,credit_card
3823,1310,2024-09-17,completed,paypal
3824,1310,2024-10-03,completed,credit_card
3825,1310,2024-10-12,completed,paypal
3826,1310,2025-02-26,completed,credit_card
3827,1310,2025-04-09,completed,debit_card
3828,1310,2025-07-28,completed,debit_card
3829,1310,2025-08-11,completed,paypal
3830,1310,2025-10-02,completed,paypal
3831,1311,2025-12-15,completed,paypal
3832,1311,2025-12-20,completed,paypal
3833,1312,2024-10-13,completed,credit_card
3834,1312,2024-12-12,completed,paypal
3835,1312,2025-07-16,completed,credit_card
3836,1312,2025-09-13,completed,paypal
3837,1312,2025-10-15,completed,paypal
3838,1312,2025-11-07,completed,paypal
3839,1313,2025-11-26,completed,upi
3840,1313,2025-12-08,completed,credit_card
3841,1313,2025-12-24,refunded,paypal
3842,1313,2025-12-29,completed,paypal
3843,1314,2025-11-09,completed,debit_card
3844,1314,2025-11-19,completed,credit_card
3845,1314,2025-12-09,completed,debit_card
3846,1314,2025-12-10,completed,debit_card
3847,1314,2025-12-15,completed,paypal
3848,1314,2025-12-27,refunded,paypal
3849,1315,2025-11-29,completed,paypal
3850,1315,2025-12-01,completed,credit_card
3851,1315,2025-12-09,cancelled,debit_card
3852,1315,2025-12-14,completed,credit_card
3853,1315,2025-12-22,completed,credit_card
3854,1316,2024-08-17,completed,debit_card
3855,1317,2025-11-20,completed,debit_card
3856,1317,2025-11-26,completed,credit_card
3857,1317,2025-12-30,completed,credit_card
3858,1318,2025-05-30,completed,upi
3859,1318,2025-12-01,completed,upi
3860,1319,2025-12-10,completed,upi
3861,1320,2025-11-01,completed,upi
3862,1321,2025-08-26,completed,debit_card
3863,1322,2025-08-26,refunded,credit_card
3864,1322,2025-11-19,completed,credit_card
3865,1323,2025-03-30,refunded,paypal
3866,1323,2025-07-05,completed,credit_card
3867,1323,2025-07-21,completed,debit_card
3868,1323,2025-08-16,completed,paypal
3869,1323,2025-09-21,refunded,credit_card
3870,1323,2025-10-20,completed,credit_card
3871,1323,2025-11-15,completed,credit_card
3872,1324,2024-08-02,completed,credit_card
3873,1324,2025-03-27,completed,paypal
3874,1325,2025-09-04,completed,debit_card
3875,1326,2025-03-09,completed,paypal
3876,1326,2025-05-17,completed,paypal
3877,1326,2025-05-20,completed,credit_card
3878,1326,2025-06-08,completed,debit_card
3879,1326,2025-07-02,completed,debit_card
3880,1326,2025-08-23,completed,credit_card
3881,1326,2025-09-28,completed,credit_card
3882,1326,2025-10-11,completed,debit_card
3883,1326,2025-10-30,completed,paypal
3884,1326,2025-12-30,completed,credit_card
3885,1327,2025-09-22,completed,debit_card
3886,1327,2025-12-12,completed,debit_card
3887,1328,2025-03-16,completed,credit_card
3888,1329,2025-06-22,completed,credit_card
3889,1329,2025-10-13,completed,debit_card
3890,1330,2025-01-29,completed,paypal
3891,1330,2025-08-04,completed,credit_card
3892,1331,2025-04-05,completed,credit_card
3893,1331,2025-06-22,refunded,paypal
3894,1331,2025-09-13,completed,upi
3895,1332,2025-05-18,completed,paypal
3896,1333,2024-08-03,completed,credit_card
3897,1333,2025-07-21,completed,paypal
3898,1334,2024-08-19,completed,credit_card
3899,1334,2025-01-25,refunded,credit_card
3900,1334,2025-03-06,completed,credit_card
3901,1335,2025-07-26,completed,credit_card
3902,1335,2025-10-02,cancelled,credit_card
3903,1335,2025-11-25,completed,credit_card
3904,1335,2025-12-26,completed,debit_card
3905,1336,2025-09-10,completed,credit_card
3906,1337,2025-08-22,completed,credit_card
3907,1337,2025-09-26,completed,credit_card
3908,1338,2025-07-14,completed,paypal
3909,1338,2025-12-06,completed,upi
3910,1339,2025-06-19,refunded,paypal
3911,1340,2025-02-13,completed,credit_card
3912,1341,2025-12-11,completed,debit_card
3913,1342,2025-06-29,completed,debit_card
3914,1342,2025-06-30,refunded,credit_card
3915,1342,2025-07-06,completed,credit_card
3916,1342,2025-07-11,completed,credit_card
3917,1342,2025-12-08,completed,debit_card
3918,1342,2025-12-09,completed,paypal
3919,1343,2024-12-09,completed,paypal
3920,1343,2024-12-23,completed,debit_card
3921,1343,2024-12-30,completed,credit_card
3922,1343,2025-01-17,completed,paypal
3923,1343,2025-10-04,completed,paypal
3924,1343,2025-10-11,completed,paypal
3925,1343,2025-12-02,completed,credit_card
3926,1344,2024-12-16,completed,paypal
3927,1344,2025-10-23,completed,credit_card
3928,1345,2025-09-03,completed,credit_card
3929,1346,2025-07-14,completed,credit_card
3930,1346,2025-08-29,completed,credit_card
3931,1346,2025-09-19,completed,credit_card
3932,1346,2025-09-30,completed,paypal
3933,1346,2025-12-03,completed,upi
3934,1346,2025-12-06,completed,credit_card
3935,1346,2025-12-10,completed,credit_card
3936,1347,2024-09-22,completed,credit_card
3937,1347,2024-11-01,refunded,debit_card
3938,1347,2024-12-30,completed,paypal
3939,1347,2025-04-30,completed,credit_card
3940,1347,2025-08-03,completed,credit_card
3941,1347,2025-08-24,completed,paypal
3942,1348,2024-07-19,completed,debit_card
3943,1348,2025-08-01,completed,debit_card
3944,1348,2025-09-26,completed,credit_card
3945,1348,2025-11-14,completed,credit_card
3946,1349,2025-05-04,completed,paypal
3947,1350,2025-12-05,completed,credit_card
3948,1350,2025-12-19,completed,debit_card
3949,1351,2025-11-22,completed,paypal
3950,1351,2025-11-28,completed,debit_card
3951,1351,2025-11-29,completed,credit_card
3952,1351,2025-12-05,completed,debit_card
3953,1351,2025-12-12,completed,upi
3954,1351,2025-12-16,completed,debit_card
3955,1351,2025-12-21,completed,paypal
3956,1351,2025-12-25,completed,credit_card
3957,1351,2025-12-27,completed,credit_card
3958,1352,2025-06-23,completed,credit_card
3959,1352,2025-08-15,completed,credit_card
3960,1352,2025-12-21,completed,credit_card
3961,1353,2025-09-23,completed,debit_card
3962,1353,2025-09-30,completed,credit_card
3963,1353,2025-10-01,refunded,credit_card
3964,1353,2025-12-12,completed,debit_card
3965,1354,2025-07-04,completed,credit_card
3966,1354,2025-11-19,completed,debit_card
3967,1355,2024-10-08,completed,credit_card
3968,1355,2024-11-04,completed,credit_card
3969,1355,2025-04-11,completed,paypal
3970,1355,2025-04-19,completed,paypal
3971,1355,2025-06-06,completed,paypal
3972,1355,2025-06-11,refunded,credit_card
3973,1355,2025-08-26,completed,credit_card
3974,1356,2025-04-01,completed,debit_card
3975,1356,2025-04-17,refunded,credit_card
3976,1356,2025-05-12,refunded,credit_card
3977,1356,2025-06-06,completed,credit_card
3978,1356,2025-07-02,completed,paypal
3979,1356,2025-09-27,completed,debit_card
3980,1356,2025-11-28,completed,credit_card
3981,1356,2025-11-30,completed,credit_card
3982,1357,2024-09-13,completed,paypal
3983,1357,2025-04-02,completed,credit_card
3984,1357,2025-08-06,completed,credit_card
3985,1358,2024-10-02,completed,debit_card
3986,1358,2024-12-11,cancelled,paypal
3987,1358,2024-12-13,completed,upi
3988,1358,2025-01-06,completed,credit_card
3989,1358,2025-05-28,refunded,debit_card
3990,1358,2025-10-11,completed,debit_card
3991,1358,2025-11-11,completed,credit_card
3992,1358,2025-11-14,completed,credit_card
3993,1359,2025-10-19,completed,debit_card
3994,1360,2024-09-21,completed,paypal
3995,1360,2025-10-18,completed,debit_card
3996,1361,2025-09-11,completed,credit_card
3997,1361,2025-12-16,completed,credit_card
3998,1362,2025-10-27,completed,credit_card
3999,1362,2025-10-30,completed,paypal
4000,1363,2025-12-15,refunded,credit_card
4001,1364,2025-11-30,completed,paypal
4002,1365,2025-01-14,completed,upi
4003,1366,2025-09-15,completed,credit_card
4004,1366,2025-12-21,completed,credit_card
4005,1367,2025-06-08,completed,credit_card
4006,1367,2025-07-16,completed,credit_card
4007,1368,2025-11-17,completed,credit_card
4008,1368,2025-12-01,completed,debit_card
4009,1368,2025-12-26,completed,paypal
4010,1369,2025-01-26,completed,debit_card
4011,1369,2025-08-14,completed,debit_card
4012,1370,2025-04-15,completed,credit_card
4013,1371,2025-12-27,completed,credit_card
4014,1371,2025-12-29,completed,credit_card
4015,1372,2025-10-01,completed,debit_card
4016,1373,2025-07-20,completed,paypal
4017,1373,2025-07-27,completed,credit_card
4018,1373,2025-08-30,completed,credit_card
4019,1373,2025-09-05,completed,debit_card
4020,1373,2025-10-17,completed,upi
4021,1373,2025-11-12,cancelled,credit_card
4022,1374,2024-04-16,completed,debit_card
4023,1374,2024-06-23,completed,credit_card
4024,1374,2024-07-16,completed,credit_card
4025,1374,2024-11-15,completed,credit_card
4026,1374,2025-02-20,completed,credit_card
4027,1374,2025-05-15,cancelled,paypal
4028,1374,2025-10-16,completed,credit_card
4029,1374,2025-11-03,completed,credit_card
4030,1374,2025-11-12,completed,paypal
4031,1375,2025-11-19,completed,credit_card
4032,1375,2025-12-16,refunded,credit_card
4033,1376,2025-08-16,cancelled,credit_card
4034,1376,2025-08-18,completed,credit_card
4035,1376,2025-09-08,completed,paypal
4036,1376,2025-09-25,completed,credit_card
4037,1376,2025-10-11,completed,paypal
4038,1376,2025-10-17,completed,credit_card
4039,1376,2025-10-18,completed,paypal
4040,1376,2025-10-24,completed,paypal
4041,1377,2025-04-19,completed,credit_card
4042,1377,2025-06-05,completed,credit_card
4043,1377,2025-06-22,completed,paypal
4044,1377,2025-07-17,refunded,debit_card
4045,1377,2025-10-07,completed,debit_card
4046,1377,2025-10-28,completed,credit_card
4047,1378,2025-10-08,completed,upi
4048,1378,2025-10-10,completed,upi
4049,1378,2025-11-08,completed,credit_card
4050,1378,2025-11-13,completed,paypal
4051,1378,2025-11-22,completed,upi
4052,1379,2024-10-18,completed,credit_card
4053,1379,2025-08-22,completed,paypal
4054,1380,2025-11-05,completed,paypal
4055,1380,2025-11-27,completed,debit_card
4056,1381,2024-08-23,completed,credit_card
4057,1382,2025-10-16,cancelled,paypal
4058,1382,2025-10-19,completed,credit_card
4059,1382,2025-10-21,completed,credit_card
4060,1382,2025-10-25,completed,paypal
4061,1382,2025-10-26,completed,paypal
4062,1382,2025-12-02,completed,paypal
4063,1382,2025-12-12,completed,credit_card
4064,1382,2025-12-22,completed,upi
4065,1383,2025-05-17,completed,credit_card
4066,1384,2025-12-21,completed,paypal
4067,1384,2025-12-28,cancelled,credit_card
4068,1385,2025-10-07,completed,credit_card
4069,1386,2025-11-04,completed,upi
4070,1386,2025-11-14,completed,credit_card
4071,1386,2025-11-24,completed,debit_card
4072,1386,2025-11-25,completed,credit_card
4073,1386,2025-11-27,refunded,credit_card
4074,1386,2025-12-05,completed,upi
4075,1386,2025-12-06,completed,credit_card
4076,1386,2025-12-13,completed,debit_card
4077,1387,2025-11-19,completed,upi
4078,1388,2024-05-29,completed,credit_card
4079,1389,2025-05-24,completed,credit_card
4080,1390,2024-07-04,completed,debit_card
4081,1390,2024-11-21,cancelled,credit_card
4082,1390,2025-05-17,completed,paypal
4083,1390,2025-06-09,completed,credit_card
4084,1390,2025-06-18,completed,paypal
4085,1390,2025-08-23,completed,credit_card
4086,1390,2025-08-31,completed,debit_card
4087,1391,2025-10-06,completed,credit_card
4088,1392,2025-09-27,completed,credit_card
4089,1392,2025-11-26,completed,debit_card
4090,1393,2025-10-01,completed,credit_card
4091,1393,2025-10-30,completed,credit_card
4092,1394,2024-12-17,completed,upi
4093,1394,2025-03-12,completed,credit_card
4094,1394,2025-04-19,completed,upi
4095,1394,2025-09-04,completed,credit_card
4096,1394,2025-11-02,completed,credit_card
4097,1395,2025-02-19,completed,credit_card
4098,1395,2025-04-19,completed,credit_card
4099,1395,2025-07-06,completed,credit_card
4100,1396,2024-08-29,completed,credit_card
4101,1396,2024-09-03,completed,credit_card
4102,1396,2024-11-16,refunded,credit_card
4103,1396,2025-01-09,completed,credit_card
4104,1396,2025-01-31,completed,credit_card
4105,1396,2025-05-23,completed,credit_card
4106,1396,2025-09-21,completed,debit_card
4107,1396,2025-10-20,completed,paypal
4108,1397,2025-09-16,completed,paypal
4109,1397,2025-10-01,completed,credit_card
4110,1397,2025-11-02,completed,debit_card
4111,1397,2025-11-18,completed,credit_card
4112,1398,2025-10-04,completed,debit_card
4113,1399,2025-02-06,completed,paypal
4114,1399,2025-07-05,completed,credit_card
4115,1400,2025-08-06,completed,paypal
4116,1400,2025-09-06,completed,paypal
4117,1401,2025-10-22,completed,paypal
4118,1402,2025-11-30,completed,paypal
4119,1402,2025-12-14,completed,debit_card
4120,1403,2025-12-22,completed,credit_card
4121,1403,2025-12-27,completed,paypal
4122,1404,2025-12-20,completed,credit_card
4123,1405,2025-06-26,completed,paypal
4124,1405,2025-09-15,completed,paypal
4125,1406,2025-09-14,refunded,debit_card
4126,1406,2025-10-25,refunded,upi
4127,1406,2025-11-01,completed,paypal
4128,1406,2025-11-02,completed,debit_card
4129,1406,2025-11-05,completed,upi
4130,1406,2025-12-11,completed,debit_card
4131,1407,2024-08-17,completed,credit_card
4132,1407,2024-09-29,completed,credit_card
4133,1407,2024-10-25,completed,credit_card
4134,1407,2024-12-11,completed,credit_card
4135,1407,2024-12-17,completed,paypal
4136,1407,2025-03-31,completed,credit_card
4137,1407,2025-09-14,completed,paypal
4138,1407,2025-09-17,completed,debit_card
4139,1408,2025-03-10,completed,credit_card
4140,1408,2025-03-26,completed,credit_card
4141,1408,2025-05-17,completed,upi
4142,1408,2025-06-05,completed,credit_card
4143,1408,2025-08-12,completed,debit_card
4144,1408,2025-11-07,completed,credit_card
4145,1409,2025-11-03,completed,paypal
4146,1409,2025-11-08,cancelled,paypal
4147,1409,2025-11-13,completed,credit_card
4148,1409,2025-11-19,completed,debit_card
4149,1409,2025-11-20,completed,paypal
4150,1410,2024-04-20,completed,debit_card
4151,1410,2024-07-13,completed,credit_card
4152,1410,2024-12-06,completed,credit_card
4153,1410,2025-07-04,completed,credit_card
4154,1411,2025-05-20,completed,credit_card
4155,1412,2025-10-20,completed,paypal
4156,1412,2025-11-05,completed,credit_card
4157,1413,2025-07-31,completed,paypal
4158,1413,2025-11-04,completed,credit_card
4159,1414,2025-06-08,completed,debit_card
4160,1414,2025-10-05,completed,paypal
4161,1415,2025-01-07,completed,paypal
4162,1416,2025-12-12,completed,credit_card
4163,1417,2025-05-31,completed,debit_card
4164,1418,2024-09-16,completed,upi
4165,1418,2025-05-16,completed,paypal
4166,1419,2025-04-06,completed,paypal
4167,1419,2025-06-01,completed,credit_card
4168,1419,2025-07-01,completed,paypal
4169,1419,2025-07-07,refunded,paypal
4170,1419,2025-08-05,completed,debit_card
4171,1419,2025-08-06,completed,paypal
4172,1419,2025-10-12,completed,paypal
4173,1419,2025-10-14,cancelled,debit_card
4174,1419,2025-11-12,completed,credit_card
4175,1420,2025-04-18,completed,paypal
4176,1420,2025-07-11,completed,credit_card
4177,1421,2024-10-17,completed,paypal
4178,1421,2024-12-14,completed,credit_card
4179,1421,2025-03-17,completed,paypal
4180,1421,2025-04-29,completed,credit_card
4181,1421,2025-05-23,completed,credit_card
4182,1421,2025-08-05,completed,paypal
4183,1421,2025-08-13,completed,debit_card
4184,1421,2025-09-10,completed,debit_card
4185,1421,2025-09-28,completed,credit_card
4186,1422,2025-03-29,completed,credit_card
4187,1422,2025-06-21,completed,debit_card
4188,1422,2025-11-25,completed,credit_card
4189,1423,2025-10-26,completed,credit_card
4190,1424,2025-12-12,completed,credit_card
4191,1425,2025-04-23,completed,credit_card
4192,1425,2025-06-13,completed,debit_card
4193,1425,2025-07-15,completed,paypal
4194,1425,2025-12-04,cancelled,credit_card
4195,1426,2025-12-29,completed,credit_card
4196,1427,2025-11-06,completed,credit_card
4197,1428,2025-08-13,refunded,debit_card
4198,1428,2025-11-23,completed,debit_card
4199,1429,2024-03-19,completed,credit_card
4200,1429,2024-08-22,completed,upi
4201,1430,2025-02-16,completed,upi
4202,1430,2025-03-05,completed,paypal
4203,1430,2025-04-14,completed,credit_card
4204,1430,2025-06-16,completed,credit_card
4205,1430,2025-09-02,completed,credit_card
4206,1430,2025-12-08,completed,upi
4207,1431,2024-11-24,completed,paypal
4208,1431,2024-12-28,completed,credit_card
4209,1431,2024-12-29,completed,paypal
4210,1431,2025-02-14,completed,credit_card
4211,1431,2025-04-18,completed,credit_card
4212,1431,2025-06-22,completed,credit_card
4213,1431,2025-08-11,completed,credit_card
4214,1431,2025-09-27,completed,upi
4215,1431,2025-11-08,completed,credit_card
4216,1432,2025-06-25,completed,paypal
4217,1433,2024-07-06,completed,debit_card
4218,1433,2025-05-05,cancelled,credit_card
4219,1434,2025-06-04,completed,credit_card
4220,1435,2025-08-16,completed,credit_card
4221,1436,2025-11-30,completed,credit_card
4222,1437,2024-08-27,completed,credit_card
4223,1437,2024-09-15,completed,paypal
4224,1437,2024-12-21,completed,debit_card
4225,1437,2025-02-19,completed,debit_card
4226,1437,2025-04-19,completed,credit_card
4227,1437,2025-07-27,completed,credit_card
4228,1437,2025-08-07,refunded,credit_card
4229,1437,2025-08-27,completed,credit_card
4230,1437,2025-10-29,refunded,credit_card
4231,1437,2025-12-15,cancelled,upi
4232,1438,2025-11-26,completed,debit_card
4233,1438,2025-12-30,cancelled,credit_card
4234,1439,2025-11-10,completed,paypal
4235,1439,2025-12-28,completed,credit_card
4236,1440,2025-11-12,completed,credit_card
4237,1441,2024-10-30,completed,credit_card
4238,1441,2024-12-19,completed,debit_card
4239,1441,2025-05-16,completed,paypal
4240,1442,2024-05-02,completed,upi
4241,1443,2025-07-26,completed,credit_card
4242,1444,2024-09-07,refunded,upi
4243,1444,2025-01-19,completed,debit_card
4244,1444,2025-03-13,completed,paypal
4245,1444,2025-04-27,completed,credit_card
4246,1444,2025-06-11,completed,credit_card
4247,1444,2025-10-31,completed,upi
4248,1445,2024-05-28,completed,upi
4249,1445,2024-07-12,cancelled,paypal
4250,1445,2024-11-14,completed,credit_card
4251,1445,2025-01-08,completed,credit_card
4252,1445,2025-04-02,completed,upi
4253,1445,2025-05-16,completed,debit_card
4254,1445,2025-06-09,completed,paypal
4255,1445,2025-11-11,refunded,credit_card
4256,1446,2025-12-14,completed,paypal
4257,1447,2025-01-03,completed,paypal
4258,1447,2025-05-15,completed,credit_card
4259,1448,2024-05-19,refunded,upi
4260,1448,2024-06-18,completed,debit_card
4261,1448,2024-07-03,completed,credit_card
4262,1448,2025-02-04,completed,credit_card
4263,1448,2025-05-05,completed,credit_card
4264,1448,2025-08-29,completed,debit_card
4265,1448,2025-12-28,completed,paypal
4266,1449,2025-08-24,refunded,credit_card
4267,1450,2024-09-02,completed,debit_card
4268,1451,2025-09-01,completed,credit_card
4269,1451,2025-09-18,completed,debit_card
4270,1451,2025-09-20,completed,debit_card
4271,1451,2025-10-12,completed,paypal
4272,1451,2025-12-26,completed,paypal
4273,1452,2025-04-17,completed,paypal
4274,1452,2025-07-12,completed,credit_card
4275,1453,2024-09-21,completed,credit_card
4276,1453,2024-10-02,refunded,credit_card
4277,1453,2024-12-18,completed,credit_card
4278,1453,2025-03-02,completed,paypal
4279,1453,2025-07-03,completed,paypal
4280,1453,2025-08-29,completed,debit_card
4281,1454,2025-03-19,completed,debit_card
4282,1455,2024-08-21,completed,debit_card
4283,1455,2025-09-23,completed,paypal
4284,1456,2025-10-19,refunded,debit_card
4285,1457,2025-01-15,completed,credit_card
4286,1457,2025-12-29,completed,credit_card
4287,1458,2025-12-06,completed,credit_card
4288,1459,2024-07-09,completed,credit_card
4289,1459,2025-11-21,completed,credit_card
4290,1460,2025-03-21,completed,credit_card
4291,1461,2025-08-01,completed,debit_card
4292,1461,2025-09-01,completed,credit_card
4293,1461,2025-11-17,completed,paypal
4294,1462,2025-09-20,completed,debit_card
4295,1463,2025-12-24,completed,paypal
4296,1464,2024-11-03,completed,credit_card
4297,1464,2024-11-06,completed,upi
4298,1465,2025-12-14,completed,paypal
4299,1465,2025-12-18,completed,credit_card
4300,1466,2025-08-21,completed,paypal
4301,1467,2024-08-31,completed,debit_card
4302,1467,2025-05-16,completed,credit_card
4303,1467,2025-08-27,completed,credit_card
4304,1467,2025-12-26,completed,credit_card
4305,1468,2024-05-02,completed,debit_card
4306,1468,2024-07-05,completed,upi
4307,1468,2024-07-19,cancelled,credit_card
4308,1468,2024-12-27,completed,upi
4309,1468,2025-03-03,refunded,credit_card
4310,1468,2025-06-16,completed,credit_card
4311,1468,2025-08-02,cancelled,credit_card
4312,1468,2025-11-20,completed,debit_card
4313,1469,2025-07-01,completed,paypal
4314,1469,2025-08-16,completed,debit_card
4315,1469,2025-10-02,completed,paypal
4316,1469,2025-11-05,completed,credit_card
4317,1470,2025-02-14,completed,credit_card
4318,1470,2025-06-09,completed,debit_card
4319,1471,2025-11-16,completed,paypal
4320,1471,2025-12-09,completed,paypal
4321,1471,2025-12-14,completed,credit_card
4322,1472,2025-09-12,completed,credit_card
4323,1473,2024-10-04,completed,credit_card
4324,1473,2025-01-20,completed,credit_card
4325,1473,2025-02-05,completed,credit_card
4326,1473,2025-04-25,completed,credit_card
4327,1473,2025-08-03,completed,paypal
4328,1474,2024-06-28,completed,credit_card
4329,1474,2024-07-04,completed,credit_card
4330,1474,2024-07-14,completed,debit_card
4331,1474,2024-08-02,completed,credit_card
4332,1474,2024-11-13,completed,paypal
4333,1474,2025-04-15,completed,paypal
4334,1474,2025-05-03,completed,credit_card
4335,1474,2025-08-08,completed,debit_card
4336,1474,2025-12-10,refunded,credit_card
4337,1475,2024-10-10,completed,credit_card
4338,1475,2025-01-16,completed,credit_card
4339,1475,2025-01-20,completed,debit_card
4340,1475,2025-03-09,completed,credit_card
4341,1475,2025-10-29,completed,debit_card
4342,1475,2025-12-11,completed,paypal
4343,1476,2025-07-31,completed,paypal
4344,1476,2025-09-12,completed,credit_card
4345,1477,2024-06-17,completed,credit_card
4346,1477,2024-08-14,completed,paypal
4347,1477,2025-05-09,completed,credit_card
4348,1477,2025-08-24,completed,paypal
4349,1478,2025-05-17,cancelled,paypal
4350,1479,2025-09-24,completed,paypal
4351,1479,2025-11-19,refunded,debit_card
4352,1480,2024-07-30,completed,credit_card
4353,1480,2024-12-21,completed,paypal
4354,1480,2025-01-14,completed,paypal
4355,1480,2025-02-28,completed,debit_card
4356,1480,2025-12-02,completed,credit_card
4357,1481,2024-05-25,completed,credit_card
4358,1481,2024-08-31,completed,debit_card
4359,1481,2024-10-15,completed,paypal
4360,1481,2025-02-02,completed,paypal
4361,1481,2025-07-14,completed,debit_card
4362,1481,2025-07-19,completed,credit_card
4363,1481,2025-10-10,completed,debit_card
4364,1481,2025-10-18,completed,credit_card
4365,1482,2025-10-02,completed,credit_card
4366,1483,2025-04-24,completed,debit_card
4367,1483,2025-05-15,completed,paypal
4368,1483,2025-10-17,completed,upi
4369,1484,2025-06-26,completed,credit_card
4370,1485,2025-07-10,completed,paypal
4371,1485,2025-08-07,completed,credit_card
4372,1485,2025-09-24,completed,credit_card
4373,1485,2025-09-29,completed,paypal
4374,1485,2025-11-24,completed,credit_card
4375,1485,2025-12-18,completed,credit_card
4376,1485,2025-12-24,completed,credit_card
4377,1486,2025-11-20,completed,credit_card
4378,1486,2025-12-08,refunded,debit_card
4379,1487,2024-06-03,completed,credit_card
4380,1487,2024-06-16,completed,paypal
4381,1487,2024-09-22,completed,paypal
4382,1487,2025-02-28,completed,debit_card
4383,1487,2025-03-14,completed,debit_card
4384,1487,2025-10-10,completed,credit_card
4385,1487,2025-10-26,completed,credit_card
4386,1487,2025-11-21,completed,credit_card
4387,1488,2025-07-30,completed,credit_card
4388,1488,2025-12-21,refunded,credit_card
4389,1489,2025-06-12,cancelled,credit_card
4390,1489,2025-09-08,completed,credit_card
4391,1489,2025-11-19,completed,debit_card
4392,1489,2025-12-04,completed,paypal
4393,1490,2024-09-30,completed,paypal
4394,1490,2024-12-06,completed,debit_card
4395,1490,2025-01-10,completed,paypal
4396,1490,2025-03-24,completed,credit_card
4397,1490,2025-04-30,completed,debit_card
4398,1490,2025-06-05,completed,credit_card
4399,1490,2025-06-15,completed,paypal
4400,1490,2025-09-04,completed,paypal
4401,1490,2025-09-21,completed,credit_card
4402,1491,2025-10-08,completed,upi
4403,1491,2025-10-10,completed,debit_card
4404,1492,2024-04-05,completed,debit_card
4405,1492,2024-05-09,completed,credit_card
4406,1492,2024-11-09,completed,credit_card
4407,1492,2025-03-29,completed,credit_card
4408,1492,2025-06-16,completed,debit_card
4409,1492,2025-08-29,completed,credit_card
4410,1492,2025-09-22,completed,credit_card
4411,1493,2025-12-01,completed,upi
4412,1494,2025-07-21,completed,credit_card
4413,1494,2025-12-13,completed,credit_card
4414,1495,2025-07-09,completed,credit_card
4415,1496,2025-12-20,completed,credit_card
4416,1497,2025-11-15,completed,credit_card
4417,1497,2025-12-31,completed,paypal
4418,1498,2024-04-15,refunded,credit_card
4419,1498,2024-05-03,completed,paypal
4420,1498,2024-05-27,refunded,credit_card
4421,1498,2024-10-07,completed,debit_card
4422,1498,2024-10-11,completed,debit_card
4423,1498,2024-10-31,completed,debit_card
4424,1498,2024-12-29,refunded,paypal
4425,1498,2025-04-17,completed,credit_card
4426,1498,2025-09-13,refunded,paypal
4427,1498,2025-12-20,completed,paypal
4428,1499,2024-03-28,completed,credit_card
4429,1499,2024-09-15,completed,credit_card
4430,1499,2025-01-26,completed,paypal
4431,1499,2025-02-19,completed,debit_card
4432,1499,2025-02-23,completed,paypal
4433,1499,2025-03-13,completed,paypal
4434,1499,2025-05-11,completed,paypal
4435,1499,2025-11-02,completed,credit_card
4436,1500,2025-06-18,refunded,credit_card
4437,1500,2025-08-03,completed,credit_card
4438,1500,2025-08-27,refunded,credit_card
4439,1500,2025-10-10,completed,credit_card
4440,1500,2025-11-27,completed,credit_card
4441,1500,2025-12-02,completed,credit_card
4442,1501,2025-03-10,completed,credit_card
4443,1501,2025-05-01,completed,paypal
4444,1501,2025-05-29,completed,paypal
4445,1501,2025-06-15,completed,credit_card
4446,1501,2025-09-29,completed,debit_card
4447,1502,2025-04-09,cancelled,paypal
4448,1502,2025-04-25,completed,credit_card
4449,1502,2025-05-09,completed,paypal
4450,1502,2025-05-27,completed,upi
4451,1502,2025-05-31,completed,upi
4452,1502,2025-07-15,completed,debit_card
4453,1502,2025-08-07,completed,paypal
4454,1503,2025-12-14,completed,paypal
4455,1504,2025-02-27,completed,upi
4456,1504,2025-07-25,completed,debit_card
4457,1504,2025-08-16,completed,credit_card
4458,1505,2025-07-10,completed,paypal
4459,1505,2025-08-10,completed,debit_card
4460,1506,2025-12-31,completed,paypal
4461,1507,2025-08-10,completed,credit_card
4462,1507,2025-12-23,completed,debit_card
4463,1508,2024-04-04,completed,paypal
4464,1508,2024-08-08,completed,credit_card
4465,1508,2025-04-06,completed,upi
4466,1508,2025-07-24,completed,credit_card
4467,1508,2025-12-14,completed,paypal
4468,1509,2024-12-10,completed,paypal
4469,1510,2024-12-26,completed,debit_card
4470,1511,2025-09-21,completed,credit_card
4471,1511,2025-10-10,completed,credit_card
4472,1511,2025-10-19,completed,upi
4473,1511,2025-12-03,completed,debit_card
4474,1511,2025-12-13,completed,upi
4475,1511,2025-12-25,completed,paypal
4476,1512,2024-06-09,completed,debit_card
4477,1512,2024-08-08,completed,paypal
4478,1513,2024-03-28,completed,credit_card
4479,1513,2024-06-27,completed,debit_card
4480,1513,2024-12-11,completed,debit_card
4481,1513,2025-03-12,completed,paypal
4482,1514,2025-01-01,completed,credit_card
4483,1514,2025-06-09,completed,paypal
4484,1515,2025-06-26,completed,debit_card
4485,1515,2025-10-07,completed,credit_card
4486,1516,2025-11-11,completed,paypal
4487,1517,2025-12-18,completed,credit_card
4488,1517,2025-12-26,completed,paypal
4489,1518,2025-10-09,completed,debit_card
4490,1518,2025-10-12,completed,credit_card
4491,1518,2025-12-29,completed,paypal
4492,1519,2025-07-21,completed,paypal
4493,1519,2025-12-06,completed,paypal
4494,1520,2025-12-31,completed,upi
4495,1521,2025-05-18,completed,paypal
4496,1521,2025-08-06,completed,credit_card
4497,1522,2025-02-04,completed,paypal
4498,1522,2025-04-16,completed,paypal
4499,1522,2025-07-22,completed,upi
4500,1522,2025-07-25,completed,upi
4501,1523,2025-09-11,refunded,paypal
4502,1523,2025-10-04,completed,credit_card
4503,1523,2025-10-09,completed,credit_card
4504,1523,2025-10-12,completed,paypal
4505,1523,2025-11-07,completed,paypal
4506,1523,2025-11-23,completed,credit_card
4507,1523,2025-12-16,completed,credit_card
4508,1524,2025-07-05,completed,credit_card
4509,1524,2025-10-05,completed,debit_card
4510,1525,2024-12-12,completed,paypal
4511,1525,2025-01-07,completed,debit_card
4512,1525,2025-01-14,completed,credit_card
4513,1525,2025-02-21,completed,credit_card
4514,1525,2025-03-21,completed,credit_card
4515,1525,2025-04-21,cancelled,credit_card
4516,1525,2025-05-12,completed,debit_card
4517,1525,2025-05-18,completed,debit_card
4518,1525,2025-09-30,completed,debit_card
4519,1525,2025-11-06,completed,debit_card
4520,1526,2025-11-09,completed,credit_card
4521,1527,2025-10-26,completed,credit_card
4522,1528,2025-10-21,cancelled,credit_card
4523,1528,2025-10-24,completed,credit_card
4524,1528,2025-11-05,completed,paypal
4525,1528,2025-11-28,refunded,paypal
4526,1529,2025-05-23,completed,paypal
4527,1529,2025-05-25,completed,credit_card
4528,1529,2025-05-26,completed,upi
4529,1529,2025-06-28,completed,credit_card
4530,1529,2025-06-30,completed,credit_card
4531,1529,2025-08-22,refunded,debit_card
4532,1529,2025-10-23,completed,credit_card
4533,1529,2025-12-10,completed,paypal
4534,1529,2025-12-19,completed,paypal
4535,1530,2024-09-20,completed,credit_card
4536,1530,2025-11-11,completed,debit_card
4537,1531,2025-12-21,completed,paypal
4538,1531,2025-12-22,completed,debit_card
4539,1531,2025-12-27,completed,debit_card
4540,1531,2025-12-28,completed,credit_card
4541,1531,2025-12-29,completed,paypal
4542,1531,2025-12-30,completed,debit_card
4543,1531,2025-12-31,completed,credit_card
4544,1532,2025-03-20,completed,upi
4545,1533,2025-11-21,completed,paypal
4546,1533,2025-11-28,completed,credit_card
4547,1534,2025-11-17,completed,debit_card
4548,1534,2025-12-03,completed,debit_card
4549,1535,2025-07-25,completed,credit_card
4550,1535,2025-08-15,refunded,credit_card
4551,1535,2025-08-21,completed,debit_card
4552,1535,2025-09-04,completed,debit_card
4553,1535,2025-12-22,completed,credit_card
4554,1536,2025-05-26,completed,debit_card
4555,1536,2025-06-15,completed,debit_card
4556,1537,2025-07-13,refunded,paypal
4557,1538,2025-04-21,completed,paypal
4558,1539,2024-10-01,completed,paypal
4559,1539,2025-08-09,completed,upi
4560,1540,2025-05-07,refunded,debit_card
4561,1540,2025-09-07,completed,paypal
4562,1540,2025-10-26,completed,debit_card
4563,1540,2025-11-12,completed,upi
4564,1541,2025-06-30,completed,paypal
4565,1542,2025-06-19,completed,upi
4566,1542,2025-12-08,completed,debit_card
4567,1543,2025-05-22,completed,credit_card
4568,1543,2025-06-08,completed,paypal
4569,1544,2025-09-27,completed,credit_card
4570,1545,2025-01-09,completed,paypal
4571,1546,2024-12-20,completed,credit_card
4572,1546,2025-02-15,cancelled,paypal
4573,1546,2025-02-28,completed,credit_card
4574,1546,2025-03-01,completed,credit_card
4575,1546,2025-03-10,completed,paypal
4576,1546,2025-10-26,completed,paypal
4577,1546,2025-12-02,completed,paypal
4578,1546,2025-12-09,completed,credit_card
4579,1547,2025-04-04,refunded,paypal
4580,1547,2025-07-18,completed,credit_card
4581,1547,2025-08-21,refunded,paypal
4582,1547,2025-08-27,completed,credit_card
4583,1547,2025-09-24,cancelled,debit_card
4584,1547,2025-10-07,completed,credit_card
4585,1547,2025-10-18,completed,credit_card
4586,1547,2025-11-03,completed,debit_card
4587,1547,2025-11-19,completed,credit_card
4588,1548,2025-09-26,completed,credit_card
4589,1548,2025-12-02,completed,debit_card
4590,1549,2025-12-16,completed,credit_card
4591,1550,2025-05-08,completed,credit_card
4592,1551,2025-02-09,completed,paypal
4593,1551,2025-05-24,completed,debit_card
4594,1551,2025-10-11,completed,credit_card
4595,1551,2025-10-21,refunded,debit_card
4596,1552,2024-07-16,refunded,credit_card
4597,1552,2025-12-29,refunded,debit_card
4598,1553,2025-12-06,completed,credit_card
4599,1553,2025-12-11,completed,upi
4600,1553,2025-12-14,completed,paypal
4601,1553,2025-12-17,refunded,credit_card
4602,1553,2025-12-19,completed,paypal
4603,1553,2025-12-21,refunded,credit_card
4604,1553,2025-12-25,completed,paypal
4605,1553,2025-12-29,completed,paypal
4606,1554,2025-06-12,refunded,upi
4607,1554,2025-07-13,completed,credit_card
4608,1554,2025-08-17,completed,credit_card
4609,1554,2025-08-27,completed,upi
4610,1554,2025-11-15,completed,credit_card
4611,1554,2025-11-28,completed,paypal
4612,1555,2024-05-04,completed,credit_card
4613,1555,2025-11-27,completed,upi
4614,1556,2025-07-22,completed,debit_card
4615,1557,2024-06-29,completed,debit_card
4616,1557,2025-08-23,completed,credit_card
4617,1558,2024-10-07,refunded,paypal
4618,1558,2025-10-17,completed,credit_card
4619,1558,2025-11-26,completed,credit_card
4620,1559,2025-08-31,completed,paypal
4621,1559,2025-10-06,completed,paypal
4622,1559,2025-10-16,completed,debit_card
4623,1559,2025-11-04,completed,upi
4624,1560,2024-10-09,completed,paypal
4625,1561,2025-03-04,completed,credit_card
4626,1561,2025-03-21,completed,paypal
4627,1561,2025-04-10,completed,credit_card
4628,1561,2025-04-30,completed,credit_card
4629,1561,2025-05-25,completed,credit_card
4630,1561,2025-07-01,completed,credit_card
4631,1561,2025-09-06,completed,paypal
4632,1561,2025-11-15,completed,paypal
4633,1561,2025-12-15,completed,credit_card
4634,1562,2024-09-07,completed,credit_card
4635,1563,2025-08-14,completed,credit_card
4636,1563,2025-10-24,completed,paypal
4637,1564,2025-08-08,completed,credit_card
4638,1564,2025-11-19,completed,credit_card
4639,1565,2025-09-04,completed,paypal
4640,1565,2025-10-06,completed,credit_card
4641,1565,2025-11-28,completed,upi
4642,1565,2025-11-29,completed,credit_card
4643,1566,2025-08-12,completed,debit_card
4644,1566,2025-09-05,completed,debit_card
4645,1566,2025-09-06,completed,credit_card
4646,1566,2025-09-09,completed,paypal
4647,1566,2025-09-13,completed,paypal
4648,1566,2025-11-14,refunded,upi
4649,1566,2025-12-21,completed,debit_card
4650,1567,2025-10-17,refunded,credit_card
4651,1567,2025-11-21,completed,paypal
4652,1568,2025-03-06,completed,paypal
4653,1568,2025-10-20,completed,credit_card
4654,1569,2025-11-26,completed,debit_card
4655,1570,2024-05-09,completed,credit_card
4656,1570,2024-05-18,completed,credit_card
4657,1570,2025-01-20,completed,credit_card
4658,1570,2025-08-18,completed,credit_card
4659,1570,2025-09-27,completed,credit_card
4660,1571,2025-02-27,completed,debit_card
4661,1571,2025-06-26,completed,debit_card
4662,1571,2025-11-04,completed,credit_card
4663,1571,2025-11-30,completed,upi
4664,1572,2025-10-26,completed,credit_card
4665,1573,2025-12-09,completed,debit_card
4666,1573,2025-12-12,completed,debit_card
4667,1574,2025-03-13,completed,debit_card
4668,1574,2025-04-04,completed,credit_card
4669,1574,2025-04-19,completed,upi
4670,1574,2025-06-12,completed,paypal
4671,1574,2025-06-24,completed,paypal
4672,1574,2025-07-13,completed,debit_card
4673,1574,2025-07-30,completed,upi
4674,1574,2025-12-15,completed,debit_card
4675,1574,2025-12-20,completed,debit_card
4676,1575,2024-04-19,completed,credit_card
4677,1576,2024-11-09,completed,credit_card
4678,1576,2025-01-04,completed,debit_card
4679,1577,2025-12-01,completed,credit_card
4680,1578,2024-12-30,completed,paypal
4681,1578,2025-05-04,completed,debit_card
4682,1579,2025-02-20,completed,credit_card
4683,1580,2024-09-29,completed,paypal
4684,1580,2024-10-16,completed,debit_card
4685,1580,2025-02-02,completed,paypal
4686,1580,2025-12-17,completed,credit_card
4687,1581,2025-12-09,completed,debit_card
4688,1582,2025-06-13,completed,credit_card
4689,1582,2025-06-27,completed,credit_card
4690,1582,2025-08-19,completed,credit_card
4691,1582,2025-08-25,completed,credit_card
4692,1582,2025-09-06,completed,credit_card
4693,1582,2025-09-09,completed,debit_card
4694,1582,2025-12-17,refunded,credit_card
4695,1583,2025-10-17,completed,paypal
4696,1584,2025-04-03,refunded,upi
4697,1585,2025-11-11,completed,debit_card
4698,1585,2025-11-12,completed,credit_card
4699,1585,2025-12-18,completed,paypal
4700,1585,2025-12-29,completed,credit_card
4701,1586,2025-08-01,completed,credit_card
4702,1586,2025-09-20,completed,credit_card
4703,1587,2024-12-03,completed,credit_card
4704,1587,2025-05-13,completed,paypal
4705,1588,2024-06-19,completed,paypal
4706,1588,2024-07-19,completed,paypal
4707,1588,2024-08-10,completed,credit_card
4708,1588,2025-10-14,completed,credit_card
4709,1588,2025-11-27,completed,credit_card
4710,1589,2025-05-06,completed,paypal
4711,1589,2025-05-21,refunded,paypal
4712,1589,2025-06-05,completed,credit_card
4713,1589,2025-07-31,refunded,debit_card
4714,1589,2025-10-30,completed,debit_card
4715,1589,2025-11-01,completed,debit_card
4716,1589,2025-12-12,completed,credit_card
4717,1589,2025-12-21,completed,credit_card
4718,1589,2025-12-30,completed,credit_card
4719,1590,2025-08-26,completed,credit_card
4720,1590,2025-12-28,completed,debit_card
4721,1591,2025-10-05,completed,credit_card
4722,1591,2025-12-01,completed,credit_card
4723,1592,2024-10-29,completed,credit_card
4724,1592,2024-12-22,cancelled,debit_card
4725,1592,2025-02-19,completed,credit_card
4726,1592,2025-09-14,completed,paypal
4727,1593,2024-10-13,completed,credit_card
4728,1594,2025-08-17,completed,credit_card
4729,1595,2025-07-06,completed,debit_card
4730,1595,2025-10-01,completed,credit_card
4731,1596,2025-06-30,completed,credit_card
4732,1597,2025-08-09,completed,paypal
4733,1597,2025-11-11,completed,upi
4734,1598,2025-11-12,refunded,upi
4735,1598,2025-12-09,completed,credit_card
4736,1599,2025-09-22,completed,paypal
4737,1600,2025-11-27,completed,credit_card
4738,1600,2025-12-09,refunded,debit_card
4739,1600,2025-12-11,cancelled,debit_card
4740,1600,2025-12-12,completed,credit_card
4741,1600,2025-12-25,completed,credit_card
4742,1601,2025-10-21,completed,debit_card
4743,1601,2025-11-04,completed,paypal
4744,1602,2025-08-01,completed,credit_card
4745,1602,2025-09-07,completed,credit_card
4746,1602,2025-09-12,completed,credit_card
4747,1602,2025-10-20,completed,credit_card
4748,1602,2025-11-03,completed,paypal
4749,1602,2025-12-17,completed,credit_card
4750,1602,2025-12-29,refunded,credit_card
4751,1603,2025-01-08,completed,debit_card
4752,1603,2025-12-16,completed,upi
4753,1604,2025-09-20,completed,paypal
4754,1604,2025-10-03,completed,paypal
4755,1604,2025-10-05,completed,credit_card
4756,1604,2025-11-13,completed,paypal
4757,1604,2025-11-15,completed,paypal
4758,1604,2025-11-16,completed,credit_card
4759,1604,2025-12-05,completed,debit_card
4760,1604,2025-12-07,completed,credit_card
4761,1604,2025-12-27,completed,paypal
4762,1605,2025-12-04,refunded,paypal
4763,1605,2025-12-25,completed,paypal
4764,1606,2025-12-13,completed,credit_card
4765,1606,2025-12-21,cancelled,upi
4766,1606,2025-12-22,completed,upi
4767,1606,2025-12-28,completed,debit_card
4768,1607,2025-01-15,completed,credit_card
4769,1608,2024-03-02,completed,debit_card
4770,1608,2024-04-07,completed,paypal
4771,1608,2024-07-01,completed,credit_card
4772,1608,2024-11-13,completed,paypal
4773,1608,2025-01-12,completed,credit_card
4774,1608,2025-01-27,completed,credit_card
4775,1608,2025-02-18,completed,upi
4776,1609,2025-08-06,completed,upi
4777,1610,2024-12-05,completed,paypal
4778,1610,2025-08-07,completed,debit_card
4779,1611,2025-12-21,completed,paypal
4780,1611,2025-12-24,completed,paypal
4781,1611,2025-12-25,completed,credit_card
4782,1611,2025-12-26,completed,paypal
4783,1611,2025-12-27,completed,credit_card
4784,1611,2025-12-30,completed,debit_card
4785,1612,2025-05-22,completed,debit_card
4786,1613,2025-03-13,completed,credit_card
4787,1613,2025-04-03,completed,credit_card
4788,1613,2025-05-17,completed,credit_card
4789,1613,2025-09-08,completed,debit_card
4790,1614,2025-01-14,completed,credit_card
4791,1614,2025-04-08,completed,paypal
4792,1614,2025-07-05,completed,credit_card
4793,1615,2024-02-02,refunded,debit_card
4794,1615,2025-04-06,completed,credit_card
4795,1615,2025-06-09,completed,debit_card
4796,1616,2024-12-09,completed,credit_card
4797,1616,2025-11-29,completed,credit_card
4798,1617,2025-05-10,completed,credit_card
4799,1617,2025-10-04,completed,credit_card
4800,1618,2025-09-08,completed,credit_card
4801,1618,2025-10-25,completed,debit_card
4802,1619,2025-12-27,completed,credit_card
4803,1620,2025-05-31,completed,debit_card
4804,1621,2025-04-13,completed,paypal
4805,1621,2025-06-26,completed,debit_card
4806,1622,2024-05-30,completed,credit_card
4807,1623,2025-10-16,refunded,credit_card
4808,1623,2025-10-22,cancelled,debit_card
4809,1623,2025-12-26,completed,upi
4810,1624,2024-03-20,completed,credit_card
4811,1624,2024-05-17,completed,credit_card
4812,1624,2025-05-25,completed,debit_card
4813,1625,2024-04-27,completed,credit_card
4814,1625,2025-11-16,completed,debit_card
4815,1626,2025-08-20,completed,credit_card
4816,1626,2025-12-08,completed,paypal
4817,1627,2024-11-15,completed,paypal
4818,1627,2024-11-19,completed,credit_card
4819,1628,2025-06-11,refunded,credit_card
4820,1628,2025-07-03,completed,credit_card
4821,1628,2025-10-20,completed,paypal
4822,1629,2025-05-05,completed,credit_card
4823,1629,2025-07-23,completed,paypal
4824,1630,2025-04-17,completed,paypal
4825,1630,2025-06-07,completed,credit_card
4826,1630,2025-06-29,completed,credit_card
4827,1630,2025-08-28,completed,credit_card
4828,1631,2025-03-31,completed,paypal
4829,1632,2024-08-22,refunded,credit_card
4830,1632,2024-11-02,completed,debit_card
4831,1632,2024-12-03,completed,credit_card
4832,1632,2025-02-16,completed,credit_card
4833,1632,2025-03-15,completed,debit_card
4834,1632,2025-03-28,completed,credit_card
4835,1632,2025-04-25,completed,debit_card
4836,1632,2025-05-03,completed,paypal
4837,1632,2025-06-04,completed,credit_card
4838,1632,2025-12-25,completed,paypal
4839,1633,2025-08-29,refunded,credit_card
4840,1633,2025-10-17,completed,credit_card
4841,1634,2025-01-21,completed,credit_card
4842,1635,2025-07-28,completed,debit_card
4843,1636,2025-09-01,completed,paypal
4844,1637,2025-09-09,completed,credit_card
4845,1637,2025-09-14,completed,debit_card
4846,1637,2025-09-25,cancelled,credit_card
4847,1637,2025-10-23,completed,debit_card
4848,1637,2025-10-27,completed,paypal
4849,1637,2025-11-18,completed,debit_card
4850,1637,2025-12-02,completed,debit_card
4851,1637,2025-12-26,completed,credit_card
4852,1638,2025-03-27,completed,debit_card
4853,1638,2025-12-19,completed,credit_card
4854,1639,2024-09-13,completed,paypal
4855,1639,2025-01-29,completed,paypal
4856,1639,2025-08-23,completed,debit_card
4857,1640,2025-09-28,completed,credit_card
4858,1641,2024-09-14,completed,paypal
4859,1641,2024-09-18,completed,credit_card
4860,1641,2024-10-23,completed,debit_card
4861,1641,2025-09-20,completed,paypal
4862,1641,2025-10-03,completed,debit_card
4863,1642,2025-10-24,completed,upi
4864,1642,2025-11-23,completed,credit_card
4865,1642,2025-11-24,completed,credit_card
4866,1642,2025-12-16,completed,debit_card
4867,1642,2025-12-21,completed,debit_card
4868,1642,2025-12-24,completed,paypal
4869,1643,2024-07-17,completed,credit_card
4870,1643,2025-11-13,completed,paypal
4871,1644,2025-12-15,completed,credit_card
4872,1644,2025-12-17,completed,paypal
4873,1645,2025-02-26,completed,paypal
4874,1646,2025-05-26,completed,credit_card
4875,1646,2025-06-12,completed,upi
4876,1647,2025-05-02,completed,credit_card
4877,1648,2025-11-16,completed,debit_card
4878,1648,2025-11-19,completed,credit_card
4879,1648,2025-11-27,completed,upi
4880,1648,2025-12-01,completed,paypal
4881,1648,2025-12-08,refunded,credit_card
4882,1648,2025-12-09,cancelled,upi
4883,1648,2025-12-15,completed,credit_card
4884,1648,2025-12-17,completed,debit_card
4885,1648,2025-12-30,cancelled,credit_card
4886,1649,2025-11-26,completed,credit_card
4887,1650,2025-08-24,completed,credit_card
4888,1651,2025-10-25,completed,paypal
4889,1652,2025-05-04,completed,upi
4890,1652,2025-06-18,completed,paypal
4891,1652,2025-07-29,completed,credit_card
4892,1652,2025-07-31,completed,upi
4893,1652,2025-08-30,completed,debit_card
4894,1652,2025-10-20,completed,credit_card
4895,1652,2025-10-26,completed,credit_card
4896,1652,2025-11-20,completed,paypal
4897,1652,2025-11-30,completed,credit_card
4898,1652,2025-12-26,completed,paypal
4899,1653,2025-04-03,refunded,paypal
4900,1653,2025-08-22,completed,upi
4901,1654,2025-05-15,completed,credit_card
4902,1654,2025-08-05,completed,paypal
4903,1654,2025-09-27,completed,debit_card
4904,1654,2025-11-12,completed,paypal
4905,1654,2025-11-27,cancelled,paypal
4906,1655,2025-05-26,completed,debit_card
4907,1655,2025-09-16,completed,debit_card
4908,1656,2025-08-08,refunded,paypal
4909,1656,2025-10-26,completed,paypal
4910,1656,2025-12-03,completed,credit_card
4911,1657,2024-07-15,completed,debit_card
4912,1657,2025-12-05,completed,credit_card
4913,1658,2025-02-07,completed,debit_card
4914,1658,2025-02-16,completed,paypal
4915,1658,2025-03-20,completed,paypal
4916,1658,2025-06-04,completed,debit_card
4917,1658,2025-08-04,completed,upi
4918,1658,2025-08-14,completed,credit_card
4919,1658,2025-09-30,completed,credit_card
4920,1658,2025-10-19,completed,debit_card
4921,1658,2025-10-21,completed,upi
4922,1659,2025-04-21,completed,debit_card
4923,1659,2025-05-11,completed,credit_card
4924,1659,2025-08-31,completed,credit_card
4925,1659,2025-09-27,completed,paypal
4926,1659,2025-10-10,completed,upi
4927,1659,2025-11-25,completed,paypal
4928,1660,2024-07-25,completed,paypal
4929,1660,2024-12-02,completed,paypal
4930,1661,2025-08-11,completed,credit_card
4931,1662,2025-12-05,completed,paypal
4932,1663,2025-12-24,refunded,debit_card
4933,1663,2025-12-30,completed,credit_card
4934,1664,2025-09-25,completed,credit_card
4935,1664,2025-09-26,refunded,credit_card
4936,1664,2025-10-19,completed,paypal
4937,1664,2025-10-27,completed,credit_card
4938,1664,2025-11-12,completed,credit_card
4939,1664,2025-11-17,completed,credit_card
4940,1665,2025-07-29,completed,paypal
4941,1665,2025-10-06,completed,paypal
4942,1665,2025-12-03,completed,upi
4943,1666,2025-10-13,completed,paypal
4944,1666,2025-12-24,completed,debit_card
4945,1667,2025-11-20,completed,credit_card
4946,1667,2025-12-22,completed,credit_card
4947,1668,2025-09-21,completed,debit_card
4948,1669,2024-06-26,completed,credit_card
4949,1669,2024-12-14,completed,paypal
4950,1670,2025-02-19,completed,credit_card
4951,1670,2025-11-18,completed,credit_card
4952,1671,2025-02-09,completed,paypal
4953,1671,2025-02-24,refunded,credit_card
4954,1671,2025-03-08,completed,credit_card
4955,1671,2025-04-06,completed,credit_card
4956,1671,2025-06-09,completed,upi
4957,1671,2025-07-03,completed,paypal
4958,1671,2025-08-11,completed,upi
4959,1671,2025-09-18,completed,credit_card
4960,1671,2025-11-22,completed,credit_card
4961,1671,2025-12-08,completed,debit_card
4962,1672,2025-10-03,completed,paypal
4963,1672,2025-10-16,completed,credit_card
4964,1672,2025-10-24,completed,upi
4965,1672,2025-10-27,completed,debit_card
4966,1672,2025-10-31,completed,credit_card
4967,1672,2025-11-14,completed,credit_card
4968,1672,2025-11-25,completed,credit_card
4969,1672,2025-12-06,completed,paypal
4970,1673,2024-07-18,completed,debit_card
4971,1673,2024-09-06,refunded,credit_card
4972,1673,2025-06-27,completed,paypal
4973,1673,2025-09-17,completed,credit_card
4974,1674,2024-01-20,completed,credit_card
4975,1674,2024-05-16,completed,credit_card
4976,1674,2024-05-25,completed,paypal
4977,1674,2024-06-14,completed,credit_card
4978,1674,2024-10-30,completed,credit_card
4979,1674,2025-01-11,completed,debit_card
4980,1674,2025-03-11,completed,credit_card
4981,1674,2025-11-25,completed,paypal
4982,1675,2024-08-14,completed,paypal
4983,1676,2025-06-16,completed,paypal
4984,1676,2025-07-12,completed,credit_card
4985,1676,2025-10-07,completed,credit_card
4986,1676,2025-11-09,completed,upi
4987,1677,2024-10-30,refunded,credit_card
4988,1678,2024-11-21,completed,credit_card
4989,1678,2025-07-20,completed,debit_card
4990,1678,2025-07-30,refunded,paypal
4991,1678,2025-08-30,completed,paypal
4992,1679,2025-04-24,completed,upi
4993,1679,2025-06-06,completed,paypal
4994,1680,2025-04-23,completed,credit_card
4995,1680,2025-05-08,completed,debit_card
4996,1681,2024-12-05,completed,credit_card
4997,1681,2025-03-07,completed,debit_card
4998,1681,2025-07-07,completed,debit_card
4999,1681,2025-09-23,completed,upi
5000,1681,2025-10-07,completed,credit_card
5001,1682,2024-12-31,completed,credit_card
5002,1682,2025-02-02,completed,paypal
5003,1682,2025-06-27,completed,debit_card
5004,1682,2025-09-28,completed,paypal
5005,1683,2024-02-12,completed,debit_card
5006,1683,2024-02-16,completed,debit_card
5007,1684,2025-06-14,refunded,credit_card
5008,1684,2025-06-22,completed,credit_card
5009,1684,2025-06-30,completed,credit_card
5010,1684,2025-08-27,completed,credit_card
5011,1684,2025-09-25,completed,credit_card
5012,1684,2025-10-20,refunded,credit_card
5013,1684,2025-11-17,completed,credit_card
5014,1684,2025-11-21,refunded,debit_card
5015,1684,2025-11-27,completed,paypal
5016,1685,2025-11-10,completed,upi
5017,1685,2025-12-06,completed,debit_card
5018,1686,2024-09-27,completed,credit_card
5019,1686,2025-03-07,completed,credit_card
5020,1686,2025-12-16,completed,credit_card
5021,1687,2024-07-31,refunded,credit_card
5022,1687,2025-03-28,completed,paypal
5023,1687,2025-11-16,completed,paypal
5024,1687,2025-12-27,completed,credit_card
5025,1688,2025-07-19,completed,upi
5026,1688,2025-10-25,completed,paypal
5027,1689,2025-10-28,refunded,credit_card
5028,1690,2025-12-29,completed,paypal
5029,1690,2025-12-30,completed,debit_card
5030,1691,2025-02-20,completed,credit_card
5031,1691,2025-03-27,completed,credit_card
5032,1692,2025-06-06,completed,credit_card
5033,1692,2025-07-09,completed,paypal
5034,1692,2025-08-10,completed,debit_card
5035,1693,2025-08-11,completed,debit_card
5036,1693,2025-09-08,refunded,debit_card
5037,1693,2025-10-01,completed,credit_card
5038,1693,2025-11-25,cancelled,credit_card
5039,1693,2025-12-18,completed,credit_card
5040,1693,2025-12-22,completed,upi
5041,1694,2025-12-28,completed,paypal
5042,1695,2025-01-11,completed,paypal
5043,1695,2025-02-09,completed,paypal
5044,1695,2025-03-03,completed,credit_card
5045,1695,2025-05-24,completed,credit_card
5046,1695,2025-09-03,completed,credit_card
5047,1695,2025-11-13,completed,debit_card
5048,1696,2024-12-24,completed,credit_card
5049,1697,2025-04-19,completed,debit_card
5050,1697,2025-12-23,completed,credit_card
5051,1698,2024-11-03,cancelled,paypal
5052,1698,2024-11-21,cancelled,credit_card
5053,1699,2025-05-19,completed,credit_card
5054,1700,2024-06-23,completed,paypal
5055,1700,2024-07-17,completed,credit_card
5056,1700,2025-04-22,completed,credit_card
5057,1700,2025-09-17,completed,paypal
5058,1700,2025-11-25,completed,credit_card
5059,1701,2025-07-14,completed,paypal
5060,1701,2025-08-14,completed,debit_card
5061,1701,2025-08-27,completed,credit_card
5062,1702,2024-04-23,completed,debit_card
5063,1702,2024-06-15,completed,debit_card
5064,1702,2024-08-16,completed,debit_card
5065,1702,2024-08-25,completed,paypal
5066,1702,2024-09-22,cancelled,credit_card
5067,1702,2025-03-07,completed,paypal
5068,1702,2025-08-10,completed,credit_card
5069,1702,2025-09-12,completed,paypal
5070,1702,2025-11-20,completed,paypal
5071,1703,2025-02-10,completed,paypal
5072,1703,2025-03-18,refunded,credit_card
5073,1703,2025-06-01,completed,debit_card
5074,1703,2025-06-30,completed,paypal
5075,1703,2025-10-09,completed,credit_card
5076,1703,2025-10-21,completed,credit_card
5077,1703,2025-11-23,completed,credit_card
5078,1703,2025-12-16,completed,credit_card
5079,1704,2025-08-26,completed,credit_card
5080,1704,2025-11-09,refunded,debit_card
5081,1705,2025-04-11,completed,paypal
5082,1705,2025-05-14,completed,credit_card
5083,1705,2025-06-09,refunded,credit_card
5084,1705,2025-10-06,completed,credit_card
5085,1705,2025-11-08,completed,paypal
5086,1705,2025-11-14,completed,credit_card
5087,1706,2025-12-10,completed,credit_card
5088,1706,2025-12-25,completed,credit_card
5089,1707,2025-09-01,completed,credit_card
5090,1708,2025-12-29,completed,debit_card
5091,1708,2025-12-31,completed,paypal
5092,1709,2025-12-24,completed,credit_card
5093,1710,2025-03-10,completed,paypal
5094,1710,2025-07-29,completed,debit_card
5095,1711,2025-05-07,completed,credit_card
5096,1711,2025-10-06,completed,credit_card
5097,1712,2024-06-09,completed,debit_card
5098,1712,2025-10-22,completed,upi
5099,1713,2025-11-18,completed,debit_card
5100,1714,2024-10-22,completed,credit_card
5101,1714,2024-10-25,completed,credit_card
5102,1714,2024-10-28,completed,credit_card
5103,1714,2024-12-31,completed,credit_card
5104,1714,2025-04-09,completed,credit_card
5105,1714,2025-10-09,completed,paypal
5106,1714,2025-11-20,cancelled,credit_card
5107,1715,2025-04-08,completed,paypal
5108,1716,2025-01-10,refunded,debit_card
5109,1716,2025-02-27,completed,credit_card
5110,1716,2025-10-10,completed,credit_card
5111,1716,2025-12-09,completed,debit_card
5112,1717,2025-12-20,cancelled,credit_card
5113,1717,2025-12-22,completed,paypal
5114,1718,2025-09-24,completed,debit_card
5115,1719,2025-12-29,completed,credit_card
5116,1720,2025-02-09,completed,credit_card
5117,1721,2025-05-27,completed,paypal
5118,1722,2025-12-17,completed,paypal
5119,1723,2024-11-29,completed,credit_card
5120,1723,2025-04-13,completed,credit_card
5121,1723,2025-07-19,completed,credit_card
5122,1724,2024-12-14,completed,credit_card
5123,1724,2025-01-13,completed,upi
5124,1725,2025-04-04,completed,debit_card
5125,1726,2025-09-03,cancelled,credit_card
5126,1727,2025-03-31,completed,credit_card
5127,1727,2025-04-17,completed,credit_card
5128,1727,2025-04-18,refunded,credit_card
5129,1727,2025-06-06,completed,paypal
5130,1727,2025-12-18,completed,credit_card
5131,1728,2025-09-25,completed,paypal
5132,1728,2025-12-06,completed,upi
5133,1729,2024-07-13,completed,credit_card
5134,1729,2024-09-26,completed,credit_card
5135,1729,2024-12-06,completed,paypal
5136,1729,2025-01-17,completed,credit_card
5137,1730,2025-03-20,cancelled,credit_card
5138,1730,2025-09-30,refunded,paypal
5139,1731,2025-04-28,completed,debit_card
5140,1731,2025-06-20,completed,credit_card
5141,1731,2025-10-21,completed,credit_card
5142,1731,2025-11-03,refunded,debit_card
5143,1731,2025-12-12,completed,credit_card
5144,1731,2025-12-13,completed,credit_card
5145,1732,2025-01-20,completed,credit_card
5146,1732,2025-03-06,completed,credit_card
5147,1733,2024-09-15,completed,paypal
5148,1733,2025-02-26,completed,upi
5149,1733,2025-09-16,completed,credit_card
5150,1734,2025-01-07,completed,debit_card
5151,1734,2025-01-12,refunded,debit_card
5152,1734,2025-03-09,completed,upi
5153,1734,2025-04-19,completed,debit_card
5154,1734,2025-04-22,refunded,credit_card
5155,1734,2025-05-27,refunded,credit_card
5156,1734,2025-07-21,cancelled,credit_card
5157,1734,2025-08-16,refunded,credit_card
5158,1735,2025-07-29,completed,paypal
5159,1736,2024-07-09,completed,credit_card
5160,1736,2024-08-14,completed,credit_card
5161,1736,2025-08-05,completed,credit_card
5162,1736,2025-09-24,refunded,credit_card
5163,1737,2025-07-03,completed,credit_card
5164,1737,2025-07-04,completed,credit_card
5165,1737,2025-08-01,completed,debit_card
5166,1737,2025-08-12,completed,paypal
5167,1737,2025-09-28,completed,paypal
5168,1737,2025-11-11,completed,debit_card
5169,1737,2025-11-18,completed,credit_card
5170,1737,2025-12-07,completed,debit_card
5171,1738,2025-10-20,completed,paypal
5172,1739,2025-01-08,completed,debit_card
5173,1739,2025-07-27,refunded,credit_card
5174,1739,2025-12-03,completed,upi
5175,1740,2025-08-05,completed,paypal
5176,1740,2025-11-02,completed,paypal
5177,1741,2025-06-16,completed,debit_card
5178,1741,2025-11-24,completed,credit_card
5179,1742,2024-12-20,completed,credit_card
5180,1742,2025-04-16,completed,paypal
5181,1743,2025-07-12,completed,debit_card
5182,1743,2025-10-14,refunded,debit_card
5183,1744,2025-09-15,completed,credit_card
5184,1745,2025-10-23,completed,credit_card
5185,1745,2025-10-31,completed,paypal
5186,1745,2025-11-20,completed,upi
5187,1745,2025-12-06,completed,paypal
5188,1745,2025-12-11,cancelled,paypal
5189,1745,2025-12-13,completed,paypal
5190,1745,2025-12-17,completed,debit_card
5191,1745,2025-12-23,completed,debit_card
5192,1745,2025-12-31,completed,debit_card
5193,1746,2024-07-27,completed,credit_card
5194,1746,2024-09-01,completed,upi
5195,1746,2024-10-03,completed,debit_card
5196,1746,2025-04-07,completed,paypal
5197,1746,2025-05-08,completed,paypal
5198,1746,2025-06-03,completed,debit_card
5199,1746,2025-06-10,completed,paypal
5200,1746,2025-07-16,completed,paypal
5201,1746,2025-12-01,completed,credit_card
5202,1747,2024-10-10,completed,credit_card
5203,1747,2025-11-03,cancelled,credit_card
5204,1748,2024-11-09,completed,paypal
5205,1748,2025-02-06,completed,credit_card
5206,1749,2025-12-18,completed,debit_card
5207,1750,2025-04-04,completed,credit_card
5208,1751,2025-05-24,refunded,debit_card
5209,1751,2025-08-25,completed,credit_card
5210,1752,2025-06-29,completed,paypal
5211,1753,2025-09-19,completed,credit_card
5212,1753,2025-12-31,completed,credit_card
5213,1754,2024-10-27,completed,debit_card
5214,1754,2024-12-17,completed,debit_card
5215,1755,2025-11-15,completed,debit_card
5216,1756,2024-11-18,completed,credit_card
5217,1756,2025-11-16,completed,paypal
5218,1757,2024-09-03,refunded,credit_card
5219,1757,2025-05-12,completed,paypal
5220,1757,2025-08-03,completed,credit_card
5221,1757,2025-11-24,completed,debit_card
5222,1758,2025-10-08,completed,upi
5223,1758,2025-10-10,completed,debit_card
5224,1758,2025-10-11,completed,paypal
5225,1758,2025-10-13,completed,upi
5226,1758,2025-10-21,completed,upi
5227,1758,2025-11-02,completed,upi
5228,1758,2025-11-18,completed,paypal
5229,1758,2025-11-26,completed,credit_card
5230,1758,2025-12-02,completed,paypal
5231,1758,2025-12-28,completed,paypal
5232,1759,2025-11-10,cancelled,upi
5233,1759,2025-12-29,completed,credit_card
5234,1760,2025-05-29,completed,credit_card
5235,1760,2025-06-19,completed,paypal
5236,1760,2025-09-16,completed,debit_card
5237,1760,2025-10-27,completed,credit_card
5238,1760,2025-12-13,completed,credit_card
5239,1761,2025-08-10,completed,credit_card
5240,1761,2025-09-06,completed,credit_card
5241,1761,2025-12-04,completed,paypal
5242,1762,2025-08-28,completed,credit_card
5243,1762,2025-12-15,completed,debit_card
5244,1763,2025-06-10,completed,upi
5245,1764,2025-12-10,completed,credit_card
5246,1765,2025-10-19,completed,credit_card
5247,1766,2025-10-29,completed,credit_card
5248,1766,2025-11-11,completed,credit_card
5249,1766,2025-12-18,completed,paypal
5250,1767,2025-10-27,completed,credit_card
5251,1768,2025-10-10,completed,credit_card
5252,1768,2025-10-27,completed,credit_card
5253,1768,2025-10-30,completed,credit_card
5254,1768,2025-11-14,completed,paypal
5255,1768,2025-11-22,completed,credit_card
5256,1768,2025-11-25,completed,paypal
5257,1768,2025-12-17,completed,credit_card
5258,1768,2025-12-19,completed,paypal
5259,1768,2025-12-27,completed,paypal
5260,1769,2025-01-27,completed,debit_card
5261,1769,2025-02-05,completed,paypal
5262,1769,2025-03-16,completed,credit_card
5263,1769,2025-05-10,completed,debit_card
5264,1769,2025-09-02,completed,credit_card
5265,1769,2025-09-17,completed,credit_card
5266,1769,2025-11-12,completed,debit_card
5267,1770,2025-10-27,refunded,credit_card
5268,1770,2025-12-19,completed,credit_card
5269,1771,2024-12-22,completed,credit_card
5270,1771,2025-01-20,completed,paypal
5271,1771,2025-01-31,completed,paypal
5272,1771,2025-02-14,completed,debit_card
5273,1771,2025-04-09,refunded,credit_card
5274,1771,2025-06-20,refunded,debit_card
5275,1771,2025-12-12,completed,credit_card
5276,1772,2024-11-19,completed,credit_card
5277,1772,2025-12-22,completed,paypal
5278,1773,2025-04-04,completed,paypal
5279,1773,2025-04-16,completed,debit_card
5280,1773,2025-05-07,completed,upi
5281,1773,2025-05-17,completed,upi
5282,1773,2025-06-03,completed,credit_card
5283,1773,2025-06-15,completed,debit_card
5284,1773,2025-07-29,completed,credit_card
5285,1773,2025-10-05,refunded,paypal
5286,1773,2025-12-01,completed,debit_card
5287,1774,2024-03-18,completed,credit_card
5288,1775,2025-12-19,refunded,upi
5289,1776,2025-08-21,cancelled,upi
5290,1776,2025-10-28,completed,debit_card
5291,1776,2025-11-27,completed,upi
5292,1777,2025-11-04,completed,paypal
5293,1778,2025-03-25,completed,credit_card
5294,1778,2025-06-25,completed,debit_card
5295,1778,2025-08-01,completed,credit_card
5296,1778,2025-09-30,completed,paypal
5297,1779,2025-01-06,completed,credit_card
5298,1779,2025-02-08,completed,debit_card
5299,1780,2025-09-21,completed,paypal
5300,1780,2025-11-13,completed,paypal
5301,1781,2024-05-28,completed,credit_card
5302,1781,2025-11-15,completed,upi
5303,1782,2024-12-29,completed,credit_card
5304,1782,2025-06-23,completed,debit_card
5305,1782,2025-07-29,completed,debit_card
5306,1783,2025-06-28,completed,debit_card
5307,1783,2025-07-04,completed,credit_card
5308,1783,2025-07-23,completed,paypal
5309,1783,2025-08-03,refunded,debit_card
5310,1783,2025-09-04,completed,credit_card
5311,1783,2025-10-11,completed,credit_card
5312,1783,2025-10-17,completed,upi
5313,1783,2025-10-20,cancelled,paypal
5314,1783,2025-11-09,completed,paypal
5315,1783,2025-12-15,completed,paypal
5316,1784,2025-07-05,completed,debit_card
5317,1785,2025-04-04,completed,credit_card
5318,1786,2025-06-14,completed,upi
5319,1786,2025-07-26,completed,debit_card
5320,1787,2025-12-06,completed,credit_card
5321,1788,2024-07-21,completed,debit_card
5322,1788,2024-08-07,completed,upi
5323,1789,2024-04-24,completed,credit_card
5324,1790,2025-04-30,completed,debit_card
5325,1790,2025-06-07,cancelled,paypal
5326,1790,2025-08-23,refunded,debit_card
5327,1791,2025-04-10,completed,paypal
5328,1791,2025-09-01,completed,upi
5329,1792,2024-05-03,completed,paypal
5330,1792,2024-07-04,completed,paypal
5331,1793,2025-12-30,completed,credit_card
5332,1794,2024-09-11,completed,credit_card
5333,1795,2025-11-23,completed,credit_card
5334,1796,2025-09-10,completed,credit_card
5335,1797,2025-12-05,completed,credit_card
5336,1798,2025-11-21,refunded,credit_card
5337,1798,2025-11-28,completed,credit_card
5338,1799,2025-07-29,completed,debit_card
5339,1799,2025-11-19,completed,paypal
5340,1800,2025-09-15,completed,credit_card
5341,1800,2025-10-15,completed,upi
5342,1801,2025-08-16,completed,debit_card
5343,1801,2025-09-18,completed,credit_card
5344,1801,2025-09-20,completed,credit_card
5345,1802,2024-09-04,completed,credit_card
5346,1802,2025-03-03,completed,credit_card
5347,1803,2025-05-03,refunded,credit_card
5348,1803,2025-05-13,completed,debit_card
5349,1803,2025-11-15,cancelled,paypal
5350,1803,2025-12-03,completed,credit_card
5351,1803,2025-12-10,completed,credit_card
5352,1804,2025-10-03,completed,upi
5353,1805,2025-11-07,completed,paypal
5354,1805,2025-11-10,completed,paypal
5355,1805,2025-11-11,completed,credit_card
5356,1805,2025-11-21,completed,credit_card
5357,1805,2025-11-22,refunded,debit_card
5358,1805,2025-11-23,cancelled,credit_card
5359,1805,2025-11-28,completed,credit_card
5360,1805,2025-12-09,completed,credit_card
5361,1805,2025-12-15,completed,credit_card
5362,1806,2025-02-04,completed,debit_card
5363,1806,2025-06-20,completed,credit_card
5364,1807,2024-12-12,completed,paypal
5365,1808,2025-10-17,completed,paypal
5366,1809,2025-05-31,completed,debit_card
5367,1810,2025-09-13,completed,paypal
5368,1810,2025-09-23,completed,credit_card
5369,1811,2025-05-21,completed,paypal
5370,1812,2025-01-01,completed,credit_card
5371,1813,2025-07-03,completed,debit_card
5372,1814,2024-07-13,completed,paypal
5373,1815,2025-08-25,completed,paypal
5374,1815,2025-09-11,completed,debit_card
5375,1816,2025-07-25,completed,credit_card
5376,1816,2025-11-23,completed,paypal
5377,1817,2025-06-04,completed,paypal
5378,1817,2025-08-11,completed,paypal
5379,1818,2025-11-24,completed,debit_card
5380,1818,2025-12-04,completed,debit_card
5381,1819,2024-11-25,completed,credit_card
5382,1819,2025-02-08,completed,credit_card
5383,1820,2024-03-27,completed,paypal
5384,1820,2025-04-13,completed,credit_card
5385,1821,2025-05-09,completed,paypal
5386,1822,2025-12-29,completed,paypal
5387,1823,2025-05-14,completed,credit_card
5388,1823,2025-11-25,completed,credit_card
5389,1824,2025-07-27,completed,debit_card
5390,1824,2025-12-04,completed,credit_card
5391,1825,2025-11-10,refunded,paypal
5392,1826,2025-12-14,refunded,debit_card
5393,1827,2025-10-03,completed,credit_card
5394,1827,2025-10-14,completed,credit_card
5395,1828,2024-09-12,completed,credit_card
5396,1828,2025-02-11,completed,credit_card
5397,1828,2025-04-10,completed,credit_card
5398,1829,2025-09-10,completed,credit_card
5399,1830,2025-04-09,completed,credit_card
5400,1830,2025-09-09,completed,credit_card
5401,1831,2025-06-06,completed,debit_card
5402,1832,2025-04-12,completed,upi
5403,1832,2025-08-27,cancelled,credit_card
5404,1833,2025-08-31,completed,credit_card
5405,1833,2025-10-18,completed,paypal
5406,1834,2025-10-30,completed,debit_card
5407,1835,2025-12-18,completed,debit_card
5408,1835,2025-12-21,completed,paypal
5409,1835,2025-12-30,completed,debit_card
5410,1836,2025-10-12,completed,credit_card
5411,1837,2024-11-26,completed,credit_card
5412,1837,2025-11-12,refunded,credit_card
5413,1838,2025-10-15,completed,paypal
5414,1838,2025-10-16,completed,upi
5415,1838,2025-10-19,completed,paypal
5416,1838,2025-10-23,completed,credit_card
5417,1838,2025-11-04,completed,credit_card
5418,1838,2025-11-20,completed,upi
5419,1838,2025-11-24,completed,debit_card
5420,1838,2025-12-13,completed,paypal
5421,1838,2025-12-21,completed,paypal
5422,1838,2025-12-27,completed,credit_card
5423,1839,2025-10-30,completed,debit_card
5424,1839,2025-11-16,completed,debit_card
5425,1839,2025-12-10,refunded,credit_card
5426,1839,2025-12-23,completed,credit_card
5427,1840,2025-09-22,completed,debit_card
5428,1841,2024-07-03,completed,paypal
5429,1841,2024-07-28,completed,credit_card
5430,1841,2024-11-08,completed,paypal
5431,1841,2025-02-14,refunded,credit_card
5432,1841,2025-09-12,completed,paypal
5433,1842,2025-03-21,completed,upi
5434,1842,2025-03-29,completed,debit_card
5435,1842,2025-05-17,completed,credit_card
5436,1842,2025-09-27,completed,paypal
5437,1842,2025-11-28,completed,credit_card
5438,1842,2025-12-16,refunded,credit_card
5439,1842,2025-12-20,completed,paypal
5440,1842,2025-12-24,completed,upi
5441,1842,2025-12-28,completed,credit_card
5442,1843,2024-06-01,completed,paypal
5443,1843,2024-06-10,completed,paypal
5444,1843,2025-01-05,completed,credit_card
5445,1843,2025-01-15,completed,credit_card
5446,1843,2025-04-23,completed,credit_card
5447,1843,2025-06-14,completed,credit_card
5448,1843,2025-09-04,completed,credit_card
5449,1844,2025-11-18,completed,credit_card
5450,1844,2025-11-27,completed,credit_card
5451,1845,2025-12-26,completed,paypal
5452,1846,2025-09-19,completed,paypal
5453,1846,2025-12-14,completed,credit_card
5454,1847,2025-09-27,completed,credit_card
5455,1847,2025-12-01,completed,credit_card
5456,1848,2024-12-21,completed,paypal
5457,1849,2025-11-08,completed,debit_card
5458,1849,2025-11-09,completed,credit_card
5459,1849,2025-11-10,completed,paypal
5460,1849,2025-11-14,completed,credit_card
5461,1849,2025-11-15,completed,paypal
5462,1849,2025-11-21,completed,credit_card
5463,1849,2025-11-22,completed,credit_card
5464,1849,2025-11-29,completed,credit_card
5465,1849,2025-12-31,completed,debit_card
5466,1850,2025-12-08,completed,credit_card
5467,1851,2025-10-24,completed,debit_card
5468,1852,2024-12-19,completed,credit_card
5469,1852,2025-03-22,refunded,credit_card
5470,1852,2025-08-31,completed,credit_card
5471,1852,2025-10-25,completed,paypal
5472,1853,2024-08-07,completed,credit_card
5473,1853,2025-03-15,completed,paypal
5474,1853,2025-05-25,completed,upi
5475,1853,2025-05-29,completed,upi
5476,1853,2025-07-23,completed,debit_card
5477,1853,2025-09-30,completed,credit_card
5478,1854,2025-08-25,completed,debit_card
5479,1854,2025-09-05,completed,debit_card
5480,1854,2025-10-07,completed,debit_card
5481,1854,2025-10-18,completed,paypal
5482,1854,2025-11-02,completed,credit_card
5483,1854,2025-11-13,completed,credit_card
5484,1854,2025-11-15,completed,paypal
5485,1854,2025-12-03,completed,credit_card
5486,1854,2025-12-31,completed,upi
5487,1855,2025-12-12,completed,paypal
5488,1855,2025-12-18,completed,credit_card
5489,1855,2025-12-23,refunded,debit_card
5490,1856,2025-04-01,completed,paypal
5491,1856,2025-09-05,completed,paypal
5492,1857,2025-05-30,completed,credit_card
5493,1858,2025-03-10,completed,credit_card
5494,1858,2025-03-27,completed,credit_card
5495,1858,2025-07-19,completed,paypal
5496,1858,2025-12-23,completed,paypal
5497,1859,2025-11-06,completed,paypal
5498,1859,2025-11-12,completed,credit_card
5499,1859,2025-11-21,refunded,paypal
5500,1859,2025-11-25,completed,paypal
5501,1859,2025-12-22,completed,credit_card
5502,1859,2025-12-27,completed,credit_card
5503,1859,2025-12-31,completed,upi
5504,1860,2025-12-19,completed,debit_card
5505,1860,2025-12-26,completed,credit_card
5506,1861,2025-12-25,completed,paypal
5507,1862,2025-05-06,cancelled,credit_card
5508,1862,2025-05-10,completed,upi
5509,1863,2024-10-25,completed,upi
5510,1864,2025-09-07,completed,upi
5511,1864,2025-09-16,completed,credit_card
5512,1865,2025-12-28,refunded,paypal
5513,1865,2025-12-30,completed,paypal
5514,1865,2025-12-31,completed,paypal
5515,1866,2024-10-02,completed,credit_card
5516,1866,2024-10-24,completed,credit_card
5517,1866,2025-04-10,completed,debit_card
5518,1867,2025-10-20,completed,upi
5519,1868,2025-09-02,completed,credit_card
5520,1868,2025-10-23,refunded,debit_card
5521,1869,2025-09-07,completed,paypal
5522,1869,2025-10-24,refunded,debit_card
5523,1870,2025-12-28,completed,debit_card
5524,1871,2024-12-15,completed,credit_card
5525,1871,2025-02-03,completed,credit_card
5526,1871,2025-02-15,completed,credit_card
5527,1871,2025-06-28,completed,debit_card
5528,1871,2025-08-15,cancelled,credit_card
5529,1871,2025-12-31,completed,upi
5530,1872,2024-10-17,completed,debit_card
5531,1872,2025-04-03,completed,credit_card
5532,1873,2025-12-22,completed,debit_card
5533,1874,2025-12-22,completed,credit_card
5534,1874,2025-12-25,completed,credit_card
5535,1874,2025-12-27,completed,paypal
5536,1874,2025-12-28,completed,upi
5537,1874,2025-12-29,completed,credit_card
5538,1874,2025-12-30,completed,paypal
5539,1874,2025-12-31,completed,credit_card
5540,1875,2025-12-13,completed,debit_card
5541,1875,2025-12-25,cancelled,credit_card
5542,1876,2025-12-28,completed,paypal
5543,1877,2024-05-17,completed,credit_card
5544,1877,2024-08-03,refunded,paypal
5545,1877,2024-08-26,completed,paypal
5546,1877,2025-10-22,refunded,debit_card
5547,1878,2025-10-27,completed,credit_card
5548,1878,2025-11-21,completed,credit_card
5549,1878,2025-12-14,completed,debit_card
5550,1879,2025-11-23,completed,upi
5551,1879,2025-12-10,completed,debit_card
5552,1880,2025-04-07,completed,credit_card
5553,1880,2025-06-17,completed,credit_card
5554,1880,2025-12-04,completed,paypal
5555,1881,2025-12-22,completed,paypal
5556,1882,2025-01-17,completed,credit_card
5557,1882,2025-02-17,completed,credit_card
5558,1882,2025-04-16,completed,debit_card
5559,1882,2025-08-22,refunded,paypal
5560,1882,2025-10-08,completed,credit_card
5561,1882,2025-12-18,completed,credit_card
5562,1883,2025-06-27,completed,paypal
5563,1884,2025-04-16,completed,debit_card
5564,1884,2025-09-15,completed,credit_card
5565,1885,2025-09-17,completed,debit_card
5566,1885,2025-09-18,completed,credit_card
5567,1886,2024-07-16,completed,paypal
5568,1886,2024-08-30,completed,credit_card
5569,1886,2024-12-02,completed,debit_card
5570,1886,2025-04-21,completed,upi
5571,1886,2025-07-08,completed,upi
5572,1886,2025-07-17,completed,debit_card
5573,1886,2025-07-20,completed,paypal
5574,1886,2025-08-03,completed,credit_card
5575,1886,2025-08-15,completed,debit_card
5576,1886,2025-09-14,completed,paypal
5577,1887,2025-01-12,completed,credit_card
5578,1887,2025-02-03,completed,credit_card
5579,1888,2025-01-29,refunded,credit_card
5580,1888,2025-09-29,completed,paypal
5581,1889,2025-11-15,completed,credit_card
5582,1890,2024-12-30,completed,debit_card
5583,1890,2025-05-07,completed,paypal
5584,1890,2025-09-14,completed,credit_card
5585,1890,2025-10-12,completed,credit_card
5586,1891,2025-08-28,completed,debit_card
5587,1891,2025-11-21,refunded,paypal
5588,1892,2024-08-17,refunded,paypal
5589,1892,2024-10-10,completed,upi
5590,1892,2024-10-15,completed,credit_card
5591,1892,2024-12-19,completed,upi
5592,1892,2025-03-27,completed,paypal
5593,1892,2025-04-29,completed,upi
5594,1892,2025-09-19,completed,paypal
5595,1892,2025-11-09,completed,paypal
5596,1893,2024-06-14,completed,credit_card
5597,1893,2024-09-06,completed,paypal
5598,1893,2025-06-27,completed,credit_card
5599,1894,2024-12-25,completed,credit_card
5600,1894,2025-05-19,completed,upi
5601,1895,2025-06-23,completed,credit_card
5602,1895,2025-08-10,completed,debit_card
5603,1896,2024-11-04,refunded,upi
5604,1897,2025-09-09,completed,credit_card
5605,1898,2025-11-09,completed,credit_card
5606,1898,2025-11-25,completed,debit_card
5607,1899,2025-09-09,completed,credit_card
5608,1899,2025-11-20,completed,credit_card
5609,1900,2025-06-28,completed,paypal
5610,1900,2025-09-03,completed,credit_card
5611,1901,2025-11-09,completed,credit_card
5612,1901,2025-11-10,completed,upi
5613,1901,2025-11-23,completed,credit_card
5614,1901,2025-12-29,completed,upi
5615,1902,2025-04-24,completed,credit_card
5616,1903,2025-11-24,completed,paypal
5617,1903,2025-12-15,completed,paypal
5618,1904,2025-03-05,completed,paypal
5619,1905,2025-09-26,completed,debit_card
5620,1905,2025-11-05,completed,credit_card
5621,1906,2025-02-04,completed,debit_card
5622,1907,2025-03-17,completed,credit_card
5623,1908,2024-08-23,completed,debit_card
5624,1908,2024-10-16,completed,credit_card
5625,1908,2025-03-07,completed,debit_card
5626,1908,2025-06-21,completed,debit_card
5627,1908,2025-07-03,completed,upi
5628,1908,2025-09-05,completed,upi
5629,1908,2025-10-16,completed,credit_card
5630,1908,2025-10-21,completed,credit_card
5631,1908,2025-11-22,completed,credit_card
5632,1909,2024-12-18,completed,credit_card
5633,1909,2025-03-27,completed,debit_card
5634,1910,2025-12-15,completed,credit_card
5635,1911,2025-10-08,refunded,credit_card
5636,1911,2025-10-19,completed,credit_card
5637,1911,2025-10-22,completed,credit_card
5638,1911,2025-11-05,completed,credit_card
5639,1911,2025-11-16,completed,paypal
5640,1911,2025-11-30,completed,debit_card
5641,1911,2025-12-29,completed,credit_card
5642,1912,2024-08-07,cancelled,credit_card
5643,1912,2024-09-05,completed,credit_card
5644,1912,2025-04-11,refunded,credit_card
5645,1912,2025-04-13,completed,debit_card
5646,1912,2025-06-18,completed,credit_card
5647,1912,2025-08-22,completed,debit_card
5648,1912,2025-12-13,completed,credit_card
5649,1913,2025-05-12,completed,credit_card
5650,1913,2025-06-26,completed,credit_card
5651,1914,2024-12-19,completed,credit_card
5652,1914,2025-01-03,completed,credit_card
5653,1914,2025-01-10,completed,credit_card
5654,1914,2025-08-24,refunded,credit_card
5655,1915,2025-04-15,completed,credit_card
5656,1915,2025-05-09,completed,paypal
5657,1915,2025-08-24,completed,upi
5658,1915,2025-08-29,refunded,debit_card
5659,1915,2025-11-25,completed,paypal
5660,1915,2025-12-18,completed,upi
5661,1916,2025-03-20,completed,paypal
5662,1917,2025-11-30,completed,credit_card
5663,1917,2025-12-04,refunded,credit_card
5664,1917,2025-12-15,completed,credit_card
5665,1917,2025-12-17,completed,credit_card
5666,1917,2025-12-20,completed,credit_card
5667,1917,2025-12-25,completed,debit_card
5668,1918,2024-11-19,completed,paypal
5669,1918,2025-05-16,completed,credit_card
5670,1919,2025-05-28,completed,credit_card
5671,1919,2025-07-05,completed,credit_card
5672,1919,2025-10-30,completed,debit_card
5673,1919,2025-12-25,completed,upi
5674,1919,2025-12-28,refunded,credit_card
5675,1920,2025-09-20,completed,debit_card
5676,1920,2025-09-27,completed,credit_card
5677,1920,2025-10-02,completed,paypal
5678,1920,2025-10-04,completed,credit_card
5679,1920,2025-10-27,completed,upi
5680,1920,2025-11-01,completed,paypal
5681,1920,2025-11-18,completed,credit_card
5682,1920,2025-12-15,completed,credit_card
5683,1920,2025-12-31,completed,debit_card
5684,1921,2024-12-29,completed,upi
5685,1921,2025-12-11,completed,upi
5686,1922,2025-09-27,refunded,credit_card
5687,1922,2025-12-28,completed,credit_card
5688,1923,2025-08-26,refunded,paypal
5689,1924,2025-07-08,completed,paypal
5690,1924,2025-07-31,completed,credit_card
5691,1924,2025-08-02,completed,debit_card
5692,1924,2025-08-06,completed,paypal
5693,1924,2025-08-26,completed,paypal
5694,1924,2025-12-25,completed,debit_card
5695,1925,2025-02-06,cancelled,credit_card
5696,1926,2025-02-28,completed,credit_card
5697,1927,2025-05-16,completed,paypal
5698,1927,2025-08-12,completed,credit_card
5699,1928,2024-08-06,completed,paypal
5700,1928,2024-10-05,completed,paypal
5701,1928,2025-11-25,completed,paypal
5702,1929,2025-02-02,completed,credit_card
5703,1929,2025-04-22,completed,paypal
5704,1930,2025-11-28,completed,paypal
5705,1931,2025-08-19,completed,credit_card
5706,1931,2025-08-23,completed,credit_card
5707,1931,2025-09-07,completed,credit_card
5708,1931,2025-10-11,completed,credit_card
5709,1931,2025-12-06,refunded,credit_card
5710,1932,2025-08-29,completed,paypal
5711,1933,2025-06-06,completed,credit_card
5712,1934,2025-08-20,refunded,paypal
5713,1935,2025-11-23,completed,credit_card
5714,1936,2025-06-06,completed,paypal
5715,1936,2025-06-22,completed,paypal
5716,1936,2025-07-16,completed,paypal
5717,1936,2025-08-27,cancelled,paypal
5718,1936,2025-11-17,completed,paypal
5719,1937,2025-09-04,completed,upi
5720,1938,2025-04-08,completed,debit_card
5721,1938,2025-05-26,completed,paypal
5722,1938,2025-07-06,completed,credit_card
5723,1938,2025-09-01,completed,debit_card
5724,1938,2025-11-16,completed,credit_card
5725,1938,2025-11-18,completed,debit_card
5726,1938,2025-12-21,completed,paypal
5727,1939,2024-06-29,completed,credit_card
5728,1939,2025-01-23,cancelled,credit_card
5729,1939,2025-12-08,completed,credit_card
5730,1940,2025-05-08,refunded,debit_card
5731,1941,2025-12-17,completed,credit_card
5732,1942,2024-05-26,completed,credit_card
5733,1942,2024-08-31,completed,credit_card
5734,1942,2024-09-08,completed,paypal
5735,1942,2024-11-23,completed,debit_card
5736,1942,2024-11-27,completed,credit_card
5737,1942,2024-12-27,cancelled,credit_card
5738,1942,2025-06-01,completed,credit_card
5739,1942,2025-08-15,completed,debit_card
5740,1942,2025-09-20,completed,debit_card
5741,1942,2025-10-20,completed,credit_card
5742,1943,2025-03-27,completed,paypal
5743,1943,2025-04-19,completed,credit_card
5744,1944,2025-08-03,completed,credit_card
5745,1945,2025-12-10,completed,paypal
5746,1946,2025-11-18,refunded,credit_card
5747,1947,2025-03-13,completed,debit_card
5748,1947,2025-03-20,completed,paypal
5749,1947,2025-03-26,completed,credit_card
5750,1947,2025-07-19,completed,upi
5751,1947,2025-09-11,completed,debit_card
5752,1947,2025-09-26,completed,credit_card
5753,1947,2025-10-09,completed,debit_card
5754,1948,2025-08-01,completed,credit_card
5755,1948,2025-12-11,completed,credit_card
5756,1949,2024-08-12,completed,paypal
5757,1949,2025-03-17,completed,credit_card
5758,1949,2025-09-03,completed,paypal
5759,1950,2025-12-30,completed,credit_card
5760,1950,2025-12-31,completed,debit_card
5761,1951,2025-10-04,completed,credit_card
5762,1951,2025-12-05,completed,credit_card
5763,1952,2025-11-26,completed,debit_card
5764,1953,2025-01-23,completed,debit_card
5765,1953,2025-03-16,completed,paypal
5766,1953,2025-05-26,cancelled,credit_card
5767,1953,2025-12-30,refunded,credit_card
5768,1954,2025-07-27,completed,debit_card
5769,1955,2024-06-27,refunded,paypal
5770,1955,2024-12-14,completed,debit_card
5771,1955,2025-10-30,completed,credit_card
5772,1956,2025-04-27,completed,paypal
5773,1957,2025-05-19,completed,credit_card
5774,1957,2025-12-29,completed,upi
5775,1958,2025-07-16,completed,upi
5776,1958,2025-09-19,completed,debit_card
5777,1958,2025-09-20,completed,paypal
5778,1959,2024-11-19,completed,paypal
5779,1960,2025-09-26,completed,debit_card
5780,1961,2025-03-16,completed,debit_card
5781,1962,2024-10-17,completed,credit_card
5782,1962,2024-12-13,completed,credit_card
5783,1962,2025-03-10,completed,credit_card
5784,1962,2025-06-16,completed,paypal
5785,1962,2025-10-22,completed,debit_card
5786,1963,2025-08-24,completed,credit_card
5787,1963,2025-08-27,completed,credit_card
5788,1963,2025-10-06,completed,credit_card
5789,1963,2025-10-28,completed,upi
5790,1963,2025-10-31,completed,debit_card
5791,1963,2025-12-06,completed,credit_card
5792,1963,2025-12-11,completed,debit_card
5793,1963,2025-12-18,completed,paypal
5794,1964,2025-02-17,completed,credit_card
5795,1964,2025-02-24,completed,paypal
5796,1964,2025-03-09,completed,debit_card
5797,1964,2025-04-21,completed,credit_card
5798,1964,2025-05-01,completed,debit_card
5799,1964,2025-05-15,completed,credit_card
5800,1964,2025-08-13,completed,paypal
5801,1964,2025-08-31,completed,debit_card
5802,1964,2025-09-04,refunded,debit_card
5803,1964,2025-11-10,completed,debit_card
5804,1965,2024-02-28,completed,credit_card
5805,1965,2024-05-09,completed,credit_card
5806,1966,2025-04-04,refunded,credit_card
5807,1967,2024-03-23,completed,upi
5808,1967,2024-08-26,completed,debit_card
5809,1968,2025-03-21,completed,credit_card
5810,1968,2025-03-31,refunded,credit_card
5811,1968,2025-04-29,completed,credit_card
5812,1968,2025-07-15,completed,credit_card
5813,1968,2025-07-27,completed,credit_card
5814,1968,2025-12-16,completed,paypal
5815,1968,2025-12-25,completed,credit_card
5816,1968,2025-12-26,refunded,upi
5817,1969,2025-07-20,completed,debit_card
5818,1969,2025-08-13,completed,credit_card
5819,1969,2025-09-26,completed,paypal
5820,1969,2025-10-02,completed,credit_card
5821,1969,2025-10-03,cancelled,debit_card
5822,1969,2025-10-04,completed,debit_card
5823,1969,2025-10-06,completed,credit_card
5824,1969,2025-11-15,completed,credit_card
5825,1969,2025-12-12,completed,debit_card
5826,1969,2025-12-18,completed,paypal
5827,1970,2025-07-12,completed,credit_card
5828,1970,2025-10-22,completed,paypal
5829,1971,2025-12-30,refunded,upi
5830,1972,2025-04-01,completed,credit_card
5831,1972,2025-09-08,completed,upi
5832,1973,2025-02-10,completed,debit_card
5833,1973,2025-06-28,completed,credit_card
5834,1974,2025-02-04,completed,debit_card
5835,1974,2025-02-06,completed,credit_card
5836,1974,2025-09-02,completed,credit_card
5837,1974,2025-09-11,completed,upi
5838,1975,2025-05-30,completed,credit_card
5839,1976,2024-07-16,completed,paypal
5840,1976,2025-04-15,completed,credit_card
5841,1976,2025-06-16,completed,credit_card
5842,1977,2025-05-01,completed,credit_card
5843,1978,2024-08-02,refunded,paypal
5844,1978,2025-08-06,completed,debit_card
5845,1978,2025-08-24,completed,paypal
5846,1978,2025-08-27,completed,paypal
5847,1978,2025-10-16,completed,upi
5848,1978,2025-10-31,completed,credit_card
5849,1978,2025-11-15,completed,upi
5850,1978,2025-11-18,refunded,credit_card
5851,1979,2025-11-04,completed,paypal
5852,1979,2025-11-13,completed,credit_card
5853,1979,2025-11-17,completed,paypal
5854,1979,2025-11-21,refunded,upi
5855,1979,2025-11-22,completed,paypal
5856,1979,2025-11-28,completed,credit_card
5857,1979,2025-12-04,completed,credit_card
5858,1979,2025-12-06,completed,credit_card
5859,1979,2025-12-10,completed,paypal
5860,1980,2024-12-24,completed,credit_card
5861,1980,2025-01-02,completed,debit_card
5862,1980,2025-01-10,completed,paypal
5863,1980,2025-02-13,completed,credit_card
5864,1980,2025-05-04,completed,debit_card
5865,1980,2025-05-23,completed,credit_card
5866,1980,2025-10-08,completed,credit_card
5867,1981,2024-06-26,completed,paypal
5868,1981,2025-05-22,completed,debit_card
5869,1982,2024-08-28,completed,paypal
5870,1982,2025-05-09,completed,credit_card
5871,1982,2025-05-15,completed,credit_card
5872,1982,2025-05-21,completed,upi
5873,1982,2025-06-14,completed,credit_card
5874,1982,2025-07-16,completed,credit_card
5875,1982,2025-08-02,completed,credit_card
5876,1983,2024-10-17,completed,debit_card
5877,1983,2025-12-18,completed,credit_card
5878,1984,2024-12-03,completed,paypal
5879,1984,2025-02-18,completed,debit_card
5880,1984,2025-03-29,refunded,paypal
5881,1984,2025-08-20,completed,credit_card
5882,1984,2025-09-17,completed,credit_card
5883,1985,2025-12-07,completed,paypal
5884,1986,2025-12-17,completed,credit_card
5885,1986,2025-12-24,completed,credit_card
5886,1987,2024-06-12,completed,credit_card
5887,1988,2025-12-24,completed,credit_card
5888,1988,2025-12-25,cancelled,credit_card
5889,1988,2025-12-26,completed,paypal
5890,1988,2025-12-27,completed,paypal
5891,1988,2025-12-28,completed,paypal
5892,1988,2025-12-29,completed,debit_card
5893,1988,2025-12-30,completed,debit_card
5894,1988,2025-12-31,completed,paypal
5895,1989,2025-07-16,completed,paypal
5896,1989,2025-07-31,completed,credit_card
5897,1990,2025-05-25,cancelled,credit_card
5898,1990,2025-09-17,completed,debit_card
5899,1991,2025-10-05,completed,paypal
5900,1991,2025-12-20,completed,credit_card
5901,1992,2024-12-16,completed,credit_card
5902,1993,2025-03-05,completed,upi
5903,1993,2025-08-19,cancelled,credit_card
5904,1994,2025-10-11,completed,credit_card
5905,1995,2025-03-25,completed,credit_card
5906,1995,2025-05-01,cancelled,upi
5907,1996,2025-04-20,completed,credit_card
5908,1997,2025-12-03,completed,paypal
5909,1998,2025-09-27,completed,credit_card
5910,1999,2025-09-22,completed,credit_card
5911,1999,2025-10-24,refunded,paypal
5912,2000,2025-08-21,completed,debit_card
5913,2000,2025-12-01,completed,credit_card
5914,2001,2025-12-31,completed,upi
5915,2002,2025-12-21,completed,credit_card
5916,2003,2024-11-26,completed,debit_card
5917,2003,2025-03-11,completed,upi
5918,2003,2025-08-09,completed,credit_card
5919,2004,2024-12-17,completed,debit_card
5920,2004,2025-04-07,completed,credit_card
5921,2005,2024-12-14,completed,paypal
5922,2005,2025-12-17,completed,paypal
5923,2006,2025-03-08,cancelled,credit_card
5924,2006,2025-10-03,refunded,debit_card
5925,2007,2024-09-10,completed,upi
5926,2007,2024-11-02,completed,debit_card
5927,2007,2025-01-04,completed,debit_card
5928,2007,2025-04-05,completed,credit_card
5929,2007,2025-04-18,completed,credit_card
5930,2007,2025-08-24,completed,debit_card
5931,2007,2025-11-19,refunded,credit_card
5932,2007,2025-12-29,completed,upi
5933,2008,2025-08-11,completed,credit_card
5934,2008,2025-09-27,completed,credit_card
5935,2009,2025-03-15,completed,paypal
5936,2010,2025-10-24,cancelled,credit_card
5937,2010,2025-11-09,completed,paypal
5938,2010,2025-11-13,completed,upi
5939,2010,2025-11-20,completed,credit_card
5940,2010,2025-12-11,completed,debit_card
5941,2010,2025-12-15,completed,credit_card
5942,2010,2025-12-19,completed,credit_card
5943,2010,2025-12-22,completed,credit_card
5944,2010,2025-12-24,completed,credit_card
5945,2010,2025-12-29,completed,credit_card
5946,2011,2025-11-15,completed,credit_card
5947,2012,2025-06-28,completed,paypal
5948,2012,2025-08-15,completed,credit_card
5949,2013,2025-01-07,completed,debit_card
5950,2013,2025-05-25,completed,credit_card
5951,2014,2024-06-28,completed,upi
5952,2014,2025-03-16,completed,credit_card
5953,2015,2025-09-09,completed,debit_card
5954,2015,2025-12-29,completed,paypal
5955,2016,2025-09-24,completed,credit_card
5956,2016,2025-10-06,refunded,paypal
5957,2016,2025-10-10,completed,upi
5958,2016,2025-11-25,refunded,upi
5959,2016,2025-11-30,completed,upi
5960,2016,2025-12-18,completed,debit_card
5961,2017,2025-08-01,completed,credit_card
5962,2017,2025-08-10,completed,upi
5963,2017,2025-08-21,completed,debit_card
5964,2017,2025-09-02,completed,credit_card
5965,2017,2025-10-14,completed,credit_card
5966,2018,2024-09-25,completed,paypal
5967,2018,2024-11-30,completed,credit_card
5968,2019,2025-12-11,completed,credit_card
5969,2019,2025-12-20,completed,credit_card
5970,2020,2025-09-28,completed,paypal
5971,2020,2025-11-24,completed,credit_card
5972,2021,2025-10-02,completed,debit_card
5973,2022,2024-11-13,refunded,debit_card
5974,2022,2025-01-22,completed,credit_card
5975,2023,2025-02-16,completed,debit_card
5976,2024,2025-08-03,cancelled,credit_card
5977,2024,2025-09-28,completed,paypal
5978,2025,2025-03-26,completed,debit_card
5979,2025,2025-04-06,completed,upi
5980,2025,2025-04-13,completed,upi
5981,2025,2025-11-19,cancelled,debit_card
5982,2026,2024-11-19,completed,credit_card
5983,2027,2025-09-30,completed,paypal
5984,2027,2025-11-13,completed,credit_card
5985,2028,2025-02-12,completed,debit_card
5986,2028,2025-11-29,completed,credit_card
5987,2028,2025-12-06,completed,paypal
5988,2029,2025-11-07,completed,debit_card
5989,2029,2025-12-30,completed,upi
5990,2030,2025-10-07,completed,credit_card
5991,2031,2025-12-20,completed,credit_card
5992,2032,2024-11-11,completed,credit_card
5993,2032,2025-03-25,completed,paypal
5994,2032,2025-12-01,completed,credit_card
5995,2032,2025-12-27,completed,upi
5996,2032,2025-12-30,completed,credit_card
5997,2033,2025-11-19,cancelled,credit_card
5998,2033,2025-11-27,cancelled,credit_card
5999,2033,2025-12-20,completed,credit_card
6000,2034,2025-12-07,refunded,credit_card
6001,2034,2025-12-10,completed,credit_card
6002,2034,2025-12-23,completed,debit_card
6003,2035,2025-06-05,completed,upi
6004,2036,2025-07-18,completed,debit_card
6005,2036,2025-07-27,completed,upi
6006,2036,2025-08-04,refunded,credit_card
6007,2036,2025-08-14,completed,debit_card
6008,2036,2025-08-30,completed,paypal
6009,2037,2025-05-15,completed,debit_card
6010,2037,2025-08-02,completed,credit_card
6011,2038,2025-07-26,completed,paypal
6012,2039,2025-07-21,completed,upi
6013,2039,2025-12-19,completed,credit_card
6014,2040,2025-10-28,completed,paypal
6015,2040,2025-11-28,completed,credit_card
6016,2041,2025-07-11,completed,credit_card
6017,2041,2025-08-06,completed,paypal
6018,2041,2025-08-14,completed,paypal
6019,2041,2025-09-04,completed,debit_card
6020,2041,2025-09-06,completed,credit_card
6021,2041,2025-10-03,completed,credit_card
6022,2041,2025-11-25,completed,paypal
6023,2041,2025-12-04,completed,credit_card
6024,2041,2025-12-21,completed,upi
6025,2042,2025-06-09,completed,credit_card
6026,2042,2025-11-06,completed,credit_card
6027,2042,2025-11-16,completed,debit_card
6028,2043,2025-08-04,completed,paypal
6029,2044,2024-10-07,completed,credit_card
6030,2045,2025-04-07,completed,paypal
6031,2045,2025-06-05,refunded,debit_card
6032,2045,2025-07-12,completed,paypal
6033,2045,2025-08-08,refunded,credit_card
6034,2045,2025-08-21,completed,upi
6035,2045,2025-09-18,completed,credit_card
6036,2045,2025-11-04,completed,credit_card
6037,2045,2025-12-28,completed,upi
6038,2046,2025-12-15,completed,debit_card
6039,2047,2024-11-02,completed,paypal
6040,2047,2024-12-19,completed,debit_card
6041,2048,2025-11-12,completed,paypal
6042,2049,2025-04-24,completed,credit_card
6043,2049,2025-05-19,completed,credit_card
6044,2049,2025-09-13,completed,paypal
6045,2050,2025-08-14,completed,paypal
6046,2050,2025-12-13,completed,credit_card
6047,2051,2025-02-04,completed,debit_card
6048,2051,2025-12-04,completed,credit_card
6049,2052,2025-03-15,completed,debit_card
6050,2052,2025-05-14,completed,paypal
6051,2052,2025-06-04,completed,credit_card
6052,2053,2025-02-21,cancelled,debit_card
6053,2053,2025-08-05,completed,debit_card
6054,2054,2024-12-03,completed,credit_card
6055,2054,2025-08-11,completed,credit_card
6056,2055,2025-06-18,completed,debit_card
6057,2055,2025-07-23,completed,debit_card
6058,2055,2025-10-24,cancelled,credit_card
6059,2056,2025-04-24,completed,debit_card
6060,2056,2025-08-25,completed,debit_card
6061,2057,2025-11-07,completed,paypal
6062,2057,2025-12-22,completed,upi
6063,2058,2025-10-23,completed,upi
6064,2058,2025-12-01,completed,upi
6065,2058,2025-12-25,completed,paypal
6066,2058,2025-12-27,completed,credit_card
6067,2059,2025-06-01,completed,credit_card
6068,2060,2025-11-05,completed,credit_card
6069,2060,2025-11-07,completed,paypal
6070,2061,2025-02-01,completed,debit_card
6071,2062,2025-01-27,completed,upi
6072,2062,2025-10-27,completed,credit_card
6073,2063,2025-01-08,completed,paypal
6074,2063,2025-04-11,completed,credit_card
6075,2063,2025-05-23,completed,credit_card
6076,2063,2025-10-16,completed,paypal
6077,2064,2025-02-08,completed,paypal
6078,2064,2025-03-05,completed,credit_card
6079,2064,2025-03-25,completed,credit_card
6080,2064,2025-04-07,completed,credit_card
6081,2064,2025-05-09,completed,paypal
6082,2064,2025-05-20,completed,credit_card
6083,2064,2025-06-12,completed,paypal
6084,2064,2025-10-26,completed,debit_card
6085,2064,2025-12-13,completed,credit_card
6086,2065,2025-08-29,completed,debit_card
6087,2065,2025-10-16,completed,upi
6088,2066,2025-06-24,completed,paypal
6089,2066,2025-10-01,completed,paypal
6090,2067,2025-10-23,completed,credit_card
6091,2068,2025-02-18,completed,debit_card
6092,2069,2025-12-17,completed,credit_card
6093,2070,2025-05-03,completed,debit_card
6094,2070,2025-06-03,completed,paypal
6095,2070,2025-06-27,completed,credit_card
6096,2070,2025-10-17,completed,credit_card
6097,2070,2025-11-25,refunded,paypal
6098,2071,2025-12-22,completed,credit_card
6099,2071,2025-12-27,completed,credit_card
6100,2072,2025-05-28,completed,paypal
6101,2072,2025-08-08,completed,debit_card
6102,2073,2025-12-20,completed,debit_card
6103,2074,2024-07-20,completed,credit_card
6104,2074,2025-09-24,completed,paypal
6105,2074,2025-12-26,completed,credit_card
6106,2075,2024-09-17,completed,paypal
6107,2075,2024-09-29,cancelled,upi
6108,2075,2024-11-30,completed,credit_card
6109,2075,2024-12-13,completed,paypal
6110,2075,2025-01-03,completed,credit_card
6111,2075,2025-02-15,completed,credit_card
6112,2075,2025-03-09,completed,paypal
6113,2075,2025-06-14,completed,paypal
6114,2075,2025-10-07,completed,credit_card
6115,2076,2024-09-06,completed,credit_card
6116,2076,2024-09-15,completed,upi
6117,2076,2024-10-03,completed,credit_card
6118,2076,2024-10-12,completed,upi
6119,2076,2024-12-20,completed,debit_card
6120,2076,2025-04-28,completed,upi
6121,2076,2025-05-08,completed,credit_card
6122,2076,2025-11-10,completed,upi
6123,2077,2025-04-28,completed,credit_card
6124,2078,2024-10-06,completed,credit_card
6125,2078,2024-10-19,completed,upi
6126,2078,2024-11-02,completed,debit_card
6127,2078,2025-02-20,completed,paypal
6128,2078,2025-05-14,completed,paypal
6129,2078,2025-11-01,completed,paypal
6130,2079,2024-11-02,completed,debit_card
6131,2079,2024-12-10,cancelled,credit_card
6132,2079,2025-01-04,completed,credit_card
6133,2079,2025-06-25,completed,credit_card
6134,2080,2025-02-28,completed,credit_card
6135,2080,2025-09-06,completed,credit_card
6136,2081,2025-04-23,refunded,credit_card
6137,2081,2025-10-18,refunded,debit_card
6138,2082,2024-10-06,completed,credit_card
6139,2082,2024-10-29,completed,paypal
6140,2083,2024-03-30,completed,credit_card
6141,2083,2024-04-06,completed,upi
6142,2083,2024-04-13,completed,credit_card
6143,2083,2024-10-10,completed,debit_card
6144,2083,2025-01-18,completed,credit_card
6145,2083,2025-02-09,completed,credit_card
6146,2083,2025-06-09,completed,credit_card
6147,2083,2025-10-17,cancelled,paypal
6148,2083,2025-10-25,completed,debit_card
6149,2083,2025-12-30,completed,paypal
6150,2084,2025-03-29,completed,credit_card
6151,2085,2025-04-17,refunded,paypal
6152,2085,2025-05-28,completed,paypal
6153,2085,2025-06-04,refunded,credit_card
6154,2085,2025-09-27,completed,upi
6155,2085,2025-10-23,completed,debit_card
6156,2086,2025-06-22,completed,paypal
6157,2086,2025-07-15,completed,credit_card
6158,2086,2025-07-25,completed,credit_card
6159,2086,2025-07-27,completed,credit_card
6160,2086,2025-08-17,completed,upi
6161,2086,2025-11-02,completed,upi
6162,2086,2025-11-07,completed,paypal
6163,2087,2025-08-04,completed,debit_card
6164,2087,2025-10-09,completed,credit_card
6165,2088,2025-08-02,refunded,credit_card
6166,2089,2025-05-29,completed,upi
6167,2089,2025-06-05,completed,upi
6168,2089,2025-07-05,completed,credit_card
6169,2089,2025-07-19,completed,paypal
6170,2089,2025-08-18,completed,credit_card
6171,2089,2025-09-12,completed,credit_card
6172,2089,2025-10-28,completed,paypal
6173,2090,2024-11-21,completed,debit_card
6174,2090,2025-05-30,completed,debit_card
6175,2091,2025-02-11,completed,credit_card
6176,2091,2025-04-23,completed,debit_card
6177,2092,2025-11-27,completed,credit_card
6178,2092,2025-12-04,completed,credit_card
6179,2092,2025-12-30,completed,debit_card
6180,2093,2024-12-30,completed,paypal
6181,2093,2025-06-03,completed,credit_card
6182,2094,2025-01-05,completed,credit_card
6183,2094,2025-07-31,completed,credit_card
6184,2094,2025-11-15,completed,credit_card
6185,2094,2025-12-30,completed,debit_card
6186,2095,2025-01-28,completed,credit_card
6187,2095,2025-04-07,completed,credit_card
6188,2096,2024-04-14,refunded,debit_card
6189,2097,2025-11-05,completed,debit_card
6190,2097,2025-11-14,completed,upi
6191,2098,2025-02-27,completed,paypal
6192,2098,2025-04-18,completed,paypal
6193,2099,2024-12-05,completed,credit_card
6194,2099,2025-05-18,completed,paypal
6195,2100,2024-06-18,refunded,credit_card
6196,2100,2024-08-31,completed,upi
6197,2100,2024-10-06,completed,debit_card
6198,2100,2025-05-08,completed,credit_card
6199,2100,2025-08-03,completed,credit_card
6200,2100,2025-08-19,completed,credit_card
6201,2100,2025-09-16,completed,paypal
6202,2100,2025-09-24,completed,credit_card
6203,2100,2025-12-03,cancelled,credit_card
6204,2101,2025-07-09,completed,credit_card
6205,2102,2025-07-06,cancelled,upi
6206,2103,2025-05-11,completed,debit_card
6207,2103,2025-05-17,completed,upi
6208,2104,2025-03-29,completed,credit_card
6209,2104,2025-07-13,completed,paypal
6210,2105,2025-09-01,completed,credit_card
6211,2106,2025-04-19,cancelled,credit_card
6212,2106,2025-08-26,completed,paypal
6213,2106,2025-11-25,completed,debit_card
6214,2107,2024-08-06,completed,paypal
6215,2107,2025-04-28,completed,paypal
6216,2107,2025-06-12,cancelled,credit_card
6217,2108,2025-09-01,completed,paypal
6218,2109,2025-12-13,completed,upi
6219,2109,2025-12-28,completed,credit_card
6220,2110,2025-06-01,completed,credit_card
6221,2110,2025-06-14,completed,paypal
6222,2110,2025-07-03,refunded,credit_card
6223,2111,2025-09-14,completed,credit_card
6224,2111,2025-12-15,completed,upi
6225,2112,2025-08-23,completed,credit_card
6226,2112,2025-11-23,completed,debit_card
6227,2113,2025-03-18,completed,debit_card
6228,2114,2025-12-23,completed,credit_card
6229,2115,2025-08-24,completed,paypal
6230,2115,2025-12-27,completed,credit_card
6231,2116,2024-10-24,completed,debit_card
6232,2117,2025-08-08,cancelled,debit_card
6233,2117,2025-08-29,completed,credit_card
6234,2118,2025-12-13,completed,credit_card
6235,2119,2025-07-29,completed,paypal
6236,2120,2025-08-27,completed,paypal
6237,2120,2025-09-16,completed,credit_card
6238,2120,2025-10-23,completed,credit_card
6239,2121,2024-11-07,completed,credit_card
6240,2121,2024-12-12,completed,credit_card
6241,2121,2025-02-11,completed,debit_card
6242,2121,2025-05-20,completed,credit_card
6243,2121,2025-11-26,completed,credit_card
6244,2122,2025-06-11,completed,credit_card
6245,2122,2025-12-29,completed,debit_card
6246,2123,2024-08-17,completed,credit_card
6247,2123,2024-09-20,completed,credit_card
6248,2123,2025-02-01,completed,upi
6249,2123,2025-02-15,completed,paypal
6250,2124,2024-06-29,completed,debit_card
6251,2124,2024-08-04,completed,credit_card
6252,2124,2024-10-13,completed,paypal
6253,2124,2025-02-03,completed,upi
6254,2124,2025-03-25,completed,upi
6255,2124,2025-04-03,completed,debit_card
6256,2124,2025-06-08,completed,upi
6257,2124,2025-08-29,completed,paypal
6258,2124,2025-11-30,completed,credit_card
6259,2125,2025-04-18,completed,upi
6260,2125,2025-06-18,completed,paypal
6261,2125,2025-07-18,completed,debit_card
6262,2125,2025-08-02,completed,credit_card
6263,2126,2025-11-13,completed,paypal
6264,2126,2025-12-26,completed,credit_card
6265,2127,2025-05-06,completed,credit_card
6266,2127,2025-12-19,completed,paypal
6267,2128,2025-06-20,completed,credit_card
6268,2129,2025-04-22,completed,paypal
6269,2129,2025-05-19,completed,debit_card
6270,2129,2025-06-20,completed,credit_card
6271,2129,2025-07-25,completed,credit_card
6272,2129,2025-09-23,refunded,credit_card
6273,2129,2025-11-25,completed,credit_card
6274,2129,2025-12-11,completed,paypal
6275,2129,2025-12-20,completed,debit_card
6276,2130,2025-09-20,completed,credit_card
6277,2130,2025-10-17,completed,paypal
6278,2130,2025-10-18,completed,paypal
6279,2130,2025-11-04,completed,paypal
6280,2130,2025-11-08,completed,paypal
6281,2130,2025-11-10,completed,credit_card
6282,2130,2025-11-16,completed,upi
6283,2130,2025-11-29,completed,debit_card
6284,2130,2025-12-01,completed,credit_card
6285,2130,2025-12-21,completed,credit_card
6286,2131,2025-05-17,cancelled,debit_card
6287,2132,2025-03-01,completed,credit_card
6288,2132,2025-12-07,completed,credit_card
6289,2133,2025-12-09,completed,paypal
6290,2133,2025-12-17,completed,credit_card
6291,2133,2025-12-25,completed,upi
6292,2133,2025-12-26,completed,debit_card
6293,2134,2025-04-23,completed,credit_card
6294,2135,2025-09-13,completed,debit_card
6295,2136,2025-05-14,refunded,debit_card
6296,2136,2025-05-21,completed,paypal
6297,2136,2025-08-10,completed,credit_card
6298,2136,2025-08-11,completed,credit_card
6299,2136,2025-10-01,completed,credit_card
6300,2136,2025-10-31,completed,paypal
6301,2136,2025-11-26,completed,paypal
6302,2136,2025-12-16,completed,credit_card
6303,2137,2024-06-09,completed,paypal
6304,2138,2025-03-29,completed,debit_card
6305,2138,2025-03-31,completed,debit_card
6306,2139,2025-09-27,completed,credit_card
6307,2139,2025-10-02,completed,credit_card
6308,2140,2025-06-25,refunded,paypal
6309,2140,2025-07-08,completed,credit_card
6310,2140,2025-08-04,completed,paypal
6311,2140,2025-08-21,completed,debit_card
6312,2140,2025-08-29,refunded,credit_card
6313,2140,2025-09-12,completed,credit_card
6314,2140,2025-11-07,completed,upi
6315,2140,2025-11-09,completed,debit_card
6316,2141,2024-11-18,completed,credit_card
6317,2141,2025-02-18,completed,paypal
6318,2141,2025-08-14,completed,credit_card
6319,2141,2025-10-26,completed,debit_card
6320,2142,2025-12-11,completed,debit_card
6321,2143,2024-03-05,completed,paypal
6322,2144,2024-03-31,completed,upi
6323,2144,2024-07-15,completed,credit_card
6324,2144,2024-09-09,completed,credit_card
6325,2144,2025-05-06,completed,upi
6326,2144,2025-07-02,completed,credit_card
6327,2144,2025-07-19,completed,paypal
6328,2144,2025-07-29,completed,credit_card
6329,2144,2025-11-24,completed,credit_card
6330,2145,2025-12-12,completed,debit_card
6331,2145,2025-12-28,completed,paypal
6332,2146,2025-10-16,completed,paypal
6333,2146,2025-10-17,completed,credit_card
6334,2146,2025-10-26,completed,debit_card
6335,2146,2025-10-29,completed,credit_card
6336,2146,2025-10-31,completed,credit_card
6337,2146,2025-11-01,completed,credit_card
6338,2146,2025-11-08,completed,debit_card
6339,2146,2025-11-22,completed,debit_card
6340,2147,2025-03-05,completed,credit_card
6341,2147,2025-05-05,completed,debit_card
6342,2147,2025-06-07,completed,credit_card
6343,2147,2025-06-23,completed,upi
6344,2147,2025-10-24,completed,credit_card
6345,2148,2025-02-21,completed,credit_card
6346,2148,2025-03-24,completed,debit_card
6347,2148,2025-04-15,completed,debit_card
6348,2148,2025-06-11,completed,paypal
6349,2148,2025-09-02,completed,debit_card
6350,2148,2025-09-07,refunded,credit_card
6351,2148,2025-10-10,completed,credit_card
6352,2148,2025-11-24,completed,debit_card
6353,2149,2025-06-15,completed,debit_card
6354,2149,2025-07-09,completed,debit_card
6355,2149,2025-07-19,completed,credit_card
6356,2149,2025-07-22,completed,credit_card
6357,2149,2025-10-01,completed,paypal
6358,2149,2025-10-12,completed,credit_card
6359,2149,2025-12-06,completed,debit_card
6360,2149,2025-12-16,completed,credit_card
6361,2150,2025-11-28,completed,credit_card
6362,2150,2025-12-06,refunded,upi
6363,2150,2025-12-09,completed,upi
6364,2150,2025-12-12,completed,debit_card
6365,2150,2025-12-15,completed,credit_card
6366,2150,2025-12-23,completed,credit_card
6367,2150,2025-12-25,completed,credit_card
6368,2150,2025-12-28,completed,paypal
6369,2150,2025-12-30,completed,paypal
6370,2151,2024-06-21,refunded,debit_card
6371,2151,2025-05-20,completed,paypal
6372,2152,2025-11-08,completed,credit_card
6373,2153,2025-07-26,completed,credit_card
6374,2153,2025-10-16,completed,debit_card
6375,2154,2025-09-19,completed,credit_card
6376,2154,2025-11-05,completed,credit_card
6377,2154,2025-11-16,completed,credit_card
6378,2154,2025-11-19,completed,debit_card
6379,2154,2025-11-29,completed,debit_card
6380,2154,2025-12-16,completed,credit_card
6381,2155,2025-11-29,completed,paypal
6382,2155,2025-12-10,completed,paypal
6383,2156,2025-10-27,completed,paypal
6384,2157,2024-04-11,completed,upi
6385,2157,2025-08-25,completed,credit_card
6386,2158,2024-09-06,completed,paypal
6387,2158,2025-04-30,completed,credit_card
6388,2158,2025-07-11,completed,credit_card
6389,2158,2025-08-12,completed,upi
6390,2158,2025-09-06,completed,paypal
6391,2158,2025-09-28,completed,debit_card
6392,2159,2024-03-31,completed,credit_card
6393,2159,2024-08-22,completed,debit_card
6394,2159,2024-09-22,completed,upi
6395,2159,2024-11-02,completed,credit_card
6396,2159,2024-12-29,completed,credit_card
6397,2159,2025-02-25,completed,upi
6398,2159,2025-06-01,completed,upi
6399,2159,2025-07-03,completed,paypal
6400,2160,2025-06-26,completed,credit_card
6401,2161,2025-11-08,completed,credit_card
6402,2161,2025-12-21,completed,credit_card
6403,2162,2025-07-29,completed,debit_card
6404,2162,2025-08-12,completed,credit_card
6405,2163,2025-02-19,completed,paypal
6406,2163,2025-03-29,completed,paypal
6407,2163,2025-04-22,completed,credit_card
6408,2163,2025-05-30,completed,credit_card
6409,2163,2025-09-04,completed,upi
6410,2163,2025-11-20,completed,paypal
6411,2163,2025-12-25,completed,paypal
6412,2164,2025-03-20,completed,paypal
6413,2164,2025-04-04,refunded,credit_card
6414,2164,2025-04-18,completed,credit_card
6415,2164,2025-04-26,completed,credit_card
6416,2164,2025-05-10,completed,credit_card
6417,2164,2025-08-28,completed,credit_card
6418,2164,2025-10-06,completed,paypal
6419,2164,2025-10-07,refunded,credit_card
6420,2164,2025-12-04,completed,credit_card
6421,2165,2025-08-08,completed,paypal
6422,2165,2025-08-16,completed,credit_card
6423,2165,2025-09-26,completed,credit_card
6424,2165,2025-10-03,refunded,debit_card
6425,2165,2025-11-03,completed,paypal
6426,2165,2025-12-24,completed,credit_card
6427,2166,2024-07-15,completed,paypal
6428,2166,2025-02-03,completed,credit_card
6429,2166,2025-12-28,completed,paypal
6430,2167,2025-12-26,completed,credit_card
6431,2168,2024-08-11,completed,upi
6432,2169,2025-12-04,completed,credit_card
6433,2169,2025-12-24,completed,debit_card
6434,2170,2025-06-06,completed,credit_card
6435,2170,2025-07-29,completed,paypal
6436,2170,2025-08-16,completed,debit_card
6437,2170,2025-09-27,completed,credit_card
6438,2170,2025-12-11,refunded,credit_card
6439,2171,2025-02-07,completed,paypal
6440,2171,2025-10-27,completed,credit_card
6441,2172,2025-04-03,completed,debit_card
6442,2172,2025-10-06,completed,paypal
6443,2173,2025-04-25,completed,credit_card
6444,2174,2024-05-01,completed,credit_card
6445,2174,2024-07-02,refunded,debit_card
6446,2174,2024-07-06,completed,paypal
6447,2174,2024-07-11,completed,upi
6448,2174,2025-07-01,completed,credit_card
6449,2174,2025-08-21,completed,debit_card
6450,2174,2025-10-16,completed,credit_card
6451,2174,2025-12-04,completed,credit_card
6452,2174,2025-12-05,completed,debit_card
6453,2175,2025-09-22,completed,paypal
6454,2176,2024-10-28,completed,debit_card
6455,2176,2024-12-17,completed,debit_card
6456,2176,2025-05-26,completed,upi
6457,2177,2025-10-18,cancelled,credit_card
6458,2177,2025-12-25,completed,paypal
6459,2178,2025-03-02,completed,paypal
6460,2178,2025-03-30,completed,paypal
6461,2179,2025-04-23,completed,credit_card
6462,2179,2025-08-02,completed,upi
6463,2180,2025-03-01,completed,credit_card
6464,2181,2025-10-28,completed,paypal
6465,2181,2025-11-12,completed,debit_card
6466,2181,2025-11-15,completed,debit_card
6467,2181,2025-11-18,completed,credit_card
6468,2181,2025-11-27,completed,debit_card
6469,2181,2025-11-29,completed,credit_card
6470,2181,2025-12-18,completed,credit_card
6471,2181,2025-12-20,completed,paypal
6472,2181,2025-12-31,completed,debit_card
6473,2182,2024-11-25,completed,credit_card
6474,2183,2025-03-22,completed,credit_card
6475,2183,2025-09-14,completed,credit_card
6476,2184,2024-09-15,completed,debit_card
6477,2184,2024-09-29,completed,credit_card
6478,2184,2024-12-16,completed,debit_card
6479,2184,2025-01-03,cancelled,debit_card
6480,2184,2025-05-01,completed,upi
6481,2184,2025-07-02,completed,credit_card
6482,2184,2025-07-10,completed,credit_card
6483,2184,2025-10-21,completed,credit_card
6484,2185,2025-03-22,completed,debit_card
6485,2185,2025-05-11,completed,credit_card
6486,2186,2024-08-09,completed,upi
6487,2186,2024-12-06,completed,credit_card
6488,2186,2025-10-06,cancelled,debit_card
6489,2187,2025-11-26,completed,credit_card
6490,2187,2025-12-19,completed,debit_card
6491,2188,2025-07-06,completed,paypal
6492,2189,2025-07-12,completed,upi
6493,2189,2025-08-25,completed,upi
6494,2190,2025-11-18,refunded,credit_card
6495,2191,2025-06-07,completed,credit_card
6496,2192,2025-08-30,refunded,paypal
6497,2193,2025-12-30,completed,credit_card
6498,2194,2025-12-22,completed,upi
6499,2194,2025-12-25,completed,debit_card
6500,2194,2025-12-26,completed,credit_card
6501,2194,2025-12-28,cancelled,credit_card
6502,2194,2025-12-30,refunded,credit_card
6503,2195,2025-09-09,completed,paypal
6504,2195,2025-09-25,cancelled,upi
6505,2196,2024-12-29,completed,credit_card
6506,2196,2025-10-05,completed,paypal
6507,2197,2025-10-07,completed,credit_card
6508,2197,2025-10-15,refunded,paypal
6509,2197,2025-11-09,completed,paypal
6510,2197,2025-11-15,completed,upi
6511,2197,2025-11-27,completed,debit_card
6512,2197,2025-12-06,refunded,paypal
6513,2197,2025-12-07,completed,credit_card
6514,2197,2025-12-10,completed,credit_card
6515,2197,2025-12-17,completed,credit_card
6516,2197,2025-12-28,completed,credit_card
6517,2198,2025-01-29,completed,credit_card
6518,2198,2025-03-23,completed,paypal
6519,2198,2025-04-14,completed,credit_card
6520,2198,2025-05-15,completed,debit_card
6521,2198,2025-09-17,completed,paypal
6522,2198,2025-10-12,refunded,debit_card
6523,2198,2025-11-21,completed,paypal
6524,2198,2025-11-24,completed,paypal
6525,2198,2025-12-09,cancelled,paypal
6526,2199,2025-12-13,refunded,credit_card
6527,2200,2025-06-19,cancelled,paypal
6528,2200,2025-07-29,completed,paypal
6529,2200,2025-08-11,completed,credit_card
6530,2200,2025-08-25,completed,credit_card
6531,2200,2025-09-28,completed,credit_card
6532,2200,2025-10-03,completed,upi
6533,2200,2025-11-18,completed,paypal
6534,2200,2025-11-19,completed,paypal
6535,2200,2025-11-23,refunded,paypal
6536,2200,2025-12-29,completed,debit_card
6537,2201,2024-10-27,completed,paypal
6538,2201,2025-12-29,refunded,paypal
6539,2202,2025-04-19,completed,paypal
6540,2202,2025-10-21,completed,upi
6541,2203,2024-06-11,completed,credit_card
6542,2203,2024-06-16,completed,debit_card
6543,2203,2025-02-07,completed,credit_card
6544,2203,2025-11-22,completed,upi
6545,2204,2025-01-22,completed,credit_card
6546,2205,2025-06-03,completed,credit_card
6547,2205,2025-12-22,completed,credit_card
6548,2206,2025-07-12,refunded,upi
6549,2208,2025-04-03,completed,credit_card
6550,2208,2025-04-25,completed,paypal
6551,2208,2025-06-03,completed,credit_card
6552,2208,2025-08-31,completed,debit_card
6553,2208,2025-09-21,completed,paypal
6554,2208,2025-11-16,completed,upi
6555,2208,2025-11-19,cancelled,credit_card
6556,2209,2025-11-16,completed,paypal
6557,2210,2025-12-19,completed,credit_card
6558,2210,2025-12-22,completed,paypal
6559,2211,2025-10-31,completed,paypal
6560,2211,2025-12-30,refunded,credit_card
6561,2212,2025-11-30,completed,credit_card
6562,2212,2025-12-09,completed,paypal
6563,2212,2025-12-18,completed,credit_card
6564,2212,2025-12-30,completed,paypal
6565,2213,2025-06-07,completed,credit_card
6566,2214,2025-12-29,completed,credit_card
6567,2214,2025-12-30,completed,credit_card
6568,2215,2024-08-05,completed,upi
6569,2216,2025-08-02,refunded,credit_card
6570,2216,2025-08-07,completed,credit_card
6571,2216,2025-08-10,refunded,credit_card
6572,2216,2025-08-20,completed,credit_card
6573,2216,2025-09-10,completed,debit_card
6574,2216,2025-10-31,refunded,paypal
6575,2216,2025-11-03,completed,debit_card
6576,2216,2025-11-16,completed,credit_card
6577,2217,2025-07-29,completed,credit_card
6578,2217,2025-10-12,completed,credit_card
6579,2217,2025-10-19,completed,credit_card
6580,2217,2025-10-21,refunded,credit_card
6581,2217,2025-11-19,completed,paypal
6582,2217,2025-11-21,completed,credit_card
6583,2217,2025-11-30,completed,credit_card
6584,2217,2025-12-07,completed,credit_card
6585,2217,2025-12-30,completed,paypal
6586,2218,2025-07-07,completed,credit_card
6587,2218,2025-08-20,completed,debit_card
6588,2219,2025-01-16,completed,debit_card
6589,2219,2025-01-26,completed,credit_card
6590,2219,2025-06-05,completed,paypal
6591,2219,2025-06-17,completed,credit_card
6592,2219,2025-07-12,completed,credit_card
6593,2219,2025-10-22,completed,debit_card
6594,2219,2025-11-13,completed,upi
6595,2219,2025-12-30,refunded,upi
6596,2220,2025-10-20,completed,credit_card
6597,2221,2025-12-30,completed,paypal
6598,2221,2025-12-31,completed,debit_card
6599,2222,2025-12-29,cancelled,paypal
6600,2222,2025-12-31,completed,credit_card
6601,2223,2025-12-30,completed,paypal
6602,2224,2025-12-26,completed,debit_card
6603,2225,2024-10-27,completed,upi
6604,2225,2025-08-20,completed,debit_card
6605,2226,2025-03-08,completed,debit_card
6606,2226,2025-07-14,completed,credit_card
6607,2226,2025-10-25,completed,upi
6608,2227,2025-06-15,completed,paypal
6609,2227,2025-07-05,completed,paypal
6610,2227,2025-07-14,completed,credit_card
6611,2227,2025-08-22,completed,upi
6612,2227,2025-09-08,completed,debit_card
6613,2227,2025-10-16,completed,credit_card
6614,2228,2025-01-15,completed,debit_card
6615,2228,2025-01-20,completed,credit_card
6616,2228,2025-04-23,completed,credit_card
6617,2229,2024-09-28,completed,credit_card
6618,2230,2025-09-29,completed,upi
6619,2231,2025-03-31,completed,paypal
6620,2232,2024-12-02,cancelled,upi
6621,2232,2024-12-19,completed,credit_card
6622,2233,2025-05-21,completed,debit_card
6623,2233,2025-06-21,completed,paypal
6624,2233,2025-08-18,completed,credit_card
6625,2233,2025-10-08,completed,paypal
6626,2234,2024-03-13,completed,credit_card
6627,2234,2025-03-30,completed,credit_card
6628,2234,2025-06-03,completed,credit_card
6629,2235,2025-08-24,completed,credit_card
6630,2235,2025-10-21,completed,credit_card
6631,2236,2025-10-26,completed,credit_card
6632,2236,2025-11-20,completed,debit_card
6633,2236,2025-12-24,completed,upi
6634,2237,2025-09-14,completed,debit_card
6635,2237,2025-12-03,refunded,debit_card
6636,2237,2025-12-05,completed,credit_card
6637,2237,2025-12-17,completed,paypal
6638,2238,2025-03-30,completed,credit_card
6639,2238,2025-06-28,completed,paypal
6640,2239,2025-11-14,completed,debit_card
6641,2240,2025-09-16,completed,credit_card
6642,2240,2025-10-26,completed,credit_card
6643,2241,2025-04-25,completed,upi
6644,2241,2025-11-17,completed,credit_card
6645,2242,2025-12-13,completed,credit_card
6646,2243,2024-04-24,completed,credit_card
6647,2243,2024-06-28,completed,credit_card
6648,2243,2024-09-15,completed,credit_card
6649,2243,2025-01-08,cancelled,debit_card
6650,2244,2024-07-13,completed,credit_card
6651,2244,2025-10-04,completed,credit_card
6652,2244,2025-12-29,completed,debit_card
6653,2245,2025-02-19,completed,paypal
6654,2245,2025-08-17,completed,upi
6655,2245,2025-09-25,refunded,paypal
6656,2246,2025-03-11,completed,paypal
6657,2246,2025-05-19,completed,paypal
6658,2246,2025-10-13,completed,credit_card
6659,2246,2025-11-06,completed,paypal
6660,2246,2025-11-30,completed,paypal
6661,2247,2025-06-05,completed,credit_card
6662,2248,2025-06-27,completed,credit_card
6663,2248,2025-08-14,completed,credit_card
6664,2248,2025-08-24,completed,credit_card
6665,2248,2025-09-01,completed,upi
6666,2249,2025-04-09,completed,credit_card
6667,2249,2025-08-08,completed,debit_card
6668,2249,2025-09-18,completed,debit_card
6669,2249,2025-10-10,completed,credit_card
6670,2249,2025-11-25,completed,credit_card
6671,2250,2025-11-02,completed,credit_card
6672,2251,2025-11-07,completed,paypal
6673,2252,2024-04-10,completed,credit_card
6674,2252,2024-09-17,completed,credit_card
6675,2252,2025-05-15,completed,paypal
6676,2252,2025-09-08,refunded,credit_card
6677,2253,2025-01-27,completed,paypal
6678,2253,2025-06-04,completed,debit_card
6679,2254,2025-01-10,completed,upi
6680,2254,2025-01-18,completed,credit_card
6681,2254,2025-08-25,completed,credit_card
6682,2255,2025-11-25,completed,credit_card
6683,2256,2024-09-20,completed,paypal
6684,2256,2024-12-03,completed,debit_card
6685,2257,2025-06-23,completed,paypal
6686,2258,2025-05-08,completed,credit_card
6687,2258,2025-06-05,completed,paypal
6688,2258,2025-08-05,completed,paypal
6689,2258,2025-09-27,completed,upi
6690,2258,2025-10-13,completed,debit_card
6691,2258,2025-12-22,completed,credit_card
6692,2259,2025-11-29,completed,credit_card
6693,2259,2025-12-01,completed,credit_card
6694,2259,2025-12-07,completed,credit_card
6695,2259,2025-12-08,completed,credit_card
6696,2259,2025-12-09,completed,credit_card
6697,2259,2025-12-10,completed,debit_card
6698,2259,2025-12-29,completed,credit_card
6699,2260,2025-08-19,completed,paypal
6700,2260,2025-09-04,completed,credit_card
6701,2260,2025-09-18,cancelled,paypal
6702,2260,2025-09-27,completed,paypal
6703,2261,2025-01-14,completed,credit_card
6704,2262,2025-01-12,completed,debit_card
6705,2263,2025-08-17,completed,debit_card
6706,2263,2025-10-25,completed,credit_card
6707,2263,2025-11-22,completed,credit_card
6708,2263,2025-11-25,refunded,paypal
6709,2263,2025-11-26,completed,upi
6710,2264,2025-10-25,completed,debit_card
6711,2264,2025-10-26,refunded,credit_card
6712,2264,2025-11-27,completed,paypal
6713,2264,2025-12-09,completed,debit_card
6714,2264,2025-12-16,completed,debit_card
6715,2264,2025-12-27,completed,credit_card
6716,2265,2025-09-01,completed,upi
6717,2265,2025-12-07,completed,paypal
6718,2266,2024-07-25,completed,upi
6719,2267,2024-08-24,completed,debit_card
6720,2267,2025-01-20,completed,credit_card
6721,2267,2025-12-01,completed,debit_card
6722,2268,2025-08-22,refunded,debit_card
6723,2269,2025-06-20,completed,debit_card
6724,2269,2025-09-21,completed,paypal
6725,2270,2024-07-21,completed,credit_card
6726,2270,2024-08-17,completed,paypal
6727,2270,2024-09-22,completed,credit_card
6728,2270,2025-03-15,completed,debit_card
6729,2270,2025-09-02,completed,credit_card
6730,2271,2025-11-09,cancelled,credit_card
6731,2272,2025-06-15,cancelled,credit_card
6732,2272,2025-06-25,completed,debit_card
6733,2272,2025-08-28,completed,paypal
6734,2272,2025-10-08,completed,debit_card
6735,2272,2025-10-11,completed,credit_card
6736,2272,2025-11-04,completed,paypal
6737,2272,2025-11-20,completed,credit_card
6738,2272,2025-11-29,completed,credit_card
6739,2273,2024-06-06,completed,paypal
6740,2273,2024-08-06,completed,debit_card
6741,2273,2025-03-12,completed,credit_card
6742,2273,2025-10-12,completed,credit_card
6743,2274,2025-05-21,completed,upi
6744,2274,2025-10-22,completed,paypal
6745,2275,2025-01-21,completed,credit_card
6746,2275,2025-04-02,completed,credit_card
6747,2275,2025-11-22,completed,credit_card
6748,2276,2024-11-27,completed,credit_card
6749,2277,2025-04-29,refunded,credit_card
6750,2278,2025-12-31,completed,debit_card
6751,2279,2025-10-18,completed,paypal
6752,2280,2025-12-27,completed,credit_card
6753,2281,2025-08-08,completed,upi
6754,2281,2025-10-04,completed,debit_card
6755,2282,2025-02-28,completed,paypal
6756,2282,2025-03-06,completed,upi
6757,2282,2025-03-29,completed,debit_card
6758,2282,2025-04-11,completed,paypal
6759,2282,2025-06-06,completed,upi
6760,2282,2025-09-08,completed,credit_card
6761,2282,2025-10-02,completed,credit_card
6762,2282,2025-10-15,completed,debit_card
6763,2282,2025-11-07,completed,debit_card
6764,2282,2025-12-02,completed,credit_card
6765,2283,2024-10-23,completed,credit_card
6766,2283,2025-02-14,refunded,credit_card
6767,2283,2025-03-06,completed,credit_card
6768,2283,2025-07-05,completed,credit_card
6769,2283,2025-11-25,completed,debit_card
6770,2284,2024-09-22,completed,credit_card
6771,2284,2025-12-25,completed,debit_card
6772,2285,2024-07-23,completed,debit_card
6773,2286,2025-10-13,completed,paypal
6774,2286,2025-10-14,completed,paypal
6775,2287,2025-11-01,completed,credit_card
6776,2287,2025-12-08,completed,paypal
6777,2288,2024-11-17,completed,credit_card
6778,2288,2024-11-19,completed,credit_card
6779,2288,2025-04-28,completed,debit_card
6780,2288,2025-07-11,completed,paypal
6781,2288,2025-09-06,completed,credit_card
6782,2288,2025-09-07,completed,paypal
6783,2288,2025-11-03,completed,credit_card
6784,2288,2025-11-16,completed,paypal
6785,2288,2025-12-31,refunded,debit_card
6786,2289,2024-05-17,completed,credit_card
6787,2289,2024-06-09,refunded,paypal
6788,2289,2024-09-12,completed,debit_card
6789,2289,2024-09-13,completed,paypal
6790,2289,2024-11-06,cancelled,paypal
6791,2289,2025-05-05,completed,credit_card
6792,2289,2025-05-10,completed,debit_card
6793,2289,2025-05-29,completed,credit_card
6794,2289,2025-06-09,refunded,credit_card
6795,2289,2025-08-07,completed,credit_card
6796,2290,2025-10-27,completed,credit_card
6797,2290,2025-11-19,refunded,debit_card
6798,2291,2024-11-11,completed,credit_card
6799,2291,2025-02-28,completed,credit_card
6800,2292,2025-12-28,completed,upi
6801,2293,2025-12-22,completed,credit_card
6802,2293,2025-12-29,completed,paypal
6803,2294,2024-07-07,completed,credit_card
6804,2294,2024-10-19,completed,paypal
6805,2294,2025-12-25,completed,credit_card
6806,2295,2025-11-29,completed,debit_card
6807,2295,2025-12-22,completed,credit_card
6808,2296,2025-11-17,completed,debit_card
6809,2297,2024-07-29,completed,credit_card
6810,2297,2025-06-28,completed,credit_card
6811,2298,2025-11-01,completed,credit_card
6812,2298,2025-12-23,completed,paypal
6813,2299,2025-08-19,completed,credit_card
6814,2300,2024-09-28,completed,credit_card
6815,2300,2025-03-18,completed,upi
6816,2300,2025-07-17,completed,credit_card
6817,2300,2025-10-25,completed,paypal
6818,2300,2025-11-01,completed,debit_card
6819,2301,2024-08-30,completed,credit_card
6820,2301,2024-11-03,completed,paypal
6821,2301,2024-12-21,completed,paypal
6822,2301,2025-01-09,completed,paypal
6823,2302,2025-11-14,completed,paypal
6824,2303,2025-10-31,completed,paypal
6825,2303,2025-12-07,completed,paypal
6826,2303,2025-12-13,completed,credit_card
6827,2304,2025-10-06,completed,paypal
6828,2304,2025-12-29,completed,upi
6829,2305,2025-12-01,completed,credit_card
6830,2306,2025-08-01,completed,credit_card
6831,2306,2025-08-14,completed,credit_card
6832,2306,2025-10-04,completed,paypal
6833,2306,2025-10-10,completed,debit_card
6834,2306,2025-10-22,completed,credit_card
6835,2306,2025-11-13,completed,debit_card
6836,2306,2025-11-18,completed,credit_card
6837,2306,2025-11-19,completed,credit_card
6838,2306,2025-11-25,cancelled,paypal
6839,2306,2025-12-22,completed,debit_card
6840,2307,2025-07-27,completed,credit_card
6841,2308,2025-02-04,refunded,debit_card
6842,2308,2025-06-21,completed,paypal
6843,2309,2024-11-09,completed,credit_card
6844,2310,2024-11-27,completed,upi
6845,2310,2025-04-22,completed,debit_card
6846,2311,2025-10-19,completed,credit_card
6847,2311,2025-11-12,completed,credit_card
6848,2311,2025-11-28,completed,credit_card
6849,2311,2025-12-08,refunded,credit_card
6850,2311,2025-12-15,completed,credit_card
6851,2312,2025-08-20,refunded,debit_card
6852,2312,2025-09-02,completed,paypal
6853,2312,2025-09-03,completed,credit_card
6854,2312,2025-10-03,completed,credit_card
6855,2312,2025-10-10,cancelled,debit_card
6856,2312,2025-10-16,completed,credit_card
6857,2312,2025-11-30,completed,credit_card
6858,2313,2024-10-31,completed,credit_card
6859,2313,2025-03-07,completed,debit_card
6860,2313,2025-03-16,completed,credit_card
6861,2313,2025-08-15,completed,debit_card
6862,2314,2025-11-01,completed,credit_card
6863,2315,2024-08-28,refunded,upi
6864,2315,2025-04-17,cancelled,debit_card
6865,2315,2025-07-12,completed,credit_card
6866,2315,2025-10-20,completed,credit_card
6867,2316,2025-09-05,refunded,debit_card
6868,2317,2025-07-03,completed,credit_card
6869,2317,2025-08-24,refunded,debit_card
6870,2318,2025-11-06,completed,debit_card
6871,2318,2025-11-30,completed,credit_card
6872,2319,2025-10-26,completed,paypal
6873,2319,2025-10-29,completed,credit_card
6874,2319,2025-12-12,cancelled,paypal
6875,2319,2025-12-13,completed,credit_card
6876,2319,2025-12-30,completed,credit_card
6877,2320,2024-03-07,completed,credit_card
6878,2320,2024-04-04,completed,paypal
6879,2320,2024-04-29,completed,debit_card
6880,2321,2025-06-10,completed,paypal
6881,2321,2025-08-13,completed,paypal
6882,2321,2025-11-18,completed,upi
6883,2321,2025-12-28,completed,paypal
6884,2322,2025-10-12,completed,paypal
6885,2323,2025-07-27,completed,credit_card
6886,2323,2025-09-28,completed,debit_card
6887,2324,2024-11-19,completed,debit_card
6888,2324,2024-11-21,completed,upi
6889,2324,2024-11-26,completed,paypal
6890,2324,2024-12-15,completed,paypal
6891,2324,2025-03-23,cancelled,credit_card
6892,2324,2025-05-07,completed,credit_card
6893,2324,2025-08-06,completed,credit_card
6894,2324,2025-10-05,completed,credit_card
6895,2325,2025-10-21,completed,paypal
6896,2325,2025-11-01,completed,credit_card
6897,2325,2025-11-18,completed,debit_card
6898,2325,2025-12-08,completed,debit_card
6899,2325,2025-12-11,cancelled,paypal
6900,2325,2025-12-13,refunded,debit_card
6901,2325,2025-12-17,completed,credit_card
6902,2325,2025-12-18,cancelled,paypal
6903,2326,2025-04-28,completed,credit_card
6904,2327,2025-09-03,completed,credit_card
6905,2327,2025-09-19,completed,credit_card
6906,2328,2024-12-15,completed,credit_card
6907,2328,2025-07-05,completed,credit_card
6908,2329,2025-12-06,completed,credit_card
6909,2330,2025-12-21,completed,paypal
6910,2331,2025-08-31,completed,credit_card
6911,2332,2025-06-13,completed,credit_card
6912,2333,2025-03-14,cancelled,credit_card
6913,2333,2025-05-21,completed,credit_card
6914,2334,2025-12-26,completed,credit_card
6915,2334,2025-12-30,completed,paypal
6916,2335,2024-09-09,completed,credit_card
6917,2335,2024-11-06,completed,upi
6918,2336,2024-07-26,completed,paypal
6919,2336,2024-08-11,cancelled,debit_card
6920,2336,2024-10-19,completed,debit_card
6921,2336,2025-04-26,completed,paypal
6922,2337,2025-06-09,completed,credit_card
6923,2337,2025-06-10,completed,credit_card
6924,2337,2025-09-01,completed,paypal
6925,2337,2025-09-02,completed,credit_card
6926,2337,2025-09-26,completed,paypal
6927,2337,2025-11-22,cancelled,credit_card
6928,2337,2025-12-14,completed,debit_card
6929,2337,2025-12-29,completed,debit_card
6930,2338,2025-03-06,completed,credit_card
6931,2338,2025-03-31,completed,credit_card
6932,2338,2025-05-15,completed,debit_card
6933,2338,2025-07-29,completed,paypal
6934,2338,2025-09-06,completed,credit_card
6935,2338,2025-11-22,completed,paypal
6936,2338,2025-12-27,completed,credit_card
6937,2339,2025-09-17,completed,debit_card
6938,2340,2025-05-04,completed,credit_card
6939,2340,2025-06-10,completed,credit_card
6940,2340,2025-06-11,completed,upi
6941,2340,2025-07-18,completed,paypal
6942,2340,2025-08-07,completed,credit_card
6943,2340,2025-10-01,completed,upi
6944,2340,2025-11-08,completed,credit_card
6945,2340,2025-11-26,completed,paypal
6946,2340,2025-12-09,completed,debit_card
6947,2340,2025-12-26,completed,upi
6948,2341,2025-07-12,completed,paypal
6949,2342,2025-11-21,completed,credit_card
6950,2343,2025-11-12,cancelled,credit_card
6951,2343,2025-12-11,completed,debit_card
6952,2344,2024-09-12,completed,debit_card
6953,2344,2024-11-10,completed,credit_card
6954,2344,2025-03-30,refunded,credit_card
6955,2344,2025-04-29,completed,credit_card
6956,2344,2025-05-06,completed,credit_card
6957,2344,2025-07-30,completed,debit_card
6958,2344,2025-12-28,completed,debit_card
6959,2345,2024-12-08,completed,debit_card
6960,2345,2025-03-09,refunded,credit_card
6961,2345,2025-07-28,completed,credit_card
6962,2345,2025-12-26,completed,credit_card
6963,2346,2025-10-16,completed,credit_card
6964,2347,2025-12-09,completed,credit_card
6965,2348,2025-06-02,completed,paypal
6966,2348,2025-06-15,completed,debit_card
6967,2348,2025-10-09,completed,upi
6968,2348,2025-10-17,completed,credit_card
6969,2348,2025-12-29,completed,debit_card
6970,2349,2024-12-10,completed,debit_card
6971,2349,2025-06-02,completed,credit_card
6972,2349,2025-06-27,completed,credit_card
6973,2350,2025-01-18,completed,upi
6974,2351,2025-06-14,completed,credit_card
6975,2351,2025-06-30,completed,debit_card
6976,2352,2025-08-06,cancelled,debit_card
6977,2352,2025-08-28,cancelled,debit_card
6978,2352,2025-12-19,cancelled,debit_card
6979,2353,2025-02-10,completed,credit_card
6980,2354,2024-12-08,completed,credit_card
6981,2354,2024-12-15,completed,paypal
6982,2354,2025-03-02,refunded,credit_card
6983,2354,2025-03-04,completed,debit_card
6984,2354,2025-04-17,cancelled,upi
6985,2354,2025-05-26,completed,paypal
6986,2354,2025-09-18,completed,paypal
6987,2354,2025-10-12,completed,debit_card
6988,2354,2025-12-19,completed,credit_card
6989,2355,2024-12-26,completed,credit_card
6990,2356,2025-06-06,completed,credit_card
6991,2356,2025-10-24,completed,debit_card
6992,2357,2024-11-04,completed,credit_card
6993,2357,2025-01-12,refunded,credit_card
6994,2357,2025-11-24,completed,credit_card
6995,2358,2024-10-12,completed,credit_card
6996,2359,2025-05-27,completed,paypal
6997,2359,2025-08-18,completed,credit_card
6998,2360,2025-11-10,completed,credit_card
6999,2361,2025-06-17,refunded,paypal
7000,2362,2024-11-11,completed,debit_card
7001,2362,2025-02-16,completed,credit_card
7002,2362,2025-03-22,completed,paypal
7003,2363,2024-10-24,completed,upi
7004,2363,2025-03-06,completed,paypal
7005,2364,2025-01-20,completed,upi
7006,2364,2025-06-04,completed,upi
7007,2364,2025-07-21,completed,debit_card
7008,2364,2025-09-09,completed,credit_card
7009,2364,2025-09-28,refunded,credit_card
7010,2364,2025-10-24,cancelled,credit_card
7011,2364,2025-12-08,completed,credit_card
7012,2365,2025-03-30,completed,credit_card
7013,2366,2025-10-09,completed,credit_card
7014,2367,2025-06-11,completed,credit_card
7015,2368,2025-02-21,completed,credit_card
7016,2368,2025-03-22,completed,debit_card
7017,2368,2025-03-24,completed,credit_card
7018,2368,2025-07-15,completed,debit_card
7019,2368,2025-09-02,completed,credit_card
7020,2369,2024-07-30,completed,credit_card
7021,2369,2024-11-12,completed,credit_card
7022,2369,2024-12-23,completed,credit_card
7023,2369,2025-02-18,completed,credit_card
7024,2369,2025-02-21,completed,credit_card
7025,2369,2025-04-10,refunded,credit_card
7026,2369,2025-05-14,completed,credit_card
7027,2369,2025-12-13,completed,paypal
7028,2370,2025-10-20,completed,debit_card
7029,2371,2025-09-16,completed,debit_card
7030,2371,2025-12-23,completed,upi
7031,2372,2024-12-20,completed,upi
7032,2372,2024-12-28,completed,paypal
7033,2372,2025-03-04,completed,debit_card
7034,2372,2025-07-15,cancelled,credit_card
7035,2372,2025-09-27,completed,credit_card
7036,2372,2025-10-22,completed,credit_card
7037,2372,2025-11-24,completed,upi
7038,2372,2025-12-23,completed,paypal
7039,2372,2025-12-26,completed,credit_card
7040,2373,2025-12-16,completed,paypal
7041,2374,2024-12-13,completed,debit_card
7042,2374,2025-05-08,cancelled,credit_card
7043,2374,2025-06-30,completed,paypal
7044,2374,2025-07-01,completed,credit_card
7045,2374,2025-10-01,completed,paypal
7046,2374,2025-11-05,refunded,credit_card
7047,2374,2025-11-16,completed,upi
7048,2374,2025-11-26,completed,debit_card
7049,2375,2025-09-29,completed,upi
7050,2375,2025-11-25,completed,debit_card
7051,2376,2025-08-19,completed,debit_card
7052,2376,2025-11-07,completed,credit_card
7053,2377,2025-05-03,completed,credit_card
7054,2377,2025-06-16,completed,credit_card
7055,2377,2025-06-19,completed,credit_card
7056,2377,2025-09-20,completed,paypal
7057,2377,2025-10-04,completed,paypal
7058,2377,2025-10-07,completed,credit_card
7059,2377,2025-11-12,completed,credit_card
7060,2377,2025-12-15,cancelled,credit_card
7061,2378,2025-09-18,completed,credit_card
7062,2379,2025-03-03,completed,credit_card
7063,2379,2025-04-17,completed,debit_card
7064,2379,2025-05-24,completed,credit_card
7065,2379,2025-06-02,completed,credit_card
7066,2379,2025-06-17,completed,credit_card
7067,2380,2025-12-26,completed,paypal
7068,2381,2024-04-20,completed,credit_card
7069,2381,2024-06-10,completed,credit_card
7070,2381,2024-10-11,completed,paypal
7071,2381,2024-11-22,completed,debit_card
7072,2381,2025-04-24,completed,paypal
7073,2381,2025-07-09,completed,paypal
7074,2381,2025-08-10,completed,credit_card
7075,2382,2024-05-15,completed,credit_card
7076,2382,2024-11-24,completed,debit_card
7077,2382,2025-03-13,completed,credit_card
7078,2382,2025-07-23,completed,debit_card
7079,2382,2025-09-09,completed,paypal
7080,2382,2025-11-21,completed,credit_card
7081,2382,2025-12-30,completed,credit_card
7082,2383,2025-09-04,completed,credit_card
7083,2383,2025-09-16,completed,paypal
7084,2383,2025-09-25,completed,debit_card
7085,2383,2025-10-04,completed,credit_card
7086,2384,2025-06-08,completed,credit_card
7087,2384,2025-07-17,completed,debit_card
7088,2384,2025-08-10,refunded,debit_card
7089,2384,2025-08-22,completed,paypal
7090,2384,2025-09-07,completed,credit_card
7091,2384,2025-10-07,completed,credit_card
7092,2384,2025-12-24,completed,credit_card
7093,2385,2025-05-22,completed,credit_card
7094,2385,2025-05-24,completed,upi
7095,2385,2025-05-26,completed,paypal
7096,2385,2025-08-11,completed,credit_card
7097,2385,2025-08-27,completed,debit_card
7098,2385,2025-09-02,completed,credit_card
7099,2385,2025-09-11,completed,debit_card
7100,2385,2025-10-14,completed,paypal
7101,2385,2025-12-26,completed,debit_card
7102,2386,2024-10-24,completed,debit_card
7103,2386,2024-11-03,completed,paypal
7104,2387,2024-08-28,completed,debit_card
7105,2387,2025-02-09,refunded,credit_card
7106,2387,2025-05-15,completed,upi
7107,2388,2025-11-14,completed,debit_card
7108,2389,2025-12-08,completed,credit_card
7109,2390,2024-11-02,completed,credit_card
7110,2390,2024-12-25,completed,paypal
7111,2391,2024-03-01,completed,upi
7112,2391,2024-07-12,completed,paypal
7113,2391,2024-09-04,completed,paypal
7114,2391,2024-11-15,completed,credit_card
7115,2391,2025-08-31,completed,credit_card
7116,2391,2025-11-01,completed,debit_card
7117,2392,2025-03-09,completed,debit_card
7118,2392,2025-12-11,refunded,upi
7119,2393,2025-05-25,refunded,credit_card
7120,2393,2025-09-02,completed,credit_card
7121,2393,2025-10-17,completed,debit_card
7122,2393,2025-11-05,completed,credit_card
7123,2393,2025-12-01,completed,credit_card
7124,2393,2025-12-08,completed,debit_card
7125,2393,2025-12-18,completed,upi
7126,2394,2025-11-08,completed,debit_card
7127,2394,2025-11-26,completed,debit_card
7128,2395,2025-11-15,completed,upi
7129,2395,2025-11-26,completed,upi
7130,2395,2025-12-17,completed,credit_card
7131,2395,2025-12-26,completed,debit_card
7132,2396,2025-12-04,completed,debit_card
7133,2396,2025-12-20,completed,credit_card
7134,2396,2025-12-23,refunded,credit_card
7135,2396,2025-12-25,completed,credit_card
7136,2396,2025-12-27,completed,credit_card
7137,2397,2025-10-28,completed,credit_card
7138,2397,2025-11-21,completed,credit_card
7139,2398,2025-04-12,completed,paypal
7140,2398,2025-11-29,completed,paypal
7141,2399,2025-09-22,completed,paypal
7142,2400,2025-03-24,completed,paypal
7143,2401,2024-05-21,completed,paypal
7144,2401,2024-09-10,completed,debit_card
7145,2401,2024-11-21,completed,credit_card
7146,2401,2025-05-09,completed,credit_card
7147,2401,2025-07-14,completed,credit_card
7148,2401,2025-07-25,completed,debit_card
7149,2401,2025-11-13,completed,credit_card
7150,2401,2025-12-03,completed,debit_card
7151,2402,2025-08-21,completed,paypal
7152,2403,2025-05-16,completed,credit_card
7153,2403,2025-10-11,completed,paypal
7154,2404,2025-01-21,completed,credit_card
7155,2404,2025-04-22,completed,credit_card
7156,2404,2025-04-30,completed,credit_card
7157,2404,2025-05-03,completed,credit_card
7158,2404,2025-09-14,completed,debit_card
7159,2404,2025-10-18,completed,credit_card
7160,2404,2025-10-23,completed,credit_card
7161,2405,2025-06-25,completed,credit_card
7162,2405,2025-11-06,completed,paypal
7163,2406,2025-12-04,cancelled,debit_card
7164,2407,2025-03-22,completed,credit_card
7165,2407,2025-03-29,completed,credit_card
7166,2408,2025-09-20,completed,credit_card
7167,2408,2025-11-22,completed,credit_card
7168,2409,2025-03-19,completed,upi
7169,2409,2025-05-30,completed,upi
7170,2409,2025-08-29,completed,paypal
7171,2409,2025-09-03,completed,credit_card
7172,2410,2024-05-28,completed,upi
7173,2410,2024-06-13,cancelled,credit_card
7174,2410,2024-09-02,completed,credit_card
7175,2410,2024-12-30,completed,credit_card
7176,2410,2025-01-24,completed,paypal
7177,2410,2025-03-24,completed,credit_card
7178,2410,2025-05-30,completed,credit_card
7179,2410,2025-06-23,cancelled,credit_card
7180,2410,2025-09-28,completed,debit_card
7181,2410,2025-12-08,refunded,debit_card
7182,2411,2025-09-02,completed,debit_card
7183,2412,2025-08-07,completed,paypal
7184,2413,2024-08-15,cancelled,debit_card
7185,2413,2024-09-28,cancelled,debit_card
7186,2413,2025-01-26,completed,debit_card
7187,2413,2025-02-07,completed,paypal
7188,2413,2025-02-14,refunded,debit_card
7189,2413,2025-03-14,completed,paypal
7190,2413,2025-05-05,completed,credit_card
7191,2413,2025-05-13,refunded,paypal
7192,2413,2025-08-18,completed,credit_card
7193,2414,2025-08-27,completed,debit_card
7194,2415,2025-10-23,completed,paypal
7195,2416,2025-01-18,completed,credit_card
7196,2417,2024-07-08,completed,debit_card
7197,2417,2024-07-27,completed,paypal
7198,2417,2024-08-24,completed,paypal
7199,2417,2025-04-21,refunded,credit_card
7200,2417,2025-05-11,completed,credit_card
7201,2417,2025-05-19,completed,credit_card
7202,2417,2025-09-17,completed,debit_card
7203,2418,2025-03-07,completed,credit_card
7204,2418,2025-08-18,completed,paypal
7205,2419,2025-07-04,completed,credit_card
7206,2420,2025-06-27,completed,debit_card
7207,2420,2025-07-19,completed,credit_card
7208,2420,2025-09-12,completed,paypal
7209,2420,2025-11-14,completed,paypal
7210,2420,2025-12-06,cancelled,credit_card
7211,2421,2025-09-07,refunded,paypal
7212,2421,2025-09-26,completed,credit_card
7213,2422,2024-12-26,completed,debit_card
7214,2423,2025-10-09,completed,credit_card
7215,2423,2025-11-21,completed,credit_card
7216,2424,2025-11-30,cancelled,debit_card
7217,2424,2025-12-19,completed,debit_card
7218,2424,2025-12-27,refunded,credit_card
7219,2424,2025-12-29,completed,credit_card
7220,2424,2025-12-31,completed,credit_card
7221,2425,2025-10-24,completed,credit_card
7222,2426,2025-03-02,completed,debit_card
7223,2426,2025-04-22,completed,credit_card
7224,2427,2024-11-07,completed,paypal
7225,2427,2025-07-11,completed,upi
7226,2428,2024-10-10,completed,credit_card
7227,2428,2025-06-26,completed,upi
7228,2429,2025-03-02,completed,credit_card
7229,2429,2025-03-28,completed,credit_card
7230,2429,2025-04-29,completed,debit_card
7231,2429,2025-05-12,cancelled,debit_card
7232,2429,2025-06-10,completed,credit_card
7233,2429,2025-06-28,cancelled,credit_card
7234,2429,2025-08-23,completed,upi
7235,2429,2025-08-28,completed,credit_card
7236,2429,2025-11-26,completed,upi
7237,2430,2025-02-21,completed,debit_card
7238,2430,2025-05-09,completed,paypal
7239,2430,2025-08-16,refunded,upi
7240,2430,2025-09-27,completed,credit_card
7241,2430,2025-10-28,completed,paypal
7242,2430,2025-12-25,completed,credit_card
7243,2431,2025-06-20,completed,credit_card
7244,2432,2025-08-21,completed,debit_card
7245,2432,2025-10-17,completed,credit_card
7246,2432,2025-12-02,completed,debit_card
7247,2433,2025-04-04,completed,credit_card
7248,2433,2025-04-26,completed,credit_card
7249,2433,2025-05-19,completed,credit_card
7250,2433,2025-08-28,completed,paypal
7251,2434,2025-09-13,completed,upi
7252,2435,2024-10-05,completed,paypal
7253,2436,2025-09-10,completed,paypal
7254,2436,2025-09-13,completed,credit_card
7255,2436,2025-10-03,refunded,paypal
7256,2436,2025-10-22,refunded,debit_card
7257,2436,2025-10-27,completed,credit_card
7258,2436,2025-10-29,completed,credit_card
7259,2436,2025-10-30,completed,paypal
7260,2436,2025-12-13,refunded,credit_card
7261,2436,2025-12-27,completed,upi
7262,2437,2025-07-05,completed,credit_card
7263,2437,2025-07-10,completed,credit_card
7264,2437,2025-08-28,completed,credit_card
7265,2437,2025-11-24,completed,paypal
7266,2437,2025-12-04,completed,upi
7267,2437,2025-12-14,completed,paypal
7268,2438,2025-03-22,completed,credit_card
7269,2438,2025-03-30,completed,credit_card
7270,2438,2025-04-28,completed,credit_card
7271,2438,2025-06-20,completed,paypal
7272,2438,2025-09-28,completed,credit_card
7273,2438,2025-10-10,completed,credit_card
7274,2438,2025-10-15,completed,paypal
7275,2438,2025-10-22,completed,paypal
7276,2438,2025-11-23,completed,credit_card
7277,2439,2025-07-08,completed,debit_card
7278,2439,2025-07-10,completed,credit_card
7279,2439,2025-12-29,completed,paypal
7280,2440,2025-10-25,completed,credit_card
7281,2441,2024-08-16,completed,credit_card
7282,2442,2024-06-16,completed,debit_card
7283,2442,2025-03-16,completed,credit_card
7284,2442,2025-08-10,cancelled,debit_card
7285,2443,2024-08-08,completed,credit_card
7286,2445,2025-02-24,completed,upi
7287,2445,2025-03-09,completed,debit_card
7288,2445,2025-03-28,completed,credit_card
7289,2445,2025-06-09,cancelled,paypal
7290,2445,2025-07-21,completed,credit_card
7291,2445,2025-12-08,completed,credit_card
7292,2446,2025-10-20,completed,credit_card
7293,2446,2025-12-15,completed,credit_card
7294,2447,2025-10-07,cancelled,credit_card
7295,2448,2025-06-04,completed,credit_card
7296,2449,2025-04-13,completed,upi
7297,2449,2025-08-30,completed,paypal
7298,2450,2025-09-13,completed,debit_card
7299,2450,2025-11-28,refunded,upi
7300,2451,2025-12-26,completed,upi
7301,2452,2024-12-16,completed,credit_card
7302,2452,2025-01-23,completed,credit_card
7303,2452,2025-02-03,completed,debit_card
7304,2452,2025-06-11,completed,paypal
7305,2453,2024-12-10,completed,debit_card
7306,2453,2025-01-17,completed,debit_card
7307,2454,2025-09-21,completed,paypal
7308,2454,2025-09-23,completed,debit_card
7309,2454,2025-09-28,completed,credit_card
7310,2454,2025-10-14,completed,paypal
7311,2454,2025-10-18,completed,credit_card
7312,2454,2025-11-02,completed,debit_card
7313,2454,2025-12-14,completed,paypal
7314,2454,2025-12-16,completed,credit_card
7315,2455,2025-10-29,completed,credit_card
7316,2456,2024-12-04,completed,debit_card
7317,2457,2025-09-07,completed,paypal
7318,2457,2025-10-27,completed,credit_card
7319,2458,2025-11-04,completed,credit_card
7320,2459,2025-02-08,completed,paypal
7321,2459,2025-02-17,completed,debit_card
7322,2459,2025-05-24,completed,paypal
7323,2459,2025-08-07,completed,credit_card
7324,2459,2025-08-17,completed,paypal
7325,2459,2025-09-18,completed,paypal
7326,2459,2025-09-19,completed,paypal
7327,2460,2025-09-01,completed,paypal
7328,2460,2025-09-13,completed,debit_card
7329,2460,2025-09-15,completed,paypal
7330,2460,2025-09-22,completed,upi
7331,2460,2025-09-27,completed,debit_card
7332,2460,2025-09-29,completed,paypal
7333,2460,2025-10-11,completed,paypal
7334,2460,2025-10-15,completed,paypal
7335,2461,2024-12-17,completed,credit_card
7336,2461,2025-05-21,completed,debit_card
7337,2461,2025-06-28,completed,debit_card
7338,2461,2025-11-10,completed,credit_card
7339,2462,2025-06-20,completed,debit_card
7340,2462,2025-07-30,completed,debit_card
7341,2462,2025-09-29,completed,credit_card
7342,2462,2025-11-19,completed,credit_card
7343,2462,2025-12-29,completed,credit_card
7344,2463,2025-11-12,completed,debit_card
7345,2463,2025-11-19,refunded,credit_card
7346,2464,2025-07-11,completed,credit_card
7347,2464,2025-07-17,completed,paypal
7348,2464,2025-08-24,completed,credit_card
7349,2465,2025-08-02,completed,credit_card
7350,2465,2025-11-29,completed,paypal
7351,2466,2025-12-27,cancelled,credit_card
7352,2466,2025-12-28,completed,paypal
7353,2467,2025-08-24,refunded,paypal
7354,2467,2025-09-03,completed,paypal
7355,2467,2025-10-22,completed,credit_card
7356,2467,2025-10-24,completed,credit_card
7357,2467,2025-11-07,completed,credit_card
7358,2467,2025-12-31,completed,credit_card
7359,2468,2025-09-24,refunded,debit_card
7360,2469,2025-05-06,completed,credit_card
7361,2469,2025-05-19,completed,credit_card
7362,2469,2025-07-26,completed,credit_card
7363,2469,2025-09-02,refunded,debit_card
7364,2469,2025-10-04,completed,paypal
7365,2469,2025-10-19,refunded,upi
7366,2469,2025-12-05,cancelled,credit_card
7367,2470,2024-09-13,completed,paypal
7368,2470,2025-02-13,completed,credit_card
7369,2470,2025-04-22,completed,debit_card
7370,2470,2025-06-25,completed,credit_card
7371,2470,2025-11-04,completed,paypal
7372,2471,2025-05-12,completed,credit_card
7373,2472,2025-10-17,completed,credit_card
7374,2473,2025-12-10,completed,paypal
7375,2474,2025-07-05,completed,upi
7376,2475,2025-04-02,completed,credit_card
7377,2475,2025-04-12,completed,paypal
7378,2476,2025-10-11,completed,debit_card
7379,2476,2025-11-04,completed,paypal
7380,2476,2025-11-24,completed,credit_card
7381,2476,2025-12-26,completed,debit_card
7382,2477,2025-05-23,completed,credit_card
7383,2478,2025-12-26,refunded,credit_card
7384,2479,2025-11-06,completed,upi
7385,2480,2024-06-14,completed,credit_card
7386,2480,2024-12-30,completed,debit_card
7387,2481,2025-10-14,completed,paypal
7388,2481,2025-11-25,completed,debit_card
7389,2482,2025-09-11,completed,credit_card
7390,2482,2025-11-19,completed,debit_card
7391,2483,2025-02-23,completed,upi
7392,2483,2025-08-26,completed,paypal
7393,2483,2025-10-18,completed,debit_card
7394,2483,2025-11-19,completed,paypal
7395,2484,2025-11-17,completed,upi
7396,2485,2025-08-29,completed,credit_card
7397,2485,2025-10-07,completed,paypal
7398,2485,2025-10-11,completed,debit_card
7399,2485,2025-10-17,completed,credit_card
7400,2485,2025-10-18,completed,debit_card
7401,2485,2025-11-11,cancelled,debit_card
7402,2485,2025-11-21,refunded,credit_card
7403,2486,2025-08-16,completed,paypal
7404,2486,2025-09-30,completed,debit_card
7405,2486,2025-12-06,completed,upi
7406,2487,2024-09-26,completed,paypal
7407,2487,2025-04-30,completed,credit_card
7408,2487,2025-11-10,completed,credit_card
7409,2488,2024-04-16,completed,credit_card
7410,2488,2024-06-30,completed,paypal
7411,2488,2024-07-16,completed,credit_card
7412,2488,2024-09-19,completed,credit_card
7413,2488,2025-12-03,completed,credit_card
7414,2489,2025-10-04,completed,paypal
7415,2490,2025-05-27,completed,debit_card
7416,2490,2025-06-28,completed,paypal
7417,2490,2025-07-06,completed,credit_card
7418,2490,2025-08-24,completed,credit_card
7419,2490,2025-09-03,completed,debit_card
7420,2490,2025-09-13,completed,credit_card
7421,2490,2025-11-08,completed,credit_card
7422,2490,2025-11-26,completed,paypal
7423,2490,2025-12-05,completed,debit_card
7424,2490,2025-12-31,completed,upi
7425,2491,2024-12-09,completed,credit_card
7426,2491,2025-01-12,completed,debit_card
7427,2492,2025-10-07,completed,credit_card
7428,2493,2025-12-23,completed,debit_card
7429,2494,2025-11-02,completed,paypal
7430,2494,2025-11-04,completed,debit_card
7431,2494,2025-11-23,completed,paypal
7432,2494,2025-12-09,completed,paypal
7433,2494,2025-12-17,completed,credit_card
7434,2495,2025-06-13,completed,credit_card
7435,2495,2025-09-28,completed,credit_card
7436,2496,2025-06-04,completed,credit_card
7437,2496,2025-06-22,completed,debit_card
7438,2496,2025-07-13,completed,paypal
7439,2497,2025-12-27,completed,upi
7440,2497,2025-12-29,completed,credit_card
7441,2498,2024-11-24,completed,credit_card
7442,2498,2025-04-15,completed,paypal
7443,2498,2025-05-22,completed,debit_card
7444,2498,2025-07-15,completed,credit_card
7445,2498,2025-09-17,refunded,upi
7446,2498,2025-09-30,completed,paypal
7447,2498,2025-10-17,completed,debit_card
7448,2498,2025-10-30,completed,credit_card
7449,2499,2024-02-23,completed,credit_card
7450,2499,2024-04-28,completed,credit_card
7451,2499,2025-02-27,completed,credit_card
7452,2499,2025-04-15,completed,credit_card
7453,2500,2025-09-18,completed,debit_card
7454,2500,2025-09-23,completed,paypal
7455,2500,2025-10-14,completed,credit_card
7456,2500,2025-11-15,completed,paypal
7457,2500,2025-12-25,completed,paypal
7458,2500,2025-12-29,completed,credit_card
7459,2501,2025-12-19,completed,credit_card
7460,2501,2025-12-20,completed,paypal
7461,2501,2025-12-21,completed,upi
7462,2501,2025-12-23,refunded,paypal
7463,2501,2025-12-25,completed,credit_card
7464,2501,2025-12-26,refunded,paypal
7465,2501,2025-12-27,completed,credit_card
7466,2501,2025-12-30,completed,paypal
7467,2501,2025-12-31,completed,credit_card
7468,2502,2024-09-28,completed,upi
7469,2502,2024-11-09,completed,debit_card
7470,2503,2024-07-19,completed,debit_card
7471,2503,2024-07-28,completed,credit_card
7472,2504,2025-03-10,completed,credit_card
7473,2504,2025-03-21,completed,upi
7474,2504,2025-06-07,completed,credit_card
7475,2505,2025-10-05,completed,credit_card
7476,2505,2025-10-10,completed,credit_card
7477,2506,2025-04-24,completed,credit_card
7478,2506,2025-10-12,completed,debit_card
7479,2507,2025-03-24,completed,debit_card
7480,2507,2025-05-07,completed,credit_card
7481,2507,2025-09-30,completed,debit_card
7482,2508,2024-11-18,completed,credit_card
7483,2508,2024-12-20,completed,debit_card
7484,2508,2025-02-21,completed,credit_card
7485,2508,2025-05-27,completed,paypal
7486,2508,2025-06-17,cancelled,paypal
7487,2508,2025-08-25,completed,credit_card
7488,2508,2025-10-18,completed,paypal
7489,2508,2025-11-08,completed,credit_card
7490,2509,2025-09-12,completed,debit_card
7491,2509,2025-10-02,completed,credit_card
7492,2510,2025-12-10,cancelled,credit_card
7493,2510,2025-12-16,completed,paypal
7494,2510,2025-12-20,completed,debit_card
7495,2510,2025-12-24,completed,debit_card
7496,2510,2025-12-29,refunded,paypal
7497,2511,2024-12-26,completed,credit_card
7498,2512,2025-05-11,completed,paypal
7499,2512,2025-07-01,completed,credit_card
7500,2512,2025-07-05,completed,credit_card
7501,2512,2025-10-16,completed,debit_card
7502,2512,2025-12-30,completed,credit_card
7503,2512,2025-12-31,completed,credit_card
7504,2513,2025-06-01,completed,paypal
7505,2513,2025-06-21,completed,credit_card
7506,2513,2025-06-27,completed,credit_card
7507,2513,2025-12-12,cancelled,paypal
7508,2514,2025-09-29,completed,debit_card
7509,2514,2025-11-08,completed,debit_card
7510,2514,2025-12-03,completed,paypal
7511,2514,2025-12-18,completed,debit_card
7512,2515,2025-12-08,completed,debit_card
7513,2516,2024-08-21,completed,debit_card
7514,2516,2024-11-18,completed,paypal
7515,2516,2025-01-08,completed,credit_card
7516,2516,2025-05-16,completed,upi
7517,2517,2025-12-28,completed,upi
7518,2517,2025-12-29,completed,debit_card
7519,2518,2024-08-21,completed,paypal
7520,2518,2024-09-10,completed,credit_card
7521,2518,2024-10-15,completed,credit_card
7522,2518,2024-12-22,completed,paypal
7523,2518,2025-02-21,completed,paypal
7524,2518,2025-05-09,completed,credit_card
7525,2518,2025-07-03,completed,paypal
7526,2518,2025-12-29,completed,debit_card
7527,2519,2025-06-17,completed,debit_card
7528,2519,2025-07-29,completed,debit_card
7529,2520,2024-08-02,completed,paypal
7530,2520,2024-11-08,completed,credit_card
7531,2521,2025-11-12,completed,credit_card
7532,2522,2025-04-25,completed,credit_card
7533,2522,2025-10-30,completed,paypal
7534,2523,2025-11-20,completed,paypal
7535,2523,2025-11-21,completed,upi
7536,2524,2025-06-08,refunded,credit_card
7537,2524,2025-06-20,completed,credit_card
7538,2524,2025-06-21,refunded,paypal
7539,2524,2025-06-24,completed,credit_card
7540,2524,2025-09-06,completed,credit_card
7541,2524,2025-09-10,completed,paypal
7542,2524,2025-11-01,completed,credit_card
7543,2525,2025-08-16,completed,credit_card
7544,2525,2025-10-16,completed,credit_card
7545,2525,2025-11-15,completed,credit_card
7546,2526,2025-05-03,completed,paypal
7547,2527,2025-12-06,completed,credit_card
7548,2528,2025-01-09,completed,paypal
7549,2528,2025-03-19,completed,paypal
7550,2529,2025-06-10,completed,credit_card
7551,2529,2025-11-27,completed,credit_card
7552,2530,2025-07-20,completed,paypal
7553,2530,2025-09-13,completed,debit_card
7554,2531,2025-06-28,completed,credit_card
7555,2532,2025-07-30,completed,credit_card
7556,2532,2025-09-22,completed,debit_card
7557,2532,2025-10-09,refunded,credit_card
7558,2533,2025-10-24,completed,debit_card
7559,2534,2025-12-24,completed,debit_card
7560,2535,2025-11-29,completed,paypal
7561,2535,2025-12-05,completed,credit_card
7562,2536,2025-10-21,completed,paypal
7563,2536,2025-11-24,completed,credit_card
7564,2537,2025-12-14,completed,paypal
7565,2538,2025-06-22,completed,credit_card
7566,2539,2025-11-04,completed,upi
7567,2540,2025-09-09,refunded,credit_card
7568,2540,2025-09-12,completed,credit_card
7569,2541,2025-06-25,completed,credit_card
7570,2541,2025-09-28,completed,debit_card
7571,2542,2025-08-25,completed,upi
7572,2542,2025-12-09,completed,credit_card
7573,2543,2025-02-12,completed,upi
7574,2543,2025-03-23,completed,debit_card
7575,2543,2025-04-15,refunded,credit_card
7576,2543,2025-04-24,completed,debit_card
7577,2543,2025-05-05,refunded,credit_card
7578,2543,2025-09-18,completed,paypal
7579,2543,2025-12-05,completed,paypal
7580,2544,2025-10-25,completed,credit_card
7581,2545,2024-12-23,completed,paypal
7582,2545,2025-12-19,completed,paypal
7583,2546,2025-04-09,completed,credit_card
7584,2546,2025-11-07,completed,credit_card
7585,2547,2025-01-11,completed,debit_card
7586,2547,2025-11-07,completed,credit_card
7587,2548,2024-12-24,completed,credit_card
7588,2548,2025-08-27,refunded,debit_card
7589,2549,2025-12-23,completed,credit_card
7590,2549,2025-12-24,completed,credit_card
7591,2549,2025-12-25,completed,credit_card
7592,2549,2025-12-26,completed,paypal
7593,2549,2025-12-27,completed,paypal
7594,2549,2025-12-28,completed,paypal
7595,2549,2025-12-29,completed,paypal
7596,2549,2025-12-30,cancelled,credit_card
7597,2549,2025-12-31,completed,credit_card
7598,2550,2025-06-26,completed,credit_card
7599,2551,2025-12-19,completed,upi
7600,2551,2025-12-28,completed,paypal
7601,2552,2025-12-28,completed,paypal
7602,2553,2025-06-05,completed,credit_card
7603,2553,2025-07-14,completed,credit_card
7604,2553,2025-08-13,completed,debit_card
7605,2553,2025-08-26,completed,credit_card
7606,2553,2025-09-17,refunded,paypal
7607,2553,2025-10-18,completed,credit_card
7608,2553,2025-10-19,completed,paypal
7609,2553,2025-11-21,completed,credit_card
7610,2553,2025-12-05,completed,credit_card
7611,2554,2025-01-11,completed,upi
7612,2554,2025-07-22,cancelled,upi
7613,2554,2025-10-24,completed,credit_card
7614,2554,2025-11-14,completed,credit_card
7615,2555,2025-07-21,completed,debit_card
7616,2555,2025-10-09,completed,paypal
7617,2556,2025-03-07,refunded,paypal
7618,2556,2025-12-23,completed,paypal
7619,2557,2025-08-05,completed,paypal
7620,2557,2025-08-29,completed,credit_card
7621,2557,2025-12-02,cancelled,paypal
7622,2557,2025-12-04,completed,upi
7623,2557,2025-12-21,completed,credit_card
7624,2558,2025-03-11,completed,credit_card
7625,2559,2025-01-16,completed,credit_card
7626,2559,2025-06-07,completed,paypal
7627,2560,2025-09-10,completed,debit_card
7628,2561,2025-10-12,completed,upi
7629,2562,2025-12-04,completed,credit_card
7630,2563,2025-08-07,completed,paypal
7631,2564,2025-02-07,completed,debit_card
7632,2564,2025-04-16,completed,paypal
7633,2565,2025-04-13,completed,credit_card
7634,2565,2025-04-19,completed,paypal
7635,2565,2025-06-01,completed,credit_card
7636,2565,2025-06-20,completed,paypal
7637,2565,2025-07-02,completed,debit_card
7638,2565,2025-08-24,completed,paypal
7639,2565,2025-10-10,completed,paypal
7640,2566,2025-02-04,completed,upi
7641,2566,2025-12-09,refunded,debit_card
7642,2567,2024-08-04,refunded,credit_card
7643,2567,2025-01-14,completed,debit_card
7644,2568,2025-05-06,completed,debit_card
7645,2568,2025-10-27,completed,upi
7646,2569,2024-06-11,completed,debit_card
7647,2569,2024-09-29,completed,paypal
7648,2569,2024-10-09,completed,debit_card
7649,2569,2024-11-05,refunded,credit_card
7650,2569,2025-05-06,completed,credit_card
7651,2569,2025-09-11,cancelled,paypal
7652,2569,2025-12-02,completed,credit_card
7653,2569,2025-12-14,completed,credit_card
7654,2570,2024-12-05,completed,upi
7655,2570,2024-12-06,completed,credit_card
7656,2570,2024-12-18,cancelled,paypal
7657,2571,2024-07-18,completed,credit_card
7658,2571,2024-07-30,completed,debit_card
7659,2571,2024-09-30,completed,credit_card
7660,2571,2025-02-05,completed,paypal
7661,2571,2025-04-02,completed,debit_card
7662,2571,2025-10-29,completed,debit_card
7663,2571,2025-11-18,completed,paypal
7664,2572,2024-12-21,completed,credit_card
7665,2572,2025-01-21,cancelled,paypal
7666,2572,2025-05-29,completed,upi
7667,2572,2025-10-12,completed,paypal
7668,2573,2025-05-22,completed,debit_card
7669,2573,2025-06-01,completed,credit_card
7670,2573,2025-07-04,completed,credit_card
7671,2573,2025-07-20,completed,credit_card
7672,2573,2025-09-08,completed,credit_card
7673,2573,2025-10-01,completed,debit_card
7674,2573,2025-10-13,completed,paypal
7675,2573,2025-10-17,completed,paypal
7676,2573,2025-10-31,completed,paypal
7677,2573,2025-12-20,completed,upi
7678,2574,2025-12-07,completed,debit_card
7679,2574,2025-12-27,completed,upi
7680,2575,2024-12-03,completed,credit_card
7681,2575,2025-02-28,completed,credit_card
7682,2576,2025-07-01,completed,credit_card
7683,2576,2025-12-06,completed,credit_card
7684,2577,2024-10-22,completed,paypal
7685,2577,2025-03-29,completed,credit_card
7686,2577,2025-06-11,completed,paypal
7687,2577,2025-07-22,completed,paypal
7688,2578,2024-08-30,completed,paypal
7689,2578,2024-12-22,completed,debit_card
7690,2579,2025-08-06,completed,credit_card
7691,2579,2025-09-14,completed,credit_card
7692,2579,2025-09-23,completed,debit_card
7693,2579,2025-11-05,refunded,paypal
7694,2579,2025-11-11,completed,credit_card
7695,2579,2025-11-29,completed,debit_card
7696,2579,2025-12-29,completed,debit_card
7697,2580,2025-06-15,completed,debit_card
7698,2581,2025-08-14,refunded,credit_card
7699,2581,2025-11-03,completed,debit_card
7700,2582,2025-12-14,completed,paypal
7701,2582,2025-12-16,completed,credit_card
7702,2582,2025-12-18,completed,credit_card
7703,2582,2025-12-20,refunded,credit_card
7704,2582,2025-12-21,completed,credit_card
7705,2582,2025-12-25,completed,credit_card
7706,2582,2025-12-28,completed,paypal
7707,2583,2025-03-08,completed,credit_card
7708,2583,2025-04-24,completed,debit_card
7709,2583,2025-10-13,completed,credit_card
7710,2583,2025-11-27,completed,credit_card
7711,2584,2024-06-12,completed,paypal
7712,2584,2025-05-01,completed,debit_card
7713,2584,2025-06-26,refunded,paypal
7714,2584,2025-12-03,completed,credit_card
7715,2585,2024-07-04,completed,credit_card
7716,2585,2025-04-13,completed,upi
7717,2585,2025-05-27,completed,debit_card
7718,2585,2025-08-19,completed,credit_card
7719,2586,2025-10-29,completed,credit_card
7720,2586,2025-12-21,completed,credit_card
7721,2587,2025-12-02,completed,credit_card
7722,2588,2024-11-09,completed,paypal
7723,2589,2025-09-26,completed,credit_card
7724,2589,2025-10-16,completed,credit_card
7725,2590,2024-12-29,completed,credit_card
7726,2591,2025-11-25,completed,credit_card
7727,2591,2025-11-26,cancelled,paypal
7728,2591,2025-11-27,completed,paypal
7729,2591,2025-11-30,completed,credit_card
7730,2591,2025-12-05,completed,paypal
7731,2591,2025-12-15,completed,debit_card
7732,2591,2025-12-17,completed,credit_card
7733,2591,2025-12-23,completed,paypal
7734,2591,2025-12-28,completed,paypal
7735,2592,2025-06-30,completed,debit_card
7736,2592,2025-08-17,completed,debit_card
7737,2592,2025-09-28,completed,credit_card
7738,2592,2025-12-11,completed,credit_card
7739,2592,2025-12-30,completed,paypal
7740,2593,2024-10-11,refunded,credit_card
7741,2593,2024-11-03,completed,credit_card
7742,2593,2025-08-02,completed,debit_card
7743,2593,2025-09-26,completed,debit_card
7744,2593,2025-11-02,completed,credit_card
7745,2594,2025-10-23,completed,paypal
7746,2594,2025-10-28,completed,credit_card
7747,2594,2025-11-06,completed,credit_card
7748,2594,2025-12-09,completed,debit_card
7749,2595,2024-11-26,completed,credit_card
7750,2595,2025-04-26,completed,debit_card
7751,2596,2024-06-23,cancelled,paypal
7752,2597,2025-07-01,completed,upi
7753,2597,2025-12-11,completed,debit_card
7754,2598,2025-03-17,completed,credit_card
7755,2598,2025-04-29,completed,credit_card
7756,2598,2025-07-03,completed,debit_card
7757,2598,2025-09-22,completed,debit_card
7758,2599,2025-06-26,completed,credit_card
7759,2600,2025-07-15,completed,credit_card
7760,2600,2025-10-22,completed,paypal
7761,2601,2025-05-02,completed,upi
7762,2602,2025-12-28,completed,debit_card
7763,2603,2025-02-26,completed,credit_card
7764,2603,2025-08-19,completed,debit_card
7765,2604,2024-01-18,completed,paypal
7766,2604,2024-05-08,completed,paypal
7767,2605,2025-08-08,refunded,credit_card
7768,2606,2025-10-24,completed,upi
7769,2607,2025-03-04,completed,paypal
7770,2608,2025-11-17,completed,paypal
7771,2608,2025-12-14,completed,credit_card
7772,2609,2025-11-22,completed,debit_card
7773,2610,2025-08-10,completed,paypal
7774,2611,2025-11-02,completed,credit_card
7775,2611,2025-11-04,completed,debit_card
7776,2611,2025-11-06,completed,credit_card
7777,2611,2025-11-17,completed,credit_card
7778,2611,2025-11-18,completed,debit_card
7779,2611,2025-12-04,refunded,debit_card
7780,2611,2025-12-13,refunded,upi
7781,2611,2025-12-23,completed,credit_card
7782,2611,2025-12-31,completed,credit_card
7783,2612,2025-09-12,completed,credit_card
7784,2613,2025-05-11,completed,credit_card
7785,2614,2024-12-27,completed,paypal
7786,2614,2025-08-17,completed,paypal
7787,2615,2024-12-19,completed,credit_card
7788,2615,2024-12-22,completed,paypal
7789,2615,2025-01-20,completed,paypal
7790,2615,2025-02-03,completed,debit_card
7791,2615,2025-09-18,refunded,credit_card
7792,2615,2025-09-22,completed,paypal
7793,2615,2025-10-20,completed,credit_card
7794,2615,2025-11-09,completed,credit_card
7795,2615,2025-11-28,completed,credit_card
7796,2615,2025-12-13,completed,paypal
7797,2616,2025-10-24,completed,paypal
7798,2617,2024-04-11,completed,credit_card
7799,2617,2024-05-30,completed,debit_card
7800,2617,2024-07-05,completed,credit_card
7801,2617,2024-07-11,completed,upi
7802,2617,2024-08-14,completed,debit_card
7803,2617,2024-09-29,completed,credit_card
7804,2617,2025-01-17,completed,paypal
7805,2617,2025-06-02,completed,paypal
7806,2617,2025-10-11,completed,debit_card
7807,2617,2025-12-30,completed,credit_card
7808,2618,2024-05-07,completed,credit_card
7809,2618,2024-06-27,completed,debit_card
7810,2619,2025-11-18,cancelled,credit_card
7811,2619,2025-11-22,completed,debit_card
7812,2619,2025-12-01,completed,debit_card
7813,2620,2025-08-11,completed,credit_card
7814,2620,2025-08-22,completed,debit_card
7815,2620,2025-09-23,completed,credit_card
7816,2620,2025-10-13,completed,paypal
7817,2620,2025-10-25,cancelled,paypal
7818,2620,2025-10-26,completed,credit_card
7819,2620,2025-11-27,completed,credit_card
7820,2620,2025-12-02,completed,debit_card
7821,2620,2025-12-21,completed,credit_card
7822,2620,2025-12-25,completed,credit_card
7823,2621,2025-06-17,completed,upi
7824,2622,2025-08-24,completed,debit_card
7825,2622,2025-09-20,completed,credit_card
7826,2622,2025-09-30,completed,credit_card
7827,2622,2025-11-09,completed,credit_card
7828,2622,2025-11-12,completed,credit_card
7829,2622,2025-11-16,completed,upi
7830,2622,2025-12-04,completed,credit_card
7831,2622,2025-12-25,completed,credit_card
7832,2622,2025-12-26,completed,credit_card
7833,2623,2024-03-25,completed,debit_card
7834,2623,2024-10-08,completed,credit_card
7835,2623,2025-12-18,completed,credit_card
7836,2624,2025-01-07,completed,paypal
7837,2625,2025-05-11,completed,debit_card
7838,2625,2025-06-22,refunded,debit_card
7839,2625,2025-08-04,completed,paypal
7840,2625,2025-12-11,refunded,credit_card
7841,2626,2025-04-10,completed,credit_card
7842,2626,2025-07-02,completed,debit_card
7843,2627,2025-11-06,completed,debit_card
7844,2628,2025-03-21,refunded,credit_card
7845,2628,2025-11-19,completed,upi
7846,2629,2025-07-03,completed,paypal
7847,2629,2025-07-28,completed,credit_card
7848,2629,2025-08-28,completed,paypal
7849,2629,2025-09-02,completed,debit_card
7850,2629,2025-09-16,completed,paypal
7851,2629,2025-11-05,completed,credit_card
7852,2630,2024-12-03,completed,credit_card
7853,2630,2025-03-27,completed,credit_card
7854,2630,2025-09-18,completed,credit_card
7855,2631,2024-11-29,completed,paypal
7856,2632,2025-11-18,completed,upi
7857,2632,2025-12-01,completed,debit_card
7858,2633,2025-01-26,completed,debit_card
7859,2634,2025-06-04,completed,debit_card
7860,2635,2025-10-24,completed,debit_card
7861,2636,2025-09-13,completed,credit_card
7862,2636,2025-10-28,completed,credit_card
7863,2637,2024-07-08,refunded,credit_card
7864,2637,2025-01-21,completed,debit_card
7865,2638,2025-09-08,completed,credit_card
7866,2639,2025-10-04,completed,debit_card
7867,2640,2025-05-14,refunded,credit_card
7868,2640,2025-09-26,completed,credit_card
7869,2641,2025-12-04,completed,debit_card
7870,2642,2025-08-17,completed,credit_card
7871,2642,2025-09-18,completed,debit_card
7872,2643,2025-08-30,refunded,paypal
7873,2644,2025-06-15,completed,debit_card
7874,2645,2024-12-31,completed,credit_card
7875,2645,2025-06-09,completed,credit_card
7876,2646,2025-07-02,completed,debit_card
7877,2646,2025-07-15,completed,credit_card
7878,2646,2025-12-18,refunded,debit_card
7879,2647,2025-09-22,completed,credit_card
7880,2647,2025-11-17,completed,credit_card
7881,2647,2025-11-21,completed,credit_card
7882,2648,2024-11-24,completed,credit_card
7883,2648,2025-04-03,completed,credit_card
7884,2648,2025-07-04,completed,paypal
7885,2648,2025-09-30,completed,credit_card
7886,2649,2024-09-04,completed,credit_card
7887,2649,2024-10-26,completed,debit_card
7888,2649,2025-01-07,cancelled,paypal
7889,2649,2025-04-20,refunded,paypal
7890,2649,2025-06-07,completed,upi
7891,2649,2025-08-19,completed,paypal
7892,2650,2025-04-14,completed,credit_card
7893,2650,2025-10-22,completed,credit_card
7894,2650,2025-11-11,completed,credit_card
7895,2650,2025-12-25,completed,upi
7896,2651,2025-08-06,completed,paypal
7897,2651,2025-10-04,completed,debit_card
7898,2652,2024-06-25,completed,credit_card
7899,2652,2024-11-22,completed,debit_card
7900,2652,2025-03-08,completed,credit_card
7901,2652,2025-11-23,completed,credit_card
7902,2653,2025-05-12,completed,paypal
7903,2653,2025-06-27,completed,credit_card
7904,2653,2025-08-29,completed,debit_card
7905,2653,2025-10-25,completed,credit_card
7906,2654,2025-11-26,completed,credit_card
7907,2654,2025-12-18,completed,debit_card
7908,2655,2024-12-23,completed,paypal
7909,2655,2025-05-03,completed,upi
7910,2656,2025-03-01,completed,credit_card
7911,2656,2025-04-18,completed,debit_card
7912,2656,2025-04-29,completed,paypal
7913,2656,2025-09-21,completed,credit_card
7914,2656,2025-11-01,completed,paypal
7915,2656,2025-12-06,completed,credit_card
7916,2656,2025-12-25,completed,credit_card
7917,2657,2024-04-14,completed,credit_card
7918,2657,2024-04-17,completed,paypal
7919,2657,2024-11-23,refunded,paypal
7920,2657,2024-12-01,refunded,debit_card
7921,2657,2025-03-07,completed,upi
7922,2657,2025-10-27,completed,credit_card
7923,2658,2025-01-20,completed,paypal
7924,2658,2025-04-13,completed,debit_card
7925,2658,2025-12-20,completed,credit_card
7926,2659,2025-01-22,completed,paypal
7927,2660,2025-08-26,completed,upi
7928,2661,2025-11-22,completed,credit_card
7929,2661,2025-11-30,completed,paypal
7930,2661,2025-12-19,completed,paypal
7931,2661,2025-12-23,completed,upi
7932,2661,2025-12-24,completed,credit_card
7933,2661,2025-12-27,completed,credit_card
7934,2662,2024-07-24,completed,upi
7935,2662,2024-07-31,completed,credit_card
7936,2662,2024-11-21,completed,credit_card
7937,2662,2025-01-27,completed,paypal
7938,2662,2025-07-05,completed,upi
7939,2662,2025-09-05,completed,credit_card
7940,2662,2025-09-25,completed,credit_card
7941,2662,2025-12-08,completed,paypal
7942,2662,2025-12-26,completed,credit_card
7943,2663,2025-12-21,completed,credit_card
7944,2664,2025-12-04,completed,credit_card
7945,2665,2025-11-07,completed,upi
7946,2665,2025-12-23,completed,paypal
7947,2666,2025-05-20,completed,paypal
7948,2667,2025-09-17,completed,credit_card
7949,2668,2025-10-21,completed,debit_card
7950,2669,2024-12-28,completed,credit_card
7951,2669,2025-07-06,completed,credit_card
7952,2670,2024-07-23,completed,credit_card
7953,2670,2024-07-28,completed,credit_card
7954,2670,2024-09-20,refunded,credit_card
7955,2670,2024-12-10,completed,credit_card
7956,2670,2025-01-21,refunded,debit_card
7957,2670,2025-03-11,completed,credit_card
7958,2670,2025-04-16,completed,credit_card
7959,2670,2025-04-22,completed,paypal
7960,2670,2025-10-03,completed,debit_card
7961,2671,2025-07-15,completed,upi
7962,2671,2025-10-20,completed,credit_card
7963,2672,2025-11-17,completed,debit_card
7964,2672,2025-11-30,completed,debit_card
7965,2672,2025-12-12,completed,credit_card
7966,2672,2025-12-23,completed,credit_card
7967,2672,2025-12-27,completed,credit_card
7968,2672,2025-12-31,completed,credit_card
7969,2673,2024-05-14,completed,credit_card
7970,2673,2025-09-17,completed,debit_card
7971,2674,2024-09-05,completed,credit_card
7972,2674,2025-11-20,completed,credit_card
7973,2675,2024-05-29,completed,paypal
7974,2675,2024-05-30,completed,paypal
7975,2675,2024-09-10,completed,debit_card
7976,2675,2025-03-25,refunded,credit_card
7977,2675,2025-04-25,completed,credit_card
7978,2675,2025-05-21,completed,debit_card
7979,2675,2025-09-07,completed,paypal
7980,2676,2025-11-04,completed,credit_card
7981,2676,2025-12-17,completed,debit_card
7982,2677,2024-12-02,completed,credit_card
7983,2677,2025-01-18,completed,credit_card
7984,2677,2025-05-28,completed,paypal
7985,2677,2025-06-21,completed,debit_card
7986,2678,2024-12-22,completed,credit_card
7987,2678,2025-05-21,refunded,paypal
7988,2679,2025-07-02,completed,debit_card
7989,2680,2024-11-27,completed,debit_card
7990,2680,2024-12-12,completed,credit_card
7991,2680,2025-04-23,completed,debit_card
7992,2680,2025-06-01,completed,paypal
7993,2680,2025-12-29,completed,credit_card
7994,2681,2025-04-17,cancelled,credit_card
7995,2682,2024-12-23,completed,paypal
7996,2682,2025-01-30,completed,credit_card
7997,2682,2025-03-04,cancelled,paypal
7998,2682,2025-03-09,refunded,credit_card
7999,2682,2025-03-20,completed,debit_card
8000,2682,2025-04-27,completed,upi
8001,2683,2025-07-05,completed,credit_card
8002,2683,2025-08-18,completed,credit_card
8003,2684,2025-05-13,cancelled,credit_card
8004,2684,2025-09-02,completed,credit_card
8005,2684,2025-12-04,completed,credit_card
8006,2685,2024-12-06,completed,credit_card
8007,2685,2025-02-13,completed,upi
8008,2685,2025-02-24,completed,paypal
8009,2685,2025-03-15,cancelled,debit_card
8010,2685,2025-06-03,cancelled,upi
8011,2685,2025-06-05,completed,paypal
8012,2685,2025-07-14,completed,credit_card
8013,2685,2025-12-02,completed,paypal
8014,2685,2025-12-21,completed,debit_card
8015,2686,2025-02-11,completed,debit_card
8016,2687,2025-08-30,completed,credit_card
8017,2687,2025-09-23,completed,credit_card
8018,2688,2025-08-18,completed,paypal
8019,2688,2025-09-09,completed,debit_card
8020,2688,2025-09-20,completed,credit_card
8021,2688,2025-09-29,completed,debit_card
8022,2688,2025-10-17,completed,debit_card
8023,2688,2025-11-02,completed,paypal
8024,2688,2025-11-25,refunded,credit_card
8025,2688,2025-12-10,completed,debit_card
8026,2689,2024-05-22,completed,paypal
8027,2689,2024-12-10,completed,debit_card
8028,2689,2025-02-25,completed,debit_card
8029,2689,2025-05-27,completed,upi
8030,2689,2025-06-03,completed,credit_card
8031,2689,2025-06-09,completed,credit_card
8032,2689,2025-07-29,completed,credit_card
8033,2689,2025-12-11,completed,paypal
8034,2690,2024-10-05,completed,credit_card
8035,2690,2024-11-19,completed,credit_card
8036,2690,2024-11-20,completed,paypal
8037,2690,2024-11-28,cancelled,debit_card
8038,2690,2024-12-01,completed,credit_card
8039,2690,2024-12-13,completed,credit_card
8040,2690,2025-03-20,completed,credit_card
8041,2690,2025-11-04,completed,credit_card
8042,2691,2025-11-01,completed,upi
8043,2691,2025-11-04,completed,debit_card
8044,2691,2025-11-16,completed,debit_card
8045,2691,2025-12-14,completed,upi
8046,2691,2025-12-20,completed,paypal
8047,2692,2025-01-08,completed,credit_card
8048,2692,2025-08-11,completed,upi
8049,2692,2025-11-05,completed,credit_card
8050,2693,2025-12-20,completed,debit_card
8051,2693,2025-12-26,completed,credit_card
8052,2694,2024-10-11,completed,credit_card
8053,2694,2025-01-03,completed,credit_card
8054,2694,2025-04-06,completed,debit_card
8055,2694,2025-05-05,completed,credit_card
8056,2694,2025-07-12,completed,credit_card
8057,2694,2025-09-23,completed,upi
8058,2695,2024-09-12,completed,debit_card
8059,2695,2025-08-10,refunded,credit_card
8060,2696,2025-11-22,completed,credit_card
8061,2696,2025-12-02,completed,paypal
8062,2697,2025-01-10,completed,credit_card
8063,2697,2025-07-15,completed,paypal
8064,2698,2025-05-18,completed,credit_card
8065,2698,2025-08-21,refunded,credit_card
8066,2698,2025-10-19,completed,upi
8067,2698,2025-11-08,refunded,credit_card
8068,2698,2025-11-15,completed,paypal
8069,2699,2025-02-15,completed,paypal
8070,2700,2025-02-02,refunded,credit_card
8071,2701,2025-04-28,completed,credit_card
8072,2702,2025-12-05,completed,upi
8073,2702,2025-12-08,completed,credit_card
8074,2702,2025-12-10,completed,paypal
8075,2702,2025-12-12,completed,debit_card
8076,2703,2025-06-03,cancelled,paypal
8077,2703,2025-11-03,completed,credit_card
8078,2704,2025-12-23,completed,credit_card
8079,2705,2025-05-28,completed,credit_card
8080,2706,2025-12-15,completed,credit_card
8081,2706,2025-12-17,completed,paypal
8082,2706,2025-12-18,completed,credit_card
8083,2706,2025-12-21,completed,debit_card
8084,2706,2025-12-23,completed,upi
8085,2706,2025-12-24,completed,paypal
8086,2706,2025-12-28,completed,paypal
8087,2706,2025-12-29,completed,upi
8088,2707,2025-10-05,cancelled,credit_card
8089,2708,2025-10-23,completed,paypal
8090,2708,2025-11-24,completed,credit_card
8091,2709,2025-03-16,completed,upi
8092,2710,2025-06-04,completed,credit_card
8093,2710,2025-07-10,completed,paypal
8094,2711,2025-10-23,completed,upi
8095,2711,2025-11-01,completed,paypal
8096,2712,2024-11-16,completed,credit_card
8097,2713,2024-08-13,refunded,paypal
8098,2713,2024-09-08,cancelled,paypal
8099,2714,2024-08-28,completed,credit_card
8100,2714,2024-11-22,completed,debit_card
8101,2714,2024-12-20,completed,debit_card
8102,2714,2025-02-27,completed,upi
8103,2714,2025-03-05,cancelled,credit_card
8104,2714,2025-08-01,refunded,credit_card
8105,2714,2025-09-12,completed,credit_card
8106,2715,2025-08-06,cancelled,credit_card
8107,2715,2025-09-07,completed,credit_card
8108,2716,2024-09-28,completed,paypal
8109,2716,2025-04-13,completed,debit_card
8110,2717,2025-04-17,cancelled,debit_card
8111,2718,2025-10-25,completed,credit_card
8112,2718,2025-10-29,completed,paypal
8113,2719,2025-05-19,completed,upi
8114,2719,2025-06-08,completed,upi
8115,2719,2025-07-27,completed,debit_card
8116,2719,2025-10-15,completed,credit_card
8117,2719,2025-11-15,completed,credit_card
8118,2719,2025-11-23,completed,paypal
8119,2719,2025-12-16,completed,upi
8120,2720,2025-12-26,completed,debit_card
8121,2721,2025-12-20,completed,paypal
8122,2721,2025-12-21,completed,credit_card
8123,2721,2025-12-22,completed,credit_card
8124,2721,2025-12-24,completed,paypal
8125,2721,2025-12-25,completed,credit_card
8126,2721,2025-12-28,completed,credit_card
8127,2721,2025-12-30,completed,credit_card
8128,2721,2025-12-31,completed,upi
8129,2722,2025-11-08,completed,credit_card
8130,2723,2025-05-17,completed,debit_card
8131,2724,2025-07-16,completed,debit_card
8132,2724,2025-08-06,refunded,paypal
8133,2724,2025-08-13,completed,debit_card
8134,2724,2025-08-23,refunded,paypal
8135,2724,2025-08-25,completed,credit_card
8136,2724,2025-09-20,completed,debit_card
8137,2724,2025-09-30,refunded,paypal
8138,2724,2025-11-03,completed,credit_card
8139,2724,2025-11-18,completed,paypal
8140,2724,2025-12-10,completed,paypal
8141,2725,2025-11-28,completed,debit_card
8142,2725,2025-12-04,completed,paypal
8143,2725,2025-12-05,completed,paypal
8144,2725,2025-12-10,cancelled,paypal
8145,2725,2025-12-17,completed,credit_card
8146,2725,2025-12-22,completed,credit_card
8147,2725,2025-12-27,completed,debit_card
8148,2725,2025-12-31,completed,credit_card
8149,2726,2024-09-15,completed,upi
8150,2726,2025-03-23,completed,paypal
8151,2726,2025-11-21,completed,paypal
8152,2727,2025-04-13,completed,credit_card
8153,2727,2025-06-06,completed,paypal
8154,2728,2025-12-08,completed,credit_card
8155,2729,2025-09-19,completed,credit_card
8156,2729,2025-12-01,completed,upi
8157,2730,2024-05-10,completed,credit_card
8158,2730,2024-05-26,completed,paypal
8159,2730,2024-10-05,completed,debit_card
8160,2730,2025-05-06,completed,paypal
8161,2730,2025-08-13,completed,upi
8162,2730,2025-10-25,refunded,debit_card
8163,2731,2025-08-04,refunded,credit_card
8164,2732,2025-04-04,completed,credit_card
8165,2732,2025-06-23,completed,upi
8166,2732,2025-07-06,completed,paypal
8167,2732,2025-07-17,completed,upi
8168,2732,2025-08-20,completed,upi
8169,2732,2025-10-16,completed,credit_card
8170,2732,2025-10-19,completed,credit_card
8171,2732,2025-10-25,completed,debit_card
8172,2732,2025-12-19,completed,debit_card
8173,2733,2025-11-23,completed,paypal
8174,2734,2025-12-30,completed,credit_card
8175,2735,2025-05-18,completed,credit_card
8176,2735,2025-06-10,completed,debit_card
8177,2735,2025-09-20,completed,upi
8178,2735,2025-10-01,completed,upi
8179,2736,2025-01-18,completed,paypal
8180,2737,2025-08-31,completed,debit_card
8181,2737,2025-09-13,completed,credit_card
8182,2737,2025-12-20,completed,credit_card
8183,2738,2024-06-10,completed,credit_card
8184,2738,2025-10-23,completed,credit_card
8185,2739,2024-12-28,completed,credit_card
8186,2740,2025-12-25,completed,debit_card
8187,2741,2025-07-06,completed,credit_card
8188,2741,2025-08-10,completed,credit_card
8189,2741,2025-08-12,completed,paypal
8190,2741,2025-12-21,completed,upi
8191,2742,2025-04-07,completed,paypal
8192,2743,2025-12-24,completed,paypal
8193,2744,2025-07-04,completed,credit_card
8194,2745,2025-05-01,completed,paypal
8195,2745,2025-06-15,completed,credit_card
8196,2746,2025-03-15,completed,credit_card
8197,2747,2025-06-29,completed,credit_card
8198,2747,2025-10-11,completed,paypal
8199,2748,2025-07-01,completed,upi
8200,2748,2025-09-08,completed,upi
8201,2749,2025-07-19,completed,debit_card
8202,2749,2025-09-27,completed,paypal
8203,2750,2024-10-27,completed,debit_card
8204,2750,2025-01-17,completed,credit_card
8205,2751,2025-12-04,completed,upi
8206,2751,2025-12-22,completed,paypal
8207,2752,2025-02-26,completed,debit_card
8208,2752,2025-10-25,completed,credit_card
8209,2753,2025-11-12,cancelled,paypal
8210,2754,2025-07-07,completed,credit_card
8211,2754,2025-10-11,completed,credit_card
8212,2754,2025-10-24,completed,debit_card
8213,2754,2025-11-24,completed,paypal
8214,2754,2025-12-08,completed,paypal
8215,2754,2025-12-21,completed,paypal
8216,2755,2024-09-10,completed,debit_card
8217,2755,2024-11-27,completed,credit_card
8218,2755,2025-06-22,completed,paypal
8219,2755,2025-07-04,completed,debit_card
8220,2756,2025-07-14,completed,credit_card
8221,2756,2025-10-07,completed,credit_card
8222,2757,2025-07-03,completed,paypal
8223,2757,2025-11-23,completed,upi
8224,2757,2025-12-11,completed,debit_card
8225,2758,2024-08-25,refunded,credit_card
8226,2758,2024-09-07,completed,credit_card
8227,2758,2025-07-13,completed,debit_card
8228,2758,2025-10-02,completed,upi
8229,2759,2025-09-01,completed,debit_card
8230,2760,2025-03-29,completed,paypal
8231,2761,2025-07-25,completed,debit_card
8232,2762,2025-04-06,completed,paypal
8233,2762,2025-06-06,completed,credit_card
8234,2763,2025-05-19,completed,credit_card
8235,2764,2025-08-04,completed,credit_card
8236,2764,2025-08-26,completed,paypal
8237,2764,2025-09-05,completed,credit_card
8238,2764,2025-10-02,completed,credit_card
8239,2764,2025-11-05,completed,credit_card
8240,2764,2025-11-12,completed,paypal
8241,2764,2025-11-25,completed,debit_card
8242,2764,2025-12-13,completed,credit_card
8243,2765,2024-03-22,completed,paypal
8244,2765,2024-06-21,cancelled,paypal
8245,2766,2025-08-07,cancelled,credit_card
8246,2767,2025-05-31,completed,credit_card
8247,2767,2025-08-24,completed,credit_card
8248,2768,2025-11-29,completed,credit_card
8249,2768,2025-12-30,completed,credit_card
8250,2769,2024-11-16,completed,debit_card
8251,2769,2024-11-18,completed,debit_card
8252,2769,2025-01-05,completed,credit_card
8253,2769,2025-08-16,completed,credit_card
8254,2769,2025-12-22,completed,credit_card
8255,2770,2024-04-20,completed,credit_card
8256,2770,2024-08-18,completed,credit_card
8257,2771,2025-10-13,completed,paypal
8258,2772,2024-12-10,completed,paypal
8259,2772,2025-11-09,completed,upi
8260,2773,2024-03-02,completed,credit_card
8261,2773,2024-06-11,completed,debit_card
8262,2773,2024-09-10,completed,paypal
8263,2773,2024-12-09,completed,paypal
8264,2773,2025-05-09,completed,paypal
8265,2773,2025-07-14,completed,upi
8266,2774,2024-08-22,completed,paypal
8267,2774,2024-09-03,completed,credit_card
8268,2774,2024-10-14,completed,paypal
8269,2774,2025-05-17,completed,credit_card
8270,2774,2025-06-29,completed,debit_card
8271,2774,2025-10-08,completed,paypal
8272,2775,2025-10-30,completed,paypal
8273,2776,2024-08-08,completed,paypal
8274,2776,2025-05-15,cancelled,credit_card
8275,2776,2025-08-21,completed,credit_card
8276,2777,2024-10-03,completed,credit_card
8277,2778,2025-07-04,completed,upi
8278,2779,2025-03-04,refunded,credit_card
8279,2779,2025-04-13,completed,paypal
8280,2779,2025-05-14,completed,paypal
8281,2779,2025-06-17,completed,debit_card
8282,2779,2025-07-03,completed,paypal
8283,2779,2025-07-04,refunded,upi
8284,2779,2025-11-19,completed,paypal
8285,2779,2025-12-04,cancelled,credit_card
8286,2780,2025-12-26,completed,credit_card
8287,2781,2024-06-27,completed,debit_card
8288,2782,2025-07-28,completed,upi
8289,2782,2025-08-04,completed,debit_card
8290,2782,2025-09-19,completed,paypal
8291,2782,2025-10-08,completed,paypal
8292,2782,2025-12-13,completed,debit_card
8293,2783,2024-05-28,completed,debit_card
8294,2783,2024-07-02,completed,credit_card
8295,2783,2025-03-07,completed,credit_card
8296,2784,2025-11-21,completed,debit_card
8297,2785,2025-06-13,completed,credit_card
8298,2785,2025-07-23,completed,credit_card
8299,2785,2025-08-16,completed,paypal
8300,2785,2025-09-11,completed,debit_card
8301,2786,2025-12-29,completed,debit_card
8302,2787,2025-01-05,completed,upi
8303,2787,2025-03-24,completed,paypal
8304,2787,2025-09-27,completed,upi
8305,2787,2025-10-07,completed,paypal
8306,2788,2025-04-17,completed,paypal
8307,2788,2025-08-20,completed,credit_card
8308,2789,2025-04-01,completed,credit_card
8309,2789,2025-07-16,completed,credit_card
8310,2789,2025-11-27,completed,upi
8311,2790,2024-05-21,completed,debit_card
8312,2791,2025-11-06,completed,upi
8313,2792,2025-11-11,completed,paypal
8314,2792,2025-12-12,completed,debit_card
8315,2792,2025-12-20,completed,credit_card
8316,2793,2025-04-10,completed,paypal
8317,2793,2025-05-03,completed,credit_card
8318,2793,2025-10-11,completed,paypal
8319,2793,2025-12-27,completed,credit_card
8320,2794,2025-03-06,completed,debit_card
8321,2794,2025-04-03,completed,credit_card
8322,2795,2025-04-02,completed,paypal
8323,2795,2025-04-30,completed,upi
8324,2795,2025-07-09,refunded,credit_card
8325,2795,2025-07-26,completed,credit_card
8326,2795,2025-08-12,completed,credit_card
8327,2795,2025-09-01,completed,upi
8328,2795,2025-10-07,completed,paypal
8329,2796,2025-06-14,completed,credit_card
8330,2796,2025-08-08,completed,credit_card
8331,2796,2025-09-22,completed,credit_card
8332,2796,2025-11-02,completed,paypal
8333,2797,2025-08-24,completed,credit_card
8334,2797,2025-10-30,completed,upi
8335,2798,2025-10-20,completed,credit_card
8336,2798,2025-10-22,completed,credit_card
8337,2799,2024-11-14,cancelled,debit_card
8338,2799,2025-04-21,completed,credit_card
8339,2799,2025-09-20,completed,credit_card
8340,2799,2025-09-24,completed,credit_card
8341,2800,2025-12-19,refunded,paypal
8342,2801,2025-12-12,completed,debit_card
8343,2801,2025-12-15,completed,credit_card
8344,2802,2025-07-29,completed,paypal
8345,2802,2025-09-05,completed,paypal
8346,2803,2024-05-19,completed,credit_card
8347,2803,2024-06-03,completed,credit_card
8348,2803,2024-12-11,completed,paypal
8349,2804,2025-11-09,completed,paypal
8350,2804,2025-12-01,completed,credit_card
8351,2804,2025-12-06,completed,credit_card
8352,2805,2025-01-22,completed,paypal
8353,2806,2024-09-21,completed,credit_card
8354,2806,2025-02-27,refunded,upi
8355,2806,2025-05-06,completed,paypal
8356,2807,2024-11-26,completed,credit_card
8357,2807,2025-09-06,completed,upi
8358,2808,2025-08-27,refunded,upi
8359,2809,2025-03-07,completed,credit_card
8360,2809,2025-04-08,completed,credit_card
8361,2809,2025-04-18,completed,credit_card
8362,2809,2025-04-21,completed,debit_card
8363,2809,2025-08-19,completed,debit_card
8364,2810,2025-12-21,completed,credit_card
8365,2811,2024-07-05,completed,paypal
8366,2811,2025-05-26,completed,credit_card
8367,2812,2025-07-22,completed,paypal
8368,2813,2025-05-07,completed,upi
8369,2814,2024-02-24,completed,paypal
8370,2815,2025-01-13,completed,paypal
8371,2815,2025-05-08,completed,upi
8372,2816,2025-08-23,completed,upi
8373,2817,2025-11-21,completed,paypal
8374,2817,2025-12-17,completed,credit_card
8375,2817,2025-12-27,completed,credit_card
8376,2818,2025-08-27,completed,paypal
8377,2819,2025-05-21,completed,paypal
8378,2819,2025-12-06,completed,paypal
8379,2820,2025-09-23,completed,debit_card
8380,2820,2025-10-12,completed,paypal
8381,2820,2025-10-20,completed,upi
8382,2820,2025-10-27,completed,paypal
8383,2820,2025-12-11,completed,credit_card
8384,2820,2025-12-30,completed,credit_card
8385,2821,2025-06-19,completed,paypal
8386,2822,2024-11-11,completed,debit_card
8387,2823,2025-12-06,completed,debit_card
8388,2824,2025-07-14,completed,credit_card
8389,2825,2024-12-26,completed,upi
8390,2825,2025-03-13,completed,credit_card
8391,2825,2025-05-02,completed,credit_card
8392,2825,2025-07-11,completed,paypal
8393,2825,2025-07-25,completed,paypal
8394,2825,2025-08-10,completed,paypal
8395,2825,2025-09-30,completed,upi
8396,2825,2025-10-09,completed,credit_card
8397,2825,2025-12-04,cancelled,debit_card
8398,2825,2025-12-20,completed,credit_card
8399,2826,2024-09-10,completed,credit_card
8400,2826,2024-11-15,completed,upi
8401,2826,2025-01-26,completed,paypal
8402,2826,2025-03-13,completed,debit_card
8403,2826,2025-08-15,completed,upi
8404,2826,2025-11-24,completed,upi
8405,2827,2024-12-13,completed,credit_card
8406,2827,2025-10-25,completed,paypal
8407,2828,2025-08-27,refunded,credit_card
8408,2829,2024-12-06,completed,credit_card
8409,2829,2025-06-01,completed,credit_card
8410,2830,2025-08-28,completed,debit_card
8411,2831,2025-12-07,completed,paypal
8412,2831,2025-12-22,completed,credit_card
8413,2831,2025-12-30,completed,credit_card
8414,2832,2025-08-13,completed,credit_card
8415,2832,2025-09-29,completed,paypal
8416,2833,2025-09-28,completed,credit_card
8417,2833,2025-10-13,completed,debit_card
8418,2834,2025-03-27,completed,credit_card
8419,2834,2025-11-10,completed,paypal
8420,2835,2024-10-13,completed,debit_card
8421,2835,2024-10-27,refunded,debit_card
8422,2835,2024-10-29,completed,debit_card
8423,2835,2025-01-20,completed,paypal
8424,2835,2025-03-08,completed,paypal
8425,2836,2024-08-28,completed,credit_card
8426,2836,2025-04-02,completed,credit_card
8427,2836,2025-05-15,completed,upi
8428,2837,2024-06-27,completed,upi
8429,2837,2025-09-15,completed,credit_card
8430,2838,2024-11-16,completed,credit_card
8431,2839,2025-12-06,completed,credit_card
8432,2840,2024-03-09,completed,credit_card
8433,2840,2024-08-15,completed,paypal
8434,2840,2024-08-29,completed,credit_card
8435,2840,2024-10-08,completed,paypal
8436,2840,2025-08-22,completed,upi
8437,2840,2025-11-19,completed,debit_card
8438,2841,2025-04-25,completed,paypal
8439,2841,2025-04-26,completed,credit_card
8440,2841,2025-04-27,completed,credit_card
8441,2841,2025-05-16,completed,debit_card
8442,2841,2025-09-11,completed,paypal
8443,2841,2025-12-06,completed,credit_card
8444,2842,2025-10-14,cancelled,paypal
8445,2843,2025-12-12,completed,credit_card
8446,2844,2025-12-25,completed,paypal
8447,2844,2025-12-28,completed,debit_card
8448,2844,2025-12-30,completed,paypal
8449,2845,2024-07-01,completed,credit_card
8450,2845,2025-02-18,refunded,debit_card
8451,2845,2025-03-26,completed,credit_card
8452,2846,2025-02-24,completed,credit_card
8453,2846,2025-04-04,completed,upi
8454,2846,2025-12-11,completed,credit_card
8455,2847,2025-07-14,completed,credit_card
8456,2848,2025-02-28,refunded,paypal
8457,2849,2025-04-14,refunded,credit_card
8458,2849,2025-06-16,completed,paypal
8459,2849,2025-08-21,completed,credit_card
8460,2849,2025-10-07,refunded,debit_card
8461,2849,2025-11-25,completed,credit_card
8462,2850,2024-10-07,completed,debit_card
8463,2850,2025-04-22,completed,upi
8464,2850,2025-08-12,completed,credit_card
8465,2850,2025-11-24,completed,debit_card
8466,2851,2025-09-04,completed,credit_card
8467,2852,2025-09-28,completed,credit_card
8468,2853,2024-08-10,completed,paypal
8469,2854,2024-10-05,completed,credit_card
8470,2854,2025-05-06,completed,paypal
8471,2854,2025-08-25,completed,credit_card
8472,2855,2025-08-31,completed,paypal
8473,2855,2025-11-06,completed,credit_card
8474,2856,2024-11-13,completed,upi
8475,2856,2025-10-08,completed,credit_card
8476,2856,2025-10-23,refunded,credit_card
8477,2856,2025-11-24,completed,upi
8478,2857,2024-12-12,cancelled,paypal
8479,2857,2024-12-28,completed,credit_card
8480,2858,2025-09-21,completed,upi
8481,2859,2024-11-30,completed,debit_card
8482,2859,2025-01-11,completed,paypal
8483,2860,2025-11-02,completed,paypal
8484,2861,2025-09-17,completed,credit_card
8485,2861,2025-11-02,completed,paypal
8486,2861,2025-11-07,completed,debit_card
8487,2862,2025-11-30,completed,upi
8488,2862,2025-12-08,completed,paypal
8489,2863,2024-12-29,completed,upi
8490,2863,2025-04-17,completed,paypal
8491,2864,2024-10-06,completed,credit_card
8492,2864,2024-10-15,refunded,debit_card
8493,2864,2024-11-30,completed,credit_card
8494,2864,2025-02-27,completed,credit_card
8495,2864,2025-03-05,completed,upi
8496,2865,2025-01-08,completed,paypal
8497,2865,2025-01-16,completed,credit_card
8498,2865,2025-03-17,completed,credit_card
8499,2865,2025-03-18,completed,paypal
8500,2865,2025-06-20,completed,credit_card
8501,2865,2025-07-06,completed,paypal
8502,2865,2025-08-24,completed,credit_card
8503,2865,2025-10-04,completed,debit_card
8504,2865,2025-12-01,completed,credit_card
8505,2866,2024-07-06,refunded,debit_card
8506,2866,2025-03-16,refunded,debit_card
8507,2866,2025-06-03,completed,credit_card
8508,2866,2025-07-11,completed,upi
8509,2867,2025-11-16,completed,credit_card
8510,2867,2025-12-06,completed,debit_card
8511,2867,2025-12-17,completed,credit_card
8512,2867,2025-12-21,completed,credit_card
8513,2868,2025-10-27,completed,credit_card
8514,2868,2025-11-24,completed,debit_card
8515,2869,2024-09-26,completed,credit_card
8516,2869,2025-02-22,completed,credit_card
8517,2870,2025-03-04,completed,debit_card
8518,2870,2025-03-21,completed,debit_card
8519,2870,2025-03-29,completed,credit_card
8520,2870,2025-07-03,cancelled,paypal
8521,2870,2025-07-12,completed,paypal
8522,2870,2025-10-16,completed,debit_card
8523,2870,2025-11-14,completed,paypal
8524,2870,2025-12-12,completed,upi
8525,2871,2024-12-27,completed,credit_card
8526,2871,2025-01-24,completed,credit_card
8527,2871,2025-04-01,completed,credit_card
8528,2871,2025-05-15,completed,credit_card
8529,2872,2024-11-15,completed,upi
8530,2872,2025-01-31,completed,credit_card
8531,2872,2025-04-25,completed,paypal
8532,2872,2025-12-20,completed,credit_card
8533,2873,2024-05-30,completed,paypal
8534,2873,2024-06-07,completed,upi
8535,2873,2024-06-23,completed,debit_card
8536,2873,2025-02-24,completed,paypal
8537,2873,2025-06-23,completed,credit_card
8538,2873,2025-06-24,completed,credit_card
8539,2873,2025-06-26,completed,credit_card
8540,2873,2025-09-02,completed,upi
8541,2873,2025-12-21,completed,paypal
8542,2874,2025-08-21,completed,upi
8543,2874,2025-09-14,completed,debit_card
8544,2874,2025-11-03,completed,credit_card
8545,2874,2025-11-12,completed,upi
8546,2875,2025-09-06,completed,paypal
8547,2875,2025-10-10,cancelled,credit_card
8548,2876,2024-10-24,completed,upi
8549,2876,2025-02-01,completed,credit_card
8550,2876,2025-04-10,completed,credit_card
8551,2876,2025-06-14,completed,debit_card
8552,2876,2025-10-07,completed,credit_card
8553,2876,2025-10-29,completed,debit_card
8554,2876,2025-11-08,completed,upi
8555,2877,2025-10-23,completed,debit_card
8556,2877,2025-12-12,completed,paypal
8557,2878,2025-12-06,completed,upi
8558,2878,2025-12-10,completed,credit_card
8559,2879,2025-03-30,completed,credit_card
8560,2879,2025-09-24,completed,credit_card
8561,2879,2025-12-29,completed,paypal
8562,2880,2025-10-24,completed,debit_card
8563,2881,2025-05-28,completed,paypal
8564,2881,2025-06-05,completed,credit_card
8565,2881,2025-07-16,completed,debit_card
8566,2881,2025-09-08,completed,credit_card
8567,2881,2025-09-21,completed,credit_card
8568,2881,2025-11-14,cancelled,upi
8569,2881,2025-12-03,completed,paypal
8570,2881,2025-12-31,completed,debit_card
8571,2882,2024-04-29,completed,upi
8572,2882,2024-05-14,completed,paypal
8573,2882,2024-07-13,completed,paypal
8574,2882,2024-08-17,completed,credit_card
8575,2882,2024-11-03,completed,credit_card
8576,2882,2025-11-30,completed,paypal
8577,2883,2025-01-29,cancelled,paypal
8578,2883,2025-07-14,completed,credit_card
8579,2884,2025-12-13,completed,paypal
8580,2884,2025-12-17,completed,credit_card
8581,2885,2025-12-31,completed,paypal
8582,2886,2025-02-22,completed,upi
8583,2886,2025-03-14,completed,upi
8584,2886,2025-04-30,completed,upi
8585,2887,2025-08-03,completed,credit_card
8586,2887,2025-09-06,completed,credit_card
8587,2887,2025-09-17,completed,credit_card
8588,2887,2025-12-31,completed,debit_card
8589,2888,2025-05-20,completed,credit_card
8590,2888,2025-06-25,completed,debit_card
8591,2888,2025-07-24,cancelled,paypal
8592,2888,2025-07-27,completed,credit_card
8593,2888,2025-08-24,completed,credit_card
8594,2889,2025-12-26,completed,upi
8595,2889,2025-12-28,completed,credit_card
8596,2889,2025-12-29,completed,debit_card
8597,2889,2025-12-30,completed,paypal
8598,2890,2025-03-08,completed,credit_card
8599,2890,2025-04-11,completed,paypal
8600,2890,2025-05-16,completed,debit_card
8601,2890,2025-06-12,completed,debit_card
8602,2890,2025-08-12,completed,credit_card
8603,2890,2025-08-15,completed,paypal
8604,2890,2025-12-15,completed,paypal
8605,2890,2025-12-24,completed,debit_card
8606,2891,2025-05-11,completed,credit_card
8607,2891,2025-10-15,completed,credit_card
8608,2892,2025-10-26,completed,credit_card
8609,2893,2025-01-01,completed,debit_card
8610,2893,2025-12-14,completed,credit_card
8611,2894,2025-06-04,completed,paypal
8612,2894,2025-10-14,refunded,paypal
8613,2895,2025-10-12,cancelled,credit_card
8614,2896,2025-12-14,completed,debit_card
8615,2897,2025-05-09,completed,credit_card
8616,2897,2025-05-24,completed,paypal
8617,2897,2025-09-25,completed,debit_card
8618,2897,2025-10-10,completed,paypal
8619,2898,2025-09-20,completed,credit_card
8620,2899,2024-11-12,completed,upi
8621,2899,2025-03-22,completed,paypal
8622,2899,2025-05-25,completed,credit_card
8623,2899,2025-08-10,completed,paypal
8624,2899,2025-09-19,completed,debit_card
8625,2900,2025-02-22,completed,upi
8626,2900,2025-05-01,completed,paypal
8627,2901,2025-12-27,completed,credit_card
8628,2902,2025-06-11,completed,debit_card
8629,2903,2025-04-28,completed,upi
8630,2903,2025-09-21,completed,debit_card
8631,2904,2024-07-06,completed,credit_card
8632,2904,2025-04-28,completed,credit_card
8633,2904,2025-06-10,completed,credit_card
8634,2904,2025-07-25,completed,paypal
8635,2904,2025-07-28,completed,credit_card
8636,2904,2025-12-25,completed,debit_card
8637,2905,2025-10-28,completed,credit_card
8638,2905,2025-11-16,completed,credit_card
8639,2905,2025-12-10,completed,debit_card
8640,2905,2025-12-15,completed,credit_card
8641,2906,2025-04-26,completed,credit_card
8642,2906,2025-05-28,completed,debit_card
8643,2907,2025-06-01,completed,paypal
8644,2907,2025-09-10,completed,credit_card
8645,2907,2025-10-08,completed,paypal
8646,2907,2025-12-11,completed,debit_card
8647,2908,2025-12-10,completed,debit_card
8648,2909,2025-09-07,completed,paypal
8649,2909,2025-10-02,completed,debit_card
8650,2909,2025-10-16,completed,debit_card
8651,2909,2025-12-06,completed,paypal
8652,2909,2025-12-12,completed,credit_card
8653,2909,2025-12-18,completed,credit_card
8654,2909,2025-12-20,completed,debit_card
8655,2909,2025-12-23,completed,credit_card
8656,2910,2024-08-15,completed,paypal
8657,2910,2024-08-17,completed,paypal
8658,2910,2024-09-01,completed,debit_card
8659,2911,2025-12-14,completed,paypal
8660,2912,2024-10-29,completed,credit_card
8661,2912,2025-05-18,completed,credit_card
8662,2913,2025-08-09,completed,credit_card
8663,2914,2024-08-30,completed,debit_card
8664,2914,2025-05-20,completed,credit_card
8665,2914,2025-10-01,completed,credit_card
8666,2914,2025-12-25,completed,paypal
8667,2915,2025-03-29,completed,upi
8668,2916,2025-11-08,completed,upi
8669,2916,2025-12-12,completed,credit_card
8670,2917,2025-07-15,completed,credit_card
8671,2918,2025-10-02,completed,paypal
8672,2918,2025-11-03,completed,credit_card
8673,2918,2025-11-29,completed,paypal
8674,2919,2025-01-18,completed,paypal
8675,2919,2025-05-09,completed,credit_card
8676,2919,2025-05-30,completed,debit_card
8677,2919,2025-06-01,completed,credit_card
8678,2919,2025-06-09,completed,credit_card
8679,2919,2025-07-25,completed,credit_card
8680,2919,2025-10-01,completed,paypal
8681,2919,2025-12-18,completed,credit_card
8682,2920,2024-04-09,refunded,credit_card
8683,2920,2024-04-20,completed,upi
8684,2920,2024-05-01,completed,upi
8685,2920,2024-05-08,completed,credit_card
8686,2920,2024-12-08,completed,credit_card
8687,2920,2025-06-03,completed,paypal
8688,2921,2025-09-22,completed,debit_card
8689,2921,2025-10-06,completed,paypal
8690,2921,2025-11-12,cancelled,credit_card
8691,2921,2025-12-03,completed,debit_card
8692,2922,2025-01-05,completed,paypal
8693,2922,2025-09-28,completed,debit_card
8694,2923,2024-09-07,completed,paypal
8695,2923,2025-03-29,completed,credit_card
8696,2923,2025-09-14,completed,debit_card
8697,2923,2025-11-15,completed,debit_card
8698,2923,2025-12-13,completed,upi
8699,2924,2024-10-28,completed,paypal
8700,2924,2025-11-30,completed,upi
8701,2925,2025-03-28,completed,debit_card
8702,2925,2025-04-13,completed,debit_card
8703,2925,2025-04-20,completed,paypal
8704,2925,2025-07-03,completed,paypal
8705,2925,2025-08-09,completed,paypal
8706,2925,2025-08-16,completed,credit_card
8707,2925,2025-10-13,completed,credit_card
8708,2925,2025-12-13,completed,upi
8709,2926,2025-11-27,completed,credit_card
8710,2926,2025-11-29,completed,paypal
8711,2926,2025-12-05,refunded,credit_card
8712,2926,2025-12-23,completed,upi
8713,2927,2025-11-24,completed,credit_card
8714,2927,2025-12-01,completed,credit_card
8715,2927,2025-12-21,cancelled,credit_card
8716,2928,2025-10-13,refunded,upi
8717,2928,2025-11-29,completed,credit_card
8718,2928,2025-12-16,completed,paypal
8719,2928,2025-12-26,completed,paypal
8720,2929,2025-01-06,completed,upi
8721,2930,2024-03-27,completed,paypal
8722,2930,2024-04-11,completed,credit_card
8723,2930,2024-06-19,completed,credit_card
8724,2930,2025-06-06,completed,paypal
8725,2930,2025-12-19,completed,credit_card
8726,2931,2024-08-06,cancelled,credit_card
8727,2931,2024-08-09,completed,credit_card
8728,2931,2024-09-30,completed,paypal
8729,2931,2024-12-15,refunded,credit_card
8730,2931,2025-08-07,completed,credit_card
8731,2932,2025-12-19,completed,credit_card
8732,2933,2025-11-30,completed,credit_card
8733,2933,2025-12-04,completed,paypal
8734,2934,2025-09-14,completed,credit_card
8735,2934,2025-10-11,cancelled,credit_card
8736,2935,2025-08-17,completed,credit_card
8737,2936,2025-07-11,completed,credit_card
8738,2936,2025-11-19,completed,credit_card
8739,2937,2025-05-10,completed,debit_card
8740,2938,2025-02-18,completed,credit_card
8741,2939,2025-09-29,completed,debit_card
8742,2940,2024-05-09,completed,credit_card
8743,2941,2024-11-22,completed,credit_card
8744,2941,2024-12-08,completed,paypal
8745,2942,2025-04-29,completed,upi
8746,2943,2024-08-04,refunded,credit_card
8747,2943,2024-11-01,refunded,credit_card
8748,2944,2025-09-09,completed,paypal
8749,2945,2025-11-09,completed,paypal
8750,2945,2025-12-17,completed,upi
8751,2946,2025-12-26,completed,credit_card
8752,2947,2025-11-12,refunded,credit_card
8753,2948,2025-12-28,completed,paypal
8754,2949,2024-10-15,completed,paypal
8755,2949,2025-03-01,completed,debit_card
8756,2949,2025-12-09,completed,credit_card
8757,2950,2025-05-04,completed,paypal
8758,2950,2025-07-21,completed,upi
8759,2950,2025-08-22,completed,paypal
8760,2950,2025-09-29,refunded,paypal
8761,2951,2024-09-08,completed,paypal
8762,2951,2024-12-03,completed,debit_card
8763,2951,2025-02-02,completed,paypal
8764,2951,2025-12-09,completed,upi
8765,2952,2025-08-19,completed,paypal
8766,2953,2025-05-22,completed,credit_card
8767,2953,2025-07-31,completed,upi
8768,2954,2024-10-19,refunded,debit_card
8769,2954,2024-11-01,completed,debit_card
8770,2954,2024-12-18,refunded,credit_card
8771,2954,2025-01-06,completed,debit_card
8772,2954,2025-01-23,completed,upi
8773,2954,2025-02-24,completed,debit_card
8774,2954,2025-07-11,completed,paypal
8775,2954,2025-07-18,completed,paypal
8776,2954,2025-08-23,completed,credit_card
8777,2954,2025-10-31,completed,debit_card
8778,2955,2025-10-17,refunded,credit_card
8779,2956,2025-06-17,completed,credit_card
8780,2957,2025-07-30,completed,upi
8781,2957,2025-08-25,completed,paypal
8782,2958,2025-11-13,completed,credit_card
8783,2958,2025-12-07,completed,paypal
8784,2959,2025-02-14,completed,debit_card
8785,2960,2025-02-22,completed,debit_card
8786,2960,2025-03-29,refunded,upi
8787,2960,2025-04-01,completed,credit_card
8788,2960,2025-07-16,completed,debit_card
8789,2961,2025-03-22,completed,credit_card
8790,2962,2025-04-02,completed,debit_card
8791,2962,2025-04-12,completed,credit_card
8792,2962,2025-05-12,completed,debit_card
8793,2962,2025-06-03,completed,credit_card
8794,2962,2025-07-27,completed,paypal
8795,2962,2025-08-15,completed,paypal
8796,2962,2025-08-31,completed,debit_card
8797,2962,2025-09-14,completed,credit_card
8798,2962,2025-09-23,completed,debit_card
8799,2962,2025-12-03,completed,credit_card
8800,2963,2025-07-06,completed,debit_card
8801,2963,2025-08-20,completed,paypal
8802,2963,2025-09-18,completed,paypal
8803,2963,2025-12-02,completed,credit_card
8804,2963,2025-12-10,completed,paypal
8805,2964,2025-07-06,completed,credit_card
8806,2964,2025-07-16,completed,credit_card
8807,2964,2025-12-14,completed,credit_card
8808,2965,2025-07-01,completed,credit_card
8809,2965,2025-07-13,completed,paypal
8810,2965,2025-08-09,refunded,credit_card
8811,2965,2025-08-11,completed,paypal
8812,2965,2025-08-15,refunded,upi
8813,2965,2025-09-22,completed,paypal
8814,2965,2025-10-31,completed,paypal
8815,2965,2025-11-17,completed,debit_card
8816,2965,2025-12-05,completed,paypal
8817,2966,2025-12-23,completed,paypal
8818,2967,2025-06-16,completed,paypal
8819,2967,2025-08-13,completed,credit_card
8820,2968,2024-12-26,completed,debit_card
8821,2968,2025-05-23,completed,paypal
8822,2968,2025-06-03,completed,credit_card
8823,2968,2025-07-12,refunded,debit_card
8824,2968,2025-10-13,completed,debit_card
8825,2969,2024-08-31,completed,upi
8826,2969,2025-04-13,completed,credit_card
8827,2970,2025-01-30,completed,debit_card
8828,2970,2025-03-14,completed,debit_card
8829,2970,2025-06-14,completed,upi
8830,2970,2025-07-14,completed,upi
8831,2970,2025-08-06,completed,credit_card
8832,2970,2025-10-13,cancelled,upi
8833,2970,2025-11-20,completed,credit_card
8834,2970,2025-12-11,completed,paypal
8835,2971,2025-02-20,completed,paypal
8836,2971,2025-05-01,completed,debit_card
8837,2971,2025-06-24,completed,credit_card
8838,2971,2025-12-26,completed,paypal
8839,2972,2025-04-06,completed,credit_card
8840,2972,2025-07-03,completed,credit_card
8841,2973,2025-12-20,completed,debit_card
8842,2974,2025-09-06,completed,credit_card
8843,2974,2025-11-03,completed,upi
8844,2975,2024-08-19,completed,debit_card
8845,2975,2024-08-20,completed,debit_card
8846,2975,2024-10-16,completed,credit_card
8847,2975,2025-01-25,refunded,credit_card
8848,2975,2025-01-30,completed,paypal
8849,2975,2025-08-02,completed,debit_card
8850,2975,2025-08-17,completed,debit_card
8851,2976,2025-09-18,completed,credit_card
8852,2977,2024-03-25,completed,debit_card
8853,2977,2024-08-22,completed,upi
8854,2977,2024-09-12,completed,credit_card
8855,2977,2024-11-03,completed,credit_card
8856,2977,2025-02-15,completed,debit_card
8857,2977,2025-08-15,completed,paypal
8858,2977,2025-09-25,completed,credit_card
8859,2978,2024-11-16,completed,credit_card
8860,2979,2025-08-09,completed,paypal
8861,2979,2025-12-23,refunded,credit_card
8862,2980,2025-09-03,completed,debit_card
8863,2980,2025-10-11,completed,upi
8864,2980,2025-11-11,completed,credit_card
8865,2980,2025-12-11,completed,paypal
8866,2981,2025-08-28,completed,paypal
8867,2981,2025-09-16,completed,paypal
8868,2981,2025-09-17,completed,credit_card
8869,2981,2025-09-29,completed,paypal
8870,2981,2025-10-26,completed,credit_card
8871,2981,2025-11-08,completed,credit_card
8872,2981,2025-12-02,completed,debit_card
8873,2981,2025-12-10,completed,credit_card
8874,2981,2025-12-22,cancelled,credit_card
8875,2982,2025-07-03,completed,credit_card
8876,2982,2025-12-24,completed,credit_card
8877,2983,2025-03-24,completed,credit_card
8878,2984,2024-06-10,completed,credit_card
8879,2984,2025-09-21,completed,paypal
8880,2985,2024-08-26,completed,credit_card
8881,2985,2024-12-01,completed,debit_card
8882,2985,2025-09-05,completed,paypal
8883,2986,2025-05-25,completed,credit_card
8884,2987,2024-09-28,completed,debit_card
8885,2988,2025-03-13,completed,debit_card
8886,2988,2025-06-13,completed,debit_card
8887,2988,2025-06-27,completed,credit_card
8888,2988,2025-08-24,cancelled,debit_card
8889,2989,2025-11-03,completed,credit_card
8890,2989,2025-11-17,completed,debit_card
8891,2990,2025-02-16,completed,paypal
8892,2990,2025-06-20,completed,credit_card
8893,2990,2025-10-10,completed,credit_card
8894,2991,2025-06-08,completed,paypal
8895,2991,2025-10-30,completed,credit_card
8896,2992,2025-08-13,completed,paypal
8897,2992,2025-08-18,completed,debit_card
8898,2992,2025-10-02,refunded,credit_card
8899,2992,2025-10-21,completed,paypal
8900,2992,2025-11-11,completed,debit_card
8901,2992,2025-11-21,cancelled,upi
8902,2992,2025-12-23,completed,credit_card
8903,2992,2025-12-29,refunded,paypal
8904,2993,2025-11-16,completed,debit_card
8905,2994,2025-12-03,completed,credit_card
8906,2994,2025-12-29,completed,credit_card
8907,2995,2025-02-03,completed,credit_card
8908,2996,2024-11-05,completed,credit_card
8909,2996,2024-12-17,completed,paypal
8910,2996,2025-01-14,completed,credit_card
8911,2996,2025-05-02,completed,credit_card
8912,2996,2025-09-08,completed,credit_card
8913,2996,2025-09-26,completed,debit_card
8914,2996,2025-12-06,completed,credit_card
8915,2997,2025-11-17,completed,paypal
8916,2998,2025-10-20,completed,credit_card
8917,2998,2025-10-25,completed,paypal
8918,2998,2025-10-26,completed,credit_card
8919,2998,2025-11-03,completed,credit_card
8920,2998,2025-11-22,completed,debit_card
8921,2998,2025-12-27,completed,credit_card
8922,2998,2025-12-29,cancelled,credit_card
8923,2999,2025-06-06,cancelled,credit_card
8924,2999,2025-07-24,completed,credit_card
8925,3000,2025-06-17,completed,debit_card
8926,3000,2025-06-20,completed,upi
8927,3000,2025-06-26,completed,paypal
8928,3000,2025-07-13,completed,upi
8929,3000,2025-09-02,completed,debit_card
8930,3000,2025-10-28,completed,paypal
8931,3000,2025-12-08,refunded,credit_card
