customer_id,customer_name,email,signup_date,acquisition_channel,country
1,Christopher Shaw,watsonerica@example.com,2025-10-16,organic,Ukraine
2,Jaclyn Haas,jonesbailey@example.org,2024-04-24,direct,Rwanda
3,Terri Davis,townsenddonna@example.org,2024-01-26,social,Libyan Arab Jamahiriya
4,Mindy Rhodes,icox@example.com,2024-10-08,email,Martinique
5,Olivia Lee,valerie13@example.com,2024-09-07,paid_search,Mozambique
6,Philip Hernandez,myoder@example.com,2024-08-16,paid_search,Latvia
7,Jeremy Ramsey,weissjames@example.org,2024-05-22,paid_search,Jamaica
8,Patrick Daniels,jonestimothy@example.com,2024-04-14,referral,Brunei Darussalam
9,Jessica Camacho,hollandcaitlin@example.com,2025-11-23,social,Benin
10,Curtis Boyd,pchen@example.net,2025-07-12,social,Honduras
11,Michael Johnson,diana82@example.net,2024-03-30,paid_search,Turks and Caicos Islands
12,Robert Roberts,youngsteven@example.com,2025-08-27,direct,Kiribati
13,David Lara,ephelps@example.net,2025-03-08,referral,Brunei Darussalam
14,Luis Bates,blackburndarren@example.com,2024-02-02,paid_search,Falkland Islands (Malvinas)
15,Rachel Bryant,wstrickland@example.net,2024-01-31,,Jordan
16,Laurie Herrera,johncampbell@example.org,2024-04-05,paid_search,Senegal
17,Sheila Gray,julieprince@example.net,2024-08-11,organic,Kiribati
18,Jillian Brewer,wbrown@example.com,2024-08-26,email,Svalbard & Jan Mayen Islands
19,Jessica Brown,fwhite@example.com,2025-06-01,organic,Congo
20,Daisy Butler,biancamoore@example.com,2025-09-08,paid_search,Bahamas
21,James Rosales,bharding@example.net,2024-01-28,social,Iraq
22,Erika Herrera,stephanie06@example.org,2025-07-28,paid_search,Chad
23,Linda Bates,kimberly71@example.org,2024-07-22,paid_search,Angola
24,Kelli Ball,kathrynschultz@example.org,2025-10-27,organic,Turks and Caicos Islands
25,James Frazier,sarawalters@example.org,2025-12-19,organic,Cambodia
26,Kenneth Murray,ramirezjason@example.net,2025-07-12,social,Saudi Arabia
27,Nicole Hill,yadams@example.com,2025-03-05,paid_search,French Polynesia
28,Tammy Wilson,bradleywalters@example.com,2024-08-13,email,Burkina Faso
29,Deborah Garcia,erobinson@example.org,2025-04-04,email,Congo
30,Julie Herrera,jennifer87@example.net,2025-08-26,paid_search,Mozambique
31,Meghan Rivera,ffleming@example.com,2024-10-11,social,Cook Islands
32,Steven Martinez,campbelljustin@example.net,2024-01-07,paid_search,Guinea
33,Tiffany Lyons,athomas@example.org,2024-06-12,paid_search,Ecuador
34,Connie Gardner,karencollins@example.org,2025-12-15,direct,Pakistan
35,Shawn Choi,fjones@example.org,2025-03-08,direct,Central African Republic
36,Lindsey Perkins,vmartin@example.com,2024-12-14,referral,Western Sahara
37,Kayla James,bryantashley@example.net,2024-10-11,organic,Kuwait
38,Andrew Olsen,ubriggs@example.net,2024-06-08,paid_search,Saudi Arabia
39,Anita Mills,cody42@example.org,2024-08-08,social,Poland
40,Justin Brown,priceemily@example.org,2024-12-10,organic,Kyrgyz Republic
41,Kenneth Erickson,dtucker@example.org,2024-04-14,paid_search,Barbados
42,Candace Smith,jason89@example.net,2024-04-04,organic,Antigua and Barbuda
43,Kent Winters,travisgordon@example.org,2025-01-24,paid_search,Bangladesh
44,James Mcclure,timothypalmer@example.com,2024-04-09,direct,France
45,Amy Gordon,charles55@example.net,2025-01-02,,Bermuda
46,John Miller,ywhite@example.com,2024-12-18,social,Bahrain
47,Jessica Hanna,handerson@example.net,2025-09-10,organic,Hong Kong
48,John Reyes,denise35@example.com,2024-09-27,email,Holy See (Vatican City State)
49,Bonnie Kelley,xschneider@example.com,2024-02-14,email,Samoa
50,Catherine Jones,john26@example.org,2025-04-15,paid_search,Macao
51,Holly Smith,xosborne@example.com,2025-07-03,direct,Mongolia
52,Eric Keller,margaret34@example.net,2024-05-07,social,Tanzania
53,Nicole Hardy,leahchan@example.net,2025-01-22,,Afghanistan
54,Adrian Russell,reedjulie@example.com,2024-03-21,referral,Cocos (Keeling) Islands
55,Dana Ballard,hgardner@example.com,2025-07-19,email,Myanmar
56,Roger Wilson,david19@example.org,2024-10-27,direct,Somalia
57,Zachary Anderson,fashley@example.com,2025-10-05,paid_search,Bhutan
58,Jordan Thomas DVM,bclark@example.net,2025-09-25,paid_search,Chile
59,Cindy Owens,reidkaren@example.net,2025-01-05,paid_search,Argentina
60,Sandra Montgomery,mendezheather@example.com,2025-08-14,organic,Guatemala
61,Amy Nunez DVM,williamskatherine@example.org,2024-07-15,organic,Afghanistan
62,Kari Lowe,garciarebecca@example.com,2025-12-22,paid_search,Panama
63,Jennifer Delgado,doughertychristina@example.com,2024-03-12,referral,Pitcairn Islands
64,Jon Cummings,hallen@example.net,2024-02-16,,Turkey
65,Anthony Jones,rbradley@example.net,2025-11-08,paid_search,Kenya
66,Marissa George,thomasnicholas@example.net,2024-08-21,email,South Georgia and the South Sandwich Islands
67,Dustin Hill,shuff@example.com,2024-10-23,paid_search,Guam
68,Justin Miller,mary51@example.org,2024-03-22,referral,Australia
69,Taylor Skinner,christian76@example.org,2024-08-26,paid_search,United States of America
70,Donald Leblanc,tanya15@example.com,2024-04-13,direct,Uganda
71,Christopher Howard,tjohnson@example.org,2025-01-24,social,Cyprus
72,Amber Allen,scottjones@example.org,2024-10-11,paid_search,Pitcairn Islands
73,Elizabeth Garrett,mckinneychristopher@example.net,2025-04-09,paid_search,Papua New Guinea
74,Kathy Jordan,ernestmonroe@example.org,2025-10-12,referral,Namibia
75,Jill Kim,trobinson@example.org,2025-01-08,social,Mayotte
76,Gilbert Elliott,jennifercruz@example.net,2024-06-15,social,Iran
77,Ryan Hall,kenneth71@example.com,2025-01-14,social,Saint Martin
78,Joseph Schultz,qmartinez@example.net,2024-12-29,paid_search,United Kingdom
79,Michelle Taylor,nanderson@example.org,2024-08-02,organic,Mali
80,Dr. Timothy Elliott,wagnerapril@example.net,2025-11-17,paid_search,Qatar
81,William Gordon,johnsonbenjamin@example.net,2024-09-30,referral,Ukraine
82,Autumn Luna,john98@example.com,2025-12-19,social,Seychelles
83,Kenneth Gaines,zhawkins@example.com,2025-11-30,organic,Algeria
84,Sarah Clark,wlewis@example.org,2025-10-25,paid_search,Guatemala
85,Edward Henderson,cherylgilbert@example.net,2024-03-14,organic,Saint Barthelemy
86,Brad Harrison,jamesyork@example.com,2025-09-15,organic,Yemen
87,Maria Quinn,bryanbeth@example.org,2025-10-12,social,Aruba
88,Mary Rose,michael72@example.com,2024-06-24,social,Uzbekistan
89,Jacqueline Randall,hamiltonjeffrey@example.net,2025-06-30,referral,Cape Verde
90,Chelsea Jenkins,heather04@example.org,2024-09-07,organic,Finland
91,Brittney Rivers,taylor58@example.net,2024-06-16,paid_search,Bahrain
92,Desiree Castillo,david61@example.org,2025-04-18,social,Wallis and Futuna
93,Stacey Burgess,dolson@example.com,2025-01-23,social,Holy See (Vatican City State)
94,Daniel Chase,bradfordamber@example.net,2024-10-03,email,Sudan
95,Andrew Schultz,arthur77@example.org,2025-10-17,social,South Africa
96,Kathleen Lang,williamsisaac@example.org,2025-12-05,organic,Kiribati
97,Susan Murray,newtonmaria@example.net,2025-07-24,email,Madagascar
98,Tanya Haas DVM,wellslisa@example.org,2024-08-12,organic,Montenegro
99,Angela Castaneda,christineglenn@example.net,2025-12-02,paid_search,United States of America
100,Nicholas Garrison,johnstonmark@example.net,2024-11-28,paid_search,Tonga
101,Rodney Ritter,sabrina18@example.com,2024-02-27,paid_search,Puerto Rico
102,James Bell,escobarrobert@example.org,2024-08-22,social,Burkina Faso
103,Peter Landry,andrewstammy@example.net,2024-02-02,organic,Indonesia
104,Angela Torres,mpierce@example.org,2024-11-19,email,Pakistan
105,Jon Lyons,kyle26@example.com,2025-02-14,direct,Iran
106,William Tanner,sknight@example.com,2024-10-01,paid_search,Cape Verde
107,Brian Johnson,kimberly81@example.com,2024-03-08,organic,Nigeria
108,Jimmy Hall,robertsdanielle@example.org,2024-08-04,social,Bhutan
109,Anthony Sweeney,marvinavila@example.com,2025-08-03,paid_search,Tanzania
110,Steven Lewis,stephanie50@example.org,2024-11-18,paid_search,Serbia
111,Isaac Wright,scottkatelyn@example.net,2024-08-05,paid_search,Niger
112,Shawn Curtis,fthompson@example.org,2025-11-02,paid_search,Macao
113,Kathy Drake,lisa89@example.net,2025-05-26,direct,Montenegro
114,Tracy Carr,marcmurphy@example.com,2025-02-09,referral,Dominican Republic
115,Jennifer Bryant,timothy22@example.com,2025-10-20,social,Niger
116,Austin Caldwell,chad17@example.org,2025-04-14,referral,Cape Verde
117,Sierra Brown,destiny28@example.net,2024-05-26,referral,Sudan
118,Kerry Savage,john19@example.org,2024-09-28,paid_search,Cyprus
119,Casey Ward,johnsoncourtney@example.com,2024-05-22,referral,Samoa
120,Larry Mcbride,mauriceparker@example.com,2024-09-09,email,Tajikistan
121,David Smith,morrisjoshua@example.net,2025-07-28,referral,Yemen
122,Gabriel Jimenez,jeremydavis@example.com,2025-07-05,referral,Nigeria
123,Allison Doyle,bettywatson@example.org,2024-09-26,organic,Indonesia
124,Mary Hunt,sean43@example.com,2025-08-21,paid_search,Aruba
125,Laura Shields,nguyentina@example.com,2025-03-14,paid_search,Azerbaijan
126,Paula Yu,johnsonronnie@example.net,2025-08-20,organic,British Indian Ocean Territory (Chagos Archipelago)
127,Ryan Hamilton,nflores@example.net,2025-02-12,referral,Qatar
128,Manuel Howard,gwyatt@example.net,2025-01-05,referral,Mexico
129,Lee Huynh,taylortiffany@example.net,2024-08-12,paid_search,Sudan
130,George Meyer,michael69@example.org,2024-05-21,email,Cyprus
131,Daniel Fitzgerald,karaadams@example.com,2025-06-05,organic,Cape Verde
132,Lori Aguilar,marilynlawson@example.net,2025-05-20,paid_search,Malaysia
133,Christopher King,roberto82@example.net,2024-04-03,paid_search,Venezuela
134,Joe Collier,steven19@example.net,2024-02-18,organic,Lao People's Democratic Republic
135,Christopher Blankenship,marissa28@example.com,2024-04-22,direct,Estonia
136,Nicholas Willis,wilsonsheila@example.org,2024-06-05,organic,Estonia
137,Regina Gallegos,hollandjames@example.com,2025-10-04,email,Malaysia
138,Rachel Ruiz,breid@example.com,2024-06-12,social,Saint Kitts and Nevis
139,Tasha Mcdonald,harveyallen@example.net,2025-11-27,organic,Luxembourg
140,Jeanette Morgan,isaiahvillegas@example.com,2025-03-08,direct,Cayman Islands
141,Robin Sanchez,brittneypierce@example.org,2025-09-02,direct,Pakistan
142,Luis Jimenez,rebeccahenderson@example.org,2024-03-06,paid_search,Isle of Man
143,Diana Martin,swhite@example.org,2025-01-29,organic,Holy See (Vatican City State)
144,Nicholas Whitaker,abigailherrera@example.com,2025-01-25,organic,Spain
145,Brent Phillips,davisolivia@example.org,2025-09-02,paid_search,Jordan
146,Jenna Ross,davidyoder@example.net,2025-04-24,paid_search,Barbados
147,Anita Salazar,diane59@example.net,2025-06-25,social,Bosnia and Herzegovina
148,Natalie Nelson,rchase@example.org,2024-09-14,email,Oman
149,Travis Alvarado,stephensonerik@example.org,2025-07-20,paid_search,Niue
150,Lisa Thomas,oscar23@example.org,2024-01-12,paid_search,Mali
151,Kelly Schultz,lynnglass@example.com,2025-11-27,direct,Netherlands
152,Sarah Burgess,elizabeth89@example.org,2024-04-27,paid_search,Fiji
153,Hannah Jenkins,yfry@example.com,2025-11-29,,Reunion
154,Patricia Strong,dwright@example.org,2025-07-03,organic,Botswana
155,Daniel Page,ginageorge@example.com,2024-09-30,direct,Tonga
156,Thomas Atkins,marie31@example.com,2025-10-18,paid_search,Tonga
157,Lisa Solis,idavis@example.com,2024-12-14,social,Cameroon
158,Christopher Weber,kmorrison@example.com,2024-04-24,social,British Indian Ocean Territory (Chagos Archipelago)
159,David May,npearson@example.org,2024-10-27,paid_search,Belgium
160,Cole Conley,dmorgan@example.net,2025-03-21,social,Turkey
161,Bryan Lewis,kevin30@example.org,2024-06-10,organic,China
162,Anthony Russell,beckythompson@example.net,2025-04-09,social,Ireland
163,Jane Francis,joshuadunn@example.com,2024-01-04,social,Cameroon
164,Philip Mays,lindsaysims@example.org,2024-09-26,email,Moldova
165,David Murray,rhonda96@example.net,2025-05-27,paid_search,Colombia
166,Shannon Smith,wreyes@example.net,2024-07-01,referral,Argentina
167,Steven Moore,sharonpeters@example.net,2025-06-03,organic,Mexico
168,Bradley Martinez,lgreen@example.com,2024-04-18,paid_search,Antarctica (the territory South of 60 deg S)
169,James Johnston,wrightjamie@example.org,2025-10-02,paid_search,Gibraltar
170,Trevor Martinez,wesley89@example.org,2024-11-01,email,Israel
171,Haley Santiago,ronald15@example.net,2025-10-16,social,Dominican Republic
172,Yolanda Duncan,jared60@example.com,2025-06-03,paid_search,Ukraine
173,Preston Russell,gail60@example.org,2025-09-15,email,Kenya
174,Julie Williams,james66@example.org,2024-07-22,paid_search,Sri Lanka
175,Betty Walters,smoreno@example.com,2024-06-05,social,Netherlands Antilles
176,Ryan Walker,christine18@example.org,2025-01-17,paid_search,Mauritania
177,Bryan Lewis,rluna@example.org,2024-06-14,social,Tunisia
178,Amanda Howard,rhonda93@example.com,2025-07-06,organic,Romania
179,Sandra Robinson,wchung@example.com,2025-06-27,direct,Mozambique
180,Peggy Collins,jennifer29@example.org,2024-01-01,paid_search,Guyana
181,Craig Porter,danielpatton@example.org,2025-09-05,organic,Sao Tome and Principe
182,Carlos Dawson,yedwards@example.com,2024-11-27,paid_search,Panama
183,Nicole Reynolds,bblake@example.com,2025-05-15,direct,Andorra
184,Jennifer Graham,leonalexis@example.org,2024-01-20,referral,Grenada
185,Madison Riley,leeashley@example.org,2024-04-24,paid_search,Marshall Islands
186,Logan Smith,wrightchristian@example.org,2025-01-06,social,Namibia
187,Alex Martinez,justinstrickland@example.net,2024-11-10,referral,Northern Mariana Islands
188,James Yates,jeancraig@example.net,2024-09-02,email,Pitcairn Islands
189,Daniel Brown,jeff23@example.org,2024-02-29,email,Svalbard & Jan Mayen Islands
190,Raymond Franklin DDS,simmonskim@example.com,2024-09-03,paid_search,Tajikistan
191,Jessica Romero,logan52@example.org,2025-08-03,paid_search,Liberia
192,Christopher Moore,liuscott@example.net,2024-03-21,referral,Montenegro
193,Michael Thompson,jcummings@example.net,2024-03-28,direct,Puerto Rico
194,Thomas Edwards,fnichols@example.net,2025-05-12,social,Antarctica (the territory South of 60 deg S)
195,Johnathan Stephenson,aaronpadilla@example.org,2024-03-11,,San Marino
196,Tara Hill,hbrooks@example.net,2025-06-29,organic,Zambia
197,Madeline Smith,anna48@example.net,2024-05-08,social,Uruguay
198,Derek Bradshaw,davidabbott@example.org,2024-05-11,referral,Tuvalu
199,Kara Frazier,romandeborah@example.net,2025-11-06,referral,Poland
200,James Ho,danielle33@example.org,2025-05-01,social,Taiwan
201,Kyle Campos,droberts@example.org,2025-07-16,social,Egypt
202,Jennifer Anderson,mary06@example.net,2024-06-18,paid_search,Qatar
203,Joseph Mendez,kirsten37@example.org,2024-09-28,paid_search,Lao People's Democratic Republic
204,Christopher Mullen,daniel42@example.net,2025-06-24,,Bahamas
205,James Stewart,cortezjared@example.org,2025-09-13,social,Bulgaria
206,Alexis Campbell,jessicascott@example.net,2025-03-09,paid_search,Cameroon
207,Claudia Kaufman,gsmith@example.net,2024-08-04,paid_search,Mauritius
208,Michael Gonzalez,frankashley@example.org,2025-07-06,social,Congo
209,David Dawson,michelle74@example.org,2025-12-07,paid_search,Ecuador
210,Sonia Barajas,patrick97@example.net,2024-07-24,paid_search,Cambodia
211,Nancy Carter,zjohnson@example.net,2025-12-31,email,Lesotho
212,Brian Holmes,rosecrystal@example.org,2024-11-15,social,China
213,Gary Newman,michellehines@example.org,2025-02-12,social,Uzbekistan
214,Natalie Warner,amills@example.org,2025-11-18,paid_search,Suriname
215,Sandra Wilkerson,aliciasanchez@example.com,2025-10-27,social,Guinea-Bissau
216,Brenda Bennett,pcarter@example.net,2025-01-17,paid_search,El Salvador
217,Anthony Boyd,davisfrank@example.com,2025-03-24,organic,Congo
218,Spencer Garza,thomas50@example.com,2025-06-13,social,Faroe Islands
219,Lisa Ho,bwebb@example.org,2025-04-07,social,French Polynesia
220,Brent York,smithshelby@example.org,2024-05-03,referral,Timor-Leste
221,Dr. Antonio Sanchez DDS,carlcalderon@example.com,2024-09-10,social,Serbia
222,Nicholas Peterson,melaniefisher@example.net,2024-08-18,email,Botswana
223,Keith Williams,mfletcher@example.com,2024-03-06,paid_search,Cambodia
224,Ashley Keith,kaitlinmoon@example.net,2024-12-12,organic,Central African Republic
225,Christopher Martinez,daniel26@example.com,2024-01-22,paid_search,Hong Kong
226,Robert Nguyen,lopezjacob@example.net,2025-08-25,paid_search,Heard Island and McDonald Islands
227,Derrick Boyd,erikchoi@example.net,2025-07-21,direct,Mauritius
228,Katherine Ortiz,thampton@example.com,2024-08-23,organic,Malaysia
229,Taylor Johnson,pduarte@example.net,2025-08-25,referral,El Salvador
230,David Velez,qmelton@example.net,2024-08-13,social,Heard Island and McDonald Islands
231,Brittney Martinez,chadharrington@example.com,2024-01-08,social,Reunion
232,Eric Taylor,carol46@example.net,2024-03-13,email,Dominica
233,Samantha Brown,joshuavazquez@example.com,2025-12-25,email,Cook Islands
234,Christopher Anderson,amber87@example.net,2025-10-08,organic,Afghanistan
235,Katherine Vincent,blakesanchez@example.org,2024-03-01,paid_search,Sierra Leone
236,Heather Ryan,ashleybentley@example.com,2024-08-22,social,Puerto Rico
237,Anthony Bush,salazarstephanie@example.org,2024-03-10,paid_search,Dominican Republic
238,Frank Stevens,pamelamoore@example.net,2024-02-02,paid_search,Ghana
239,Brian Patrick,mhart@example.net,2024-12-04,social,Germany
240,Rebecca Caldwell,timothy39@example.org,2024-03-13,paid_search,Jamaica
241,Tanya Campbell,elizabeth27@example.org,2025-06-10,direct,Wallis and Futuna
242,Gary Lee,michael01@example.org,2024-08-31,direct,Tuvalu
243,Christian Martin,slawrence@example.org,2024-10-12,direct,Comoros
244,Angel Welch,zacharyreed@example.net,2025-11-16,organic,Uruguay
245,David Mitchell,xsmall@example.net,2025-05-12,paid_search,Saint Martin
246,Brian Avery,pattersonhenry@example.net,2024-08-07,direct,Cuba
247,Michele Carter,zbishop@example.org,2025-07-06,organic,Ghana
248,Michael Knight,walkercolin@example.org,2024-05-15,direct,Zimbabwe
249,Regina Shah,tweber@example.org,2025-08-07,direct,Cyprus
250,William Brown,guerreromargaret@example.org,2025-08-13,referral,El Salvador
251,Megan Stuart,sarah47@example.org,2025-04-29,paid_search,Iraq
252,Anthony Ferguson,lunadustin@example.net,2024-09-05,,Poland
253,Steven Malone,bowmanjoshua@example.org,2025-04-29,referral,Congo
254,Marvin Casey,davidsonkelly@example.net,2025-02-20,organic,Canada
255,Leslie Williams,jonesjohn@example.org,2024-07-13,paid_search,Gabon
256,Elizabeth Wright,ydavis@example.org,2024-04-06,email,Guadeloupe
257,Charles Conner,santanaglenn@example.org,2024-04-09,direct,Chile
258,Michael Rodriguez,cobbmiranda@example.com,2025-11-05,social,Sao Tome and Principe
259,Colleen Johnston,ronaldjones@example.com,2025-03-17,email,Malaysia
260,Lori Simon,benjamin98@example.org,2024-12-28,paid_search,Argentina
261,Lauren Carr,ashley41@example.org,2025-03-09,social,Guyana
262,Matthew Charles,dawn35@example.net,2025-02-24,direct,Puerto Rico
263,George Mcgee,jacob79@example.com,2025-04-23,paid_search,Bermuda
264,Megan Castillo,danielleyoung@example.org,2024-02-25,email,Uruguay
265,Jennifer Simon,amandarodriguez@example.com,2025-11-20,referral,Cyprus
266,Russell Jones,elizabethvaughn@example.net,2025-10-31,social,Congo
267,James Wells,sharonayala@example.org,2025-10-23,social,Cote d'Ivoire
268,Brian Walker,stephaniecastillo@example.com,2024-04-10,social,British Virgin Islands
269,Juan Kelly,james03@example.com,2024-03-03,organic,Somalia
270,Deanna Potter,charles04@example.org,2025-02-16,paid_search,Cyprus
271,Amy Chavez,richardallen@example.net,2024-12-13,referral,Isle of Man
272,Amber Mendoza,karen60@example.net,2024-04-21,referral,Guernsey
273,Michael Gregory,jonesjessica@example.com,2024-09-11,referral,Honduras
274,Andre Sanford,christensenteresa@example.net,2024-07-15,direct,Kuwait
275,David Romero,tgarcia@example.net,2024-07-13,email,Mali
276,Rebecca Faulkner,arush@example.org,2025-07-03,email,Swaziland
277,Dylan Odonnell,tiffanybuchanan@example.org,2025-04-04,social,Sierra Leone
278,Pamela Miller,regina97@example.com,2024-05-23,social,Canada
279,Alicia Williams,patrick87@example.org,2025-03-08,social,Tonga
280,Roger Baldwin,ocarroll@example.net,2024-07-06,social,Marshall Islands
281,Joshua Carpenter,lesliebrown@example.org,2024-10-12,referral,Brunei Darussalam
282,Marilyn Hicks,ubrown@example.com,2025-04-18,organic,Saint Barthelemy
283,Erik Hart,abigail06@example.org,2024-09-12,organic,Ukraine
284,Ronald Arnold,susanross@example.net,2024-03-18,paid_search,Norway
285,William Williams,steven50@example.com,2025-03-29,email,Svalbard & Jan Mayen Islands
286,Linda Brock,greenemichael@example.net,2025-07-17,paid_search,British Virgin Islands
287,Christopher Turner,zgray@example.com,2024-04-10,organic,Iraq
288,Cody Stevens,ashley96@example.org,2024-02-21,email,Ukraine
289,Rebecca Nguyen,deborahperry@example.com,2025-10-29,paid_search,Chad
290,Emily Bailey,angela64@example.org,2025-07-07,,Ecuador
291,Monica Bauer,mia94@example.org,2024-01-16,paid_search,Macao
292,Natalie Benton,rita80@example.net,2024-04-05,,Wallis and Futuna
293,Jennifer Barron,susan43@example.com,2024-08-30,referral,Poland
294,James Reyes,victoriachavez@example.net,2024-06-19,organic,Portugal
295,Amanda Farley,nunezvincent@example.com,2025-02-20,paid_search,Dominican Republic
296,Scott Landry,phillipanderson@example.net,2025-05-12,email,Ghana
297,Isaiah Hernandez,cynthiadiaz@example.com,2025-05-07,,Jersey
298,Lisa Bates,kerry35@example.org,2024-08-06,paid_search,Japan
299,Christopher Lee,ewilliams@example.com,2025-02-14,,Vietnam
300,Mark Marshall,qlynch@example.com,2024-03-01,paid_search,Faroe Islands
301,Samuel Galvan,phyllisparsons@example.com,2024-06-17,paid_search,Slovenia
302,Sarah Harris,vwyatt@example.org,2025-01-23,email,Faroe Islands
303,Heather Simon,mario68@example.net,2024-01-03,email,New Zealand
304,Susan Diaz,yvonne38@example.com,2025-02-03,social,Ghana
305,Jennifer Banks,owensmary@example.net,2024-09-28,social,Hungary
306,Robert Wells,timothyshaw@example.net,2025-04-10,direct,Jamaica
307,Breanna Martin,karenhayes@example.com,2024-10-19,email,Antarctica (the territory South of 60 deg S)
308,Paul Rojas,maylisa@example.org,2025-03-09,organic,Grenada
309,Judith Olson,amy72@example.org,2025-12-14,social,Netherlands Antilles
310,Karen Ray,jeffrey69@example.com,2025-07-23,paid_search,Tunisia
311,Pamela Anderson,marymoore@example.com,2025-11-08,organic,French Polynesia
312,Karen Harris,frederick48@example.org,2025-05-13,paid_search,Guatemala
313,Mark Lee,qgonzalez@example.com,2024-06-07,paid_search,Nauru
314,Jordan Bauer,wnichols@example.com,2024-07-13,direct,Malawi
315,Samuel Malone,iwebster@example.org,2024-10-30,referral,Timor-Leste
316,Patrick Jones,williamsryan@example.org,2024-08-10,social,San Marino
317,John Rodgers,ojones@example.com,2024-02-29,organic,Oman
318,Thomas Conway,carlossweeney@example.org,2025-08-16,paid_search,Eritrea
319,Sharon Williams,crodgers@example.org,2025-07-09,paid_search,Bhutan
320,Justin Smith,michele71@example.org,2024-03-03,paid_search,Guyana
321,John Campbell,morrowashley@example.com,2024-11-17,email,Lesotho
322,Matthew Rivers,crystal13@example.com,2024-02-28,social,Mayotte
323,Ronnie Williams,gregorypena@example.com,2024-02-21,,Syrian Arab Republic
324,Joshua Fuentes,bishopsamantha@example.net,2025-08-21,paid_search,China
325,Nicole Nguyen,joyce79@example.org,2025-05-03,direct,Eritrea
326,Melissa Quinn,sanchezmicheal@example.net,2025-05-29,social,Suriname
327,Elijah Williams,thuff@example.com,2025-06-27,email,Saint Martin
328,Phillip Reeves,martintimothy@example.net,2024-06-10,social,Sweden
329,Matthew Miranda,georgemaria@example.org,2024-02-28,organic,Saint Pierre and Miquelon
330,Karen Valenzuela,edwardsscott@example.net,2025-06-04,paid_search,Antigua and Barbuda
331,Ricky Hart,patricia36@example.org,2024-03-23,organic,Malaysia
332,Lisa Ware,downsjoseph@example.net,2024-07-09,social,Tuvalu
333,Timothy Lucas,misty10@example.com,2024-03-11,paid_search,Taiwan
334,Cheryl Miller,hodgejulie@example.org,2025-09-01,paid_search,Martinique
335,Brooke White,philipsmith@example.org,2024-03-10,paid_search,Saint Martin
336,Roberto Martinez,barbararogers@example.org,2025-11-22,paid_search,Kyrgyz Republic
337,Kelly Myers,gaybryan@example.com,2024-08-28,referral,Antarctica (the territory South of 60 deg S)
338,Alexandra Kim MD,jennifer96@example.net,2025-02-17,social,Cape Verde
339,Matthew King,tarabutler@example.org,2024-05-02,organic,New Zealand
340,Craig Hernandez,fosterandrew@example.org,2025-08-06,paid_search,Central African Republic
341,Shannon Green,payneamy@example.com,2024-09-09,organic,Norfolk Island
342,Jerry Robertson,leebarry@example.org,2025-08-15,organic,Tunisia
343,Sarah Shelton,thomasjackson@example.org,2025-08-31,paid_search,Greenland
344,Megan Sims,rthomas@example.net,2024-02-10,organic,Pakistan
345,Michelle Cooke,crystalquinn@example.com,2025-09-26,organic,Bermuda
346,Marissa Powell,kimberly27@example.com,2024-03-24,social,Vietnam
347,Brittany Davis,wsanchez@example.com,2025-03-05,social,New Caledonia
348,Joshua Bailey,wagnermichaela@example.com,2025-11-04,paid_search,French Polynesia
349,Kylie Walsh,thomasshawn@example.com,2025-08-20,organic,Spain
350,James Ramirez,rodriguezbenjamin@example.net,2025-08-01,social,Saint Helena
351,Cheryl Hanson,brownkathy@example.org,2025-06-19,email,Latvia
352,William George,tstevens@example.org,2024-11-19,referral,Poland
353,Antonio Gray,kayla66@example.com,2024-09-24,social,Italy
354,Ronald Hart,mschneider@example.net,2024-07-28,paid_search,North Macedonia
355,Timothy Shaffer,michellecastro@example.net,2025-11-16,paid_search,Denmark
356,Marco Arnold,peterguzman@example.com,2024-11-17,social,Syrian Arab Republic
357,Melinda Garrison,uvillanueva@example.com,2024-09-01,paid_search,Mauritania
358,Gabriela Smith,pharper@example.net,2024-09-28,email,Mauritius
359,Ashley White,beckjoseph@example.com,2025-02-09,direct,South Georgia and the South Sandwich Islands
360,Derek Brown,cynthia61@example.com,2024-05-14,email,Comoros
361,Abigail Farrell,fbrandt@example.net,2025-11-18,organic,Austria
362,Ashley Porter,ghernandez@example.net,2025-10-22,social,Norfolk Island
363,Jasmine Gonzales,stanleyrobert@example.com,2024-11-03,organic,South Georgia and the South Sandwich Islands
364,Eric Herrera,houseregina@example.com,2025-04-13,email,Wallis and Futuna
365,Debra Deleon,reevesjoshua@example.net,2024-11-19,direct,Bolivia
366,Patricia Hall,dorothy42@example.org,2024-03-15,organic,Kyrgyz Republic
367,Alexandra Johnson DDS,smithwilliam@example.net,2024-01-10,direct,Slovenia
368,William Bradley,leehenderson@example.com,2025-04-14,direct,Denmark
369,Joshua Rasmussen,englishdebbie@example.org,2025-09-28,paid_search,Malawi
370,Scott Wright,jonathon27@example.org,2025-07-30,paid_search,Mauritania
371,Matthew Curtis,vickie93@example.org,2024-04-12,paid_search,Eritrea
372,Larry Miller,reyesstacey@example.com,2024-03-16,paid_search,Andorra
373,Mariah Perez,mgross@example.org,2025-07-04,paid_search,Antigua and Barbuda
374,Gary Johnson,thompsonkimberly@example.org,2024-08-06,social,Isle of Man
375,Laura Howe,esparzakatherine@example.net,2025-06-02,paid_search,Haiti
376,Taylor Chambers,kcarter@example.net,2024-09-28,organic,Saint Pierre and Miquelon
377,Cheryl Campbell,perezandrea@example.com,2024-05-15,referral,Papua New Guinea
378,Laura Morton,millerkaren@example.com,2024-12-23,paid_search,Bulgaria
379,Kaitlyn Allen,blackburnheather@example.com,2024-03-11,referral,Cayman Islands
380,Ronald Richardson,kathleenfrye@example.org,2024-09-07,paid_search,Bosnia and Herzegovina
381,Ryan Rowe,jacob17@example.com,2025-01-13,paid_search,Korea
382,Martha Chapman,robertcharles@example.org,2024-10-18,social,United States Minor Outlying Islands
383,Christopher Turner,plee@example.net,2024-06-10,social,Indonesia
384,Sarah Gibbs,shane34@example.org,2025-03-24,referral,United Arab Emirates
385,Hayden Maldonado,amberclark@example.com,2025-07-10,social,Saint Kitts and Nevis
386,Tonya Lane,jaredvaughan@example.com,2025-12-21,referral,Guadeloupe
387,Marcus Marshall,jennifer18@example.com,2024-11-05,paid_search,Belize
388,Regina Martin,nreyes@example.com,2025-09-18,paid_search,New Caledonia
389,Justin Marshall,greenwendy@example.com,2025-10-31,social,Saint Kitts and Nevis
390,Troy Roberts,donna63@example.com,2025-06-25,referral,Albania
391,Monique Davis,tbaker@example.net,2024-01-09,direct,Cook Islands
392,Eric Hayes,sandra89@example.org,2025-11-14,organic,Bahamas
393,Nicole Rodriguez,james72@example.net,2025-07-21,organic,Micronesia
394,Douglas Robinson,norma20@example.net,2024-11-02,,Grenada
395,Elizabeth Jarvis,jacksonjason@example.org,2025-11-10,organic,Samoa
396,Michael Alvarez,christyrobinson@example.com,2024-04-16,direct,Swaziland
397,Janet Robinson,cwarren@example.net,2024-05-17,referral,Niger
398,Peter White,salinasjustin@example.com,2024-09-27,organic,Grenada
399,Lauren Mccoy,hughesbrittany@example.com,2024-04-28,social,Jamaica
400,Brenda Tran,jose79@example.org,2024-04-19,social,Guinea
401,Amanda Palmer,andersonstacey@example.net,2025-07-20,paid_search,Montenegro
402,David Olson,samantha41@example.org,2024-06-08,direct,Algeria
403,Stephanie Bradley,robertsonsydney@example.com,2024-10-05,email,Moldova
404,Thomas Nash,katierosario@example.com,2024-10-15,referral,Afghanistan
405,Mikayla Morgan,valerie72@example.com,2025-09-11,organic,Malawi
406,Ryan Smith,caineric@example.net,2024-08-03,referral,Lesotho
407,Melissa Hernandez,lisaholden@example.org,2024-12-17,organic,Holy See (Vatican City State)
408,Brandon Davis,nguyensavannah@example.net,2024-07-27,paid_search,Guinea-Bissau
409,Paul Cole,codywilliams@example.com,2025-12-04,,Mayotte
410,Kelsey Ramos,dspencer@example.com,2025-10-11,paid_search,Honduras
411,Stephanie Johnson,mwolf@example.com,2024-09-27,organic,Monaco
412,Mrs. Kimberly Campbell,walshsara@example.net,2025-06-01,direct,Norway
413,Marilyn Gomez,gregory93@example.com,2025-05-15,direct,Tuvalu
414,Christopher Flores,currykristy@example.com,2024-09-14,email,Philippines
415,Melanie Johnson,vgarcia@example.net,2024-02-22,social,French Polynesia
416,David Graham,harmonnatalie@example.com,2024-04-04,organic,Djibouti
417,Deborah Monroe,andreakennedy@example.net,2025-10-11,paid_search,France
418,Alexandra Aguilar,aaron94@example.org,2025-03-09,organic,Montenegro
419,Eric Clark,zmccormick@example.net,2024-10-10,social,Jordan
420,Susan Bowers,smithbrandi@example.org,2024-02-15,social,Ethiopia
421,Robert Wilkerson,scottdebra@example.net,2024-01-04,social,Isle of Man
422,Joseph Harper,natkinson@example.com,2024-12-07,social,Romania
423,Raymond Holmes,gmiller@example.org,2024-05-13,paid_search,Lebanon
424,Sarah Bush,hendersontara@example.org,2025-10-14,organic,Moldova
425,John Conner,wendy09@example.net,2024-09-25,paid_search,Botswana
426,Jacqueline Oliver,mathewperkins@example.org,2024-06-14,email,Hungary
427,Amanda Merritt,tcraig@example.com,2025-03-28,organic,Saint Martin
428,Benjamin Smith,ernestmcdaniel@example.net,2025-07-18,referral,Serbia
429,Tracy Evans,kenneth12@example.net,2025-12-23,organic,Ecuador
430,Brian Smith,kimberlylyons@example.net,2025-03-13,paid_search,Cuba
431,Danielle Murphy,david33@example.net,2025-07-28,paid_search,Zimbabwe
432,Krystal Norman,shortmorgan@example.com,2024-01-10,social,Guinea-Bissau
433,Casey Curry,smithmichael@example.net,2024-04-24,social,Papua New Guinea
434,Tammy Clark,michael81@example.org,2024-03-18,paid_search,Panama
435,Larry Velasquez,natalierice@example.net,2025-12-08,paid_search,Svalbard & Jan Mayen Islands
436,Jose Johnson,reyesjoshua@example.net,2024-06-01,social,Guinea-Bissau
437,Charles Brown,vfaulkner@example.net,2025-07-12,paid_search,Lebanon
438,Karla Adams,denisekennedy@example.org,2024-02-06,referral,Norfolk Island
439,Thomas Li,thompsonjason@example.net,2025-01-13,social,Paraguay
440,Erika Davis,gordonjennifer@example.net,2025-08-19,paid_search,Sudan
441,Amanda Benjamin,danielle05@example.com,2025-07-19,paid_search,Uzbekistan
442,Christine Smith,dbarnes@example.com,2024-05-31,direct,Burundi
443,Jennifer Miller,scarroll@example.org,2025-03-16,organic,Cyprus
444,Matthew Schroeder,deborahwright@example.org,2024-05-10,organic,Liechtenstein
445,Jose Jones,robert50@example.org,2024-02-12,referral,Burkina Faso
446,Patrick Anderson,brandonfrancis@example.com,2024-11-11,direct,Western Sahara
447,Tyler Combs,medinalisa@example.org,2025-01-08,direct,Sao Tome and Principe
448,Dylan Smith,fishercassidy@example.com,2024-02-10,social,Namibia
449,Michael Morgan,jamesbruce@example.org,2025-01-01,organic,Puerto Rico
450,Mr. Zachary Long,melissa98@example.net,2024-08-03,paid_search,Ecuador
451,Brandon Sheppard,charlenemoreno@example.net,2025-11-29,social,Saint Kitts and Nevis
452,Dale Grimes MD,erica84@example.net,2024-09-12,email,Pakistan
453,Sandra Newman,baileycrystal@example.org,2025-11-13,organic,Saudi Arabia
454,Matthew Scott,joseriddle@example.org,2024-04-15,direct,Saudi Arabia
455,David Jackson MD,jasonmarquez@example.com,2024-12-28,paid_search,Slovenia
456,Michelle Watson,caseyburnett@example.com,2025-07-27,organic,Hungary
457,Ms. Diana Caldwell,edwardssusan@example.net,2025-02-20,paid_search,Tunisia
458,Frank Taylor,ericapetty@example.com,2025-09-27,organic,Kenya
459,Jamie Garza,robert96@example.org,2024-06-07,paid_search,Reunion
460,Amanda Wolf,jennifermiller@example.net,2024-08-30,paid_search,Uganda
461,Alan Hartman,bellerin@example.org,2024-06-15,paid_search,Netherlands
462,Karen Middleton,hannahfernandez@example.org,2024-06-30,social,Estonia
463,Ryan Oneal,martinharry@example.org,2025-02-26,social,British Virgin Islands
464,Benjamin Jones,brandon16@example.org,2024-01-26,email,Equatorial Guinea
465,Debra Arellano,elliottkristopher@example.net,2024-07-02,direct,Albania
466,Sabrina Young,natashastone@example.net,2024-12-06,organic,Holy See (Vatican City State)
467,Anna Avila,shelly74@example.net,2025-02-25,paid_search,Vanuatu
468,Seth Evans,kimberly87@example.com,2025-11-16,referral,Saint Lucia
469,Chad Moreno,spearscatherine@example.org,2024-09-11,paid_search,El Salvador
470,Chase Frazier,hallrandy@example.org,2024-09-30,direct,Azerbaijan
471,Jennifer Lopez,bergkyle@example.net,2024-06-12,paid_search,Bahrain
472,Ricardo Wright III,john59@example.net,2025-12-19,direct,Burkina Faso
473,Alexandra Hudson,lkelley@example.net,2024-04-20,,French Polynesia
474,Monica Ortiz,torresamanda@example.net,2025-01-26,referral,Lesotho
475,Crystal Dudley,christopher43@example.com,2024-02-09,email,Mayotte
476,Robert Weber,freemancaroline@example.net,2025-04-26,direct,Cameroon
477,Crystal Thompson,derrick69@example.net,2024-08-15,paid_search,Reunion
478,Alicia Zavala,smoore@example.org,2024-07-23,email,Grenada
479,Tonya Russell,jacob04@example.com,2025-04-16,direct,Christmas Island
480,Kevin Sharp,ronaldtucker@example.com,2024-12-24,email,Liechtenstein
481,Frances Harvey,jwilkerson@example.com,2024-11-08,social,Cocos (Keeling) Islands
482,James Clark,katrina43@example.net,2024-08-21,social,British Virgin Islands
483,Nicole Brooks,cdawson@example.org,2024-08-16,organic,Norfolk Island
484,Jesus Kirk,ycombs@example.org,2024-01-25,social,Isle of Man
485,William Watson,daisybenitez@example.net,2025-11-06,email,Congo
486,Dustin Roberts,carrie55@example.net,2024-07-16,direct,Costa Rica
487,Kathleen Serrano,jasmine77@example.net,2025-02-12,paid_search,Montenegro
488,Latoya Anderson,carmen46@example.com,2024-12-02,paid_search,Kenya
489,Jonathan Schmidt,jeffreybrown@example.org,2024-10-12,direct,Malawi
490,Jacob Vasquez,smithtyler@example.com,2024-03-12,referral,Montserrat
491,Dawn Noble,tyoung@example.org,2024-10-12,organic,Guernsey
492,David Robinson,kbowman@example.net,2024-12-25,social,Bangladesh
493,Ms. Jessica Dean MD,paula40@example.org,2025-10-18,paid_search,Bangladesh
494,Charles Hodges,jonesjames@example.com,2025-06-05,paid_search,Christmas Island
495,Heather Fitzgerald,rparker@example.net,2025-02-13,organic,Iraq
496,Bradley Norman,gordonmeyers@example.net,2025-11-26,organic,Taiwan
497,Tracey Smith,adam11@example.net,2025-07-03,email,Puerto Rico
498,Scott Smith,epace@example.com,2024-12-05,paid_search,Lebanon
499,Cathy Smith,alexis31@example.com,2024-01-29,direct,Belgium
500,Evan Chen,wjefferson@example.net,2024-04-28,direct,Ukraine
501,David Reeves,pcurry@example.org,2024-09-24,social,Bosnia and Herzegovina
502,Travis Williams,gonzalezdanielle@example.net,2024-07-01,email,Bolivia
503,James Sanchez,ipalmer@example.org,2025-08-17,organic,Bhutan
504,Ian Hogan,james91@example.com,2024-09-28,referral,Tunisia
505,Brooke Pena,paul78@example.org,2024-02-09,social,Svalbard & Jan Mayen Islands
506,Daniel Green,rachel56@example.com,2024-04-21,paid_search,Solomon Islands
507,Justin Carey,ejones@example.org,2025-09-02,direct,Saint Barthelemy
508,James Cannon,schneidergregory@example.com,2025-03-20,referral,Kenya
509,Kenneth Robinson,timothygarcia@example.org,2024-12-19,direct,China
510,Michelle Leach,millerhunter@example.org,2024-11-17,social,Luxembourg
511,Michael Mills,grimesmichael@example.net,2025-03-22,social,Bouvet Island (Bouvetoya)
512,Stacey Brown,dawnblack@example.org,2025-09-12,organic,New Zealand
513,Deborah Wells,acampbell@example.org,2025-06-07,direct,Tunisia
514,Richard Stewart,georgesmith@example.net,2024-04-28,referral,Kiribati
515,Justin Fleming,wallacesarah@example.com,2025-01-29,paid_search,Italy
516,Megan Andrews,robertwalker@example.com,2025-08-13,paid_search,Saint Kitts and Nevis
517,Bob Marquez,ginadominguez@example.net,2024-07-13,organic,Uruguay
518,Jason Walsh,efreeman@example.com,2024-09-17,referral,Greece
519,Susan Brown,bookerjohn@example.com,2024-02-15,direct,Uganda
520,Brian Miller,christopher87@example.org,2025-12-26,paid_search,Russian Federation
521,Zachary Mosley,bthompson@example.org,2025-03-22,email,South Africa
522,Sarah Hunter,qkline@example.org,2024-01-02,organic,Yemen
523,Raymond Gibson,gcastillo@example.com,2025-06-16,direct,Hong Kong
524,Glenn Washington,kayla71@example.com,2025-07-05,referral,Norfolk Island
525,William Potts,parkerjim@example.org,2025-12-04,referral,Guyana
526,Shelley Flores,khanrachel@example.com,2025-11-17,organic,Western Sahara
527,Arthur Lopez,sperry@example.net,2024-07-20,organic,Mauritius
528,Dustin Hernandez,troyedwards@example.com,2025-01-07,paid_search,Australia
529,Diamond Dominguez,jamesgeorge@example.org,2025-03-17,paid_search,Palau
530,Robert Baker,paul54@example.org,2024-03-12,referral,Honduras
531,Michael Moreno,johnsonautumn@example.net,2025-11-11,referral,Cuba
532,Victor Diaz,dturner@example.net,2024-12-04,direct,Wallis and Futuna
533,Richard Small,xrose@example.net,2025-09-30,direct,Tonga
534,Carl Mendez,kingelizabeth@example.net,2024-11-17,email,Egypt
535,Paul Jones,villanuevatyler@example.org,2025-11-10,social,French Southern Territories
536,Denise Hudson,stephaniekerr@example.org,2024-05-07,direct,Tuvalu
537,Amanda Hicks DDS,jasminebailey@example.net,2024-11-03,referral,United Arab Emirates
538,Brenda Burton,darleneroberts@example.org,2025-06-03,paid_search,Italy
539,Bradley Chavez,jasminepayne@example.org,2024-11-12,organic,Sao Tome and Principe
540,Robert Farmer,colemaneric@example.com,2025-11-13,paid_search,Benin
541,Steven Lee,maryrodriguez@example.net,2025-02-22,direct,French Southern Territories
542,Christina Klein,margaretbush@example.com,2024-11-30,social,Bahamas
543,Jennifer Blake,mbaldwin@example.net,2025-02-16,paid_search,Peru
544,David Cunningham,gillkimberly@example.com,2025-12-14,social,Madagascar
545,Cindy Hall,nicholskimberly@example.net,2024-10-29,social,Luxembourg
546,Carrie Norris,ymartinez@example.com,2025-07-21,organic,Ireland
547,Heather English,leerobin@example.net,2024-05-10,paid_search,Samoa
548,Caleb Johnston,walkertodd@example.com,2024-07-15,social,Slovakia (Slovak Republic)
549,Logan Bautista,williamstheresa@example.org,2025-03-06,email,Tanzania
550,Roy Rodriguez,sharonbennett@example.net,2025-11-11,social,Niue
551,Allison King,brian27@example.com,2025-01-23,email,Holy See (Vatican City State)
552,Randy Green,hjohnson@example.net,2025-11-24,referral,Denmark
553,Mark Martinez,cynthia95@example.net,2024-06-27,email,Peru
554,Jessica Delgado,teresabarnett@example.net,2025-09-22,email,Cambodia
555,William Moreno,evelyn15@example.com,2025-08-05,referral,Pitcairn Islands
556,Maria Robinson,jakemartin@example.com,2024-11-04,organic,Bahamas
557,Jon Macdonald,kristinacox@example.org,2025-02-19,paid_search,Palau
558,Lori Schultz,iharris@example.net,2025-07-15,paid_search,Ghana
559,Guy Gonzalez,zmedina@example.net,2024-01-01,social,Angola
560,Linda Yang,wendycombs@example.com,2024-11-07,social,Liberia
561,Andrew Spencer,andrewjames@example.org,2024-10-20,social,Heard Island and McDonald Islands
562,Mary Carlson,katherineprice@example.org,2024-08-03,paid_search,Barbados
563,Holly Franklin,johnboyd@example.net,2025-03-16,paid_search,Azerbaijan
564,Jason Hurley,marcus70@example.net,2025-08-16,paid_search,Burkina Faso
565,Christine Allen,floresrachel@example.org,2025-09-13,organic,Turkey
566,Robert Beltran,edward00@example.net,2025-11-01,email,Azerbaijan
567,Jessica Carroll,samuelsmith@example.net,2024-11-25,organic,Indonesia
568,Renee Dean,michaelpena@example.com,2025-04-21,organic,Philippines
569,Diana Collier,brennanmanuel@example.com,2025-03-28,direct,Madagascar
570,Natalie Weber,wilsonangela@example.com,2025-03-28,organic,Comoros
571,Ashley Cummings,gonzalezteresa@example.net,2025-11-22,email,Israel
572,Keith Chavez,kelli77@example.com,2024-08-06,social,Iran
573,Colin Randolph,canderson@example.net,2025-06-07,organic,Azerbaijan
574,Samuel Mendoza,andersondanny@example.com,2025-04-29,social,Comoros
575,Margaret Savage,vhughes@example.org,2024-06-22,referral,Barbados
576,Lynn Reeves,david02@example.com,2025-11-05,direct,Vanuatu
577,Dominique Cooper,eric58@example.net,2024-03-27,paid_search,Oman
578,Theresa Carroll,hhurley@example.org,2024-10-17,direct,Cocos (Keeling) Islands
579,Spencer Zamora,cbailey@example.org,2025-06-11,organic,Oman
580,Tonya Baker,james79@example.com,2025-11-10,paid_search,Anguilla
581,Darlene Lopez,hudsonamanda@example.com,2025-10-10,organic,Cayman Islands
582,Angela Dennis,jimenezjacob@example.net,2025-09-26,direct,Niger
583,Diane Strickland,taylorjean@example.net,2024-12-09,organic,Seychelles
584,Joanne Aguilar,nancyshaw@example.com,2024-04-05,organic,Botswana
585,Kristen Miller,patrick61@example.org,2024-08-28,social,Belgium
586,Heidi Arias DDS,kerickson@example.com,2025-11-19,paid_search,Malta
587,Joseph Cox,ltucker@example.org,2024-11-13,paid_search,Denmark
588,Patrick Todd,martinezjoshua@example.com,2024-08-18,paid_search,Poland
589,Patricia Johnson,kim17@example.net,2024-07-22,paid_search,Togo
590,Trevor Stafford,leonard28@example.com,2024-05-30,paid_search,Uzbekistan
591,Brandi Brooks,bsexton@example.net,2024-01-26,paid_search,Cuba
592,Kelly Salas,rchoi@example.org,2024-02-17,social,Saint Vincent and the Grenadines
593,Kevin Shepherd,qle@example.net,2024-09-07,paid_search,Zimbabwe
594,Stephanie Schultz,allisonphillips@example.org,2025-05-01,organic,Bouvet Island (Bouvetoya)
595,Maria Johnson,ymcclain@example.org,2025-09-17,referral,Georgia
596,Amy French,kristingordon@example.org,2024-03-15,organic,Tunisia
597,Melissa Mcintyre,christinawallace@example.org,2025-04-11,social,Netherlands Antilles
598,Dylan Wilson,veronicabrown@example.net,2025-02-28,paid_search,Ukraine
599,Stacy Campbell,nataliefleming@example.org,2025-10-06,paid_search,Panama
600,Kristen Hubbard,cynthia34@example.org,2025-08-12,paid_search,Greenland
601,Valerie Wilson,timothy16@example.org,2024-07-18,paid_search,Australia
602,Mary Scott,mgonzales@example.com,2025-12-14,paid_search,Romania
603,William Rodriguez DDS,robertsonstephanie@example.net,2025-01-28,paid_search,Ireland
604,Glen Cooke,mooremark@example.org,2025-05-21,paid_search,Fiji
605,Matthew Ramirez,hallbrian@example.net,2025-02-13,paid_search,Albania
606,Jennifer Evans,alane@example.net,2024-09-06,organic,Angola
607,Daniel Meyers,tiffany02@example.net,2024-05-31,paid_search,Gabon
608,Cameron Thomas,davisapril@example.org,2025-11-02,organic,China
609,Garrett Fisher,hamptoncarlos@example.com,2025-12-05,email,Russian Federation
610,Audrey Hudson,owensmaria@example.com,2024-01-06,social,Morocco
611,Maria Whitaker,aliciaburns@example.com,2024-04-19,paid_search,Brunei Darussalam
612,Yolanda Munoz,robin25@example.net,2025-03-11,social,Equatorial Guinea
613,Sharon Morse,crosbyjohn@example.org,2024-08-12,social,Liberia
614,Alejandro Murray MD,fgutierrez@example.org,2024-06-29,paid_search,Morocco
615,Ricardo Carrillo,perryjared@example.org,2025-12-13,referral,Solomon Islands
616,Mark Stephens,jenniferrosales@example.org,2025-06-14,direct,Isle of Man
617,Mitchell Carroll,scottjohnson@example.net,2025-04-20,paid_search,Norfolk Island
618,Brian Howard,charles93@example.org,2024-02-21,paid_search,China
619,Virginia Lin,kimberly90@example.net,2025-07-24,referral,Luxembourg
620,Robert Vasquez,reedmichelle@example.org,2024-09-12,social,Tuvalu
621,Arthur Greene Jr.,kkeith@example.net,2024-05-04,paid_search,Brunei Darussalam
622,Suzanne Scott,brian20@example.com,2025-04-12,paid_search,Moldova
623,Michael Gentry,jwillis@example.org,2024-05-16,organic,Haiti
624,Devin Martin,dgolden@example.net,2025-04-20,organic,Mauritius
625,Dr. Ryan Davis,thomasmatthew@example.com,2025-11-14,social,Puerto Rico
626,Clifford Smith,romeromonica@example.org,2025-06-27,organic,Northern Mariana Islands
627,Rachel Prince,hross@example.com,2025-07-26,organic,Qatar
628,Kyle Harris,ggates@example.org,2025-09-01,social,Bangladesh
629,Dakota Johnson,tscott@example.net,2024-11-20,paid_search,France
630,Jay Smith,william78@example.net,2025-03-29,paid_search,Sudan
631,Paul May,thomas87@example.com,2025-09-19,social,Jamaica
632,Anna Smith,emmachavez@example.org,2025-05-31,referral,French Polynesia
633,Norma Pierce,anthonybrandy@example.org,2025-03-12,email,Brazil
634,Thomas Waller,michaelholmes@example.com,2025-07-15,email,Iraq
635,Amber Davidson,charles82@example.org,2025-04-01,paid_search,Gibraltar
636,Monica Johnson,christopher23@example.org,2024-06-11,organic,Nigeria
637,Jonathan Lee,francesayers@example.com,2025-05-01,email,Uruguay
638,Patricia Rojas,johnjones@example.com,2025-04-05,paid_search,Nauru
639,Danny Crawford,barbarafischer@example.com,2024-09-22,paid_search,Hungary
640,Heidi Johnson,wgriffith@example.org,2024-09-10,organic,Central African Republic
641,Joseph Phelps,nicolewilliams@example.net,2025-10-14,paid_search,Faroe Islands
642,Frederick Williams,roblesamanda@example.net,2024-10-10,organic,Gibraltar
643,Amanda Rangel,joseph88@example.org,2025-06-17,paid_search,Maldives
644,Jordan Garcia,cunninghamnancy@example.net,2025-05-11,organic,Nauru
645,Brady Clayton,csilva@example.org,2025-10-03,,Equatorial Guinea
646,Donald Benson,quinnanita@example.com,2024-09-01,referral,Holy See (Vatican City State)
647,Amber Miller,kanerussell@example.org,2024-10-08,email,Colombia
648,Michael Johnston,mendezlaurie@example.net,2025-03-26,social,Bouvet Island (Bouvetoya)
649,Jacob Porter,lunamichelle@example.org,2024-03-20,social,Svalbard & Jan Mayen Islands
650,Sarah Richardson,hernandezjessica@example.com,2025-12-31,organic,Tunisia
651,Laurie Hale,vsmith@example.net,2024-10-19,paid_search,Spain
652,David Moore DDS,james24@example.org,2024-08-28,email,Azerbaijan
653,Charles Gonzalez,larsonannette@example.com,2024-10-05,email,Taiwan
654,Melinda Johnson,zoe52@example.org,2024-12-09,social,Grenada
655,Tammy Barry,nmoore@example.com,2024-11-23,organic,Sao Tome and Principe
656,Andrew Hendricks,rachel22@example.net,2025-07-07,paid_search,Belgium
657,Michele Costa,garciajennifer@example.com,2024-03-23,paid_search,Croatia
658,Angel Lyons,andersonkevin@example.net,2024-05-21,organic,Martinique
659,Eddie Marshall,griffithdaisy@example.com,2024-06-03,social,British Indian Ocean Territory (Chagos Archipelago)
660,Erik Phillips,hermannicholas@example.org,2024-08-24,email,Montenegro
661,Amanda Thomas,hardinganita@example.org,2025-01-27,organic,Syrian Arab Republic
662,David Clark,adamdavidson@example.com,2025-12-11,direct,Sierra Leone
663,Elizabeth Smith,anthonyjohnson@example.com,2024-06-05,social,Zimbabwe
664,Toni Cervantes,hobrien@example.net,2025-12-24,paid_search,Lesotho
665,Lisa Morris,ncarlson@example.org,2024-08-07,paid_search,South Africa
666,Tina Hamilton,jacksonmichael@example.org,2024-03-06,paid_search,Kuwait
667,Michelle Smith,brandy12@example.net,2025-02-28,paid_search,Mayotte
668,Mackenzie Foster,zluna@example.com,2025-02-21,paid_search,Costa Rica
669,Billy Bradley,katherineandrews@example.net,2024-12-04,paid_search,Papua New Guinea
670,Ryan Knight,ruizbrooke@example.net,2025-07-09,paid_search,United Arab Emirates
671,Rebecca Jones,sarah03@example.org,2025-04-22,paid_search,Zimbabwe
672,Nicole Barton,jodi94@example.org,2025-03-01,referral,Isle of Man
673,Tonya Booth,poperenee@example.net,2024-03-04,paid_search,Svalbard & Jan Mayen Islands
674,Heidi Payne,michellesmith@example.org,2024-07-30,email,French Polynesia
675,Charles Jones,hernandezwilliam@example.org,2025-03-06,organic,Cote d'Ivoire
676,Robin Price,marcusbrown@example.org,2025-02-02,direct,Rwanda
677,Lisa Smith,pallen@example.org,2025-08-21,paid_search,Mozambique
678,Anthony Morales,rmorris@example.net,2025-12-13,organic,Bahamas
679,Thomas Jones,gsimpson@example.net,2024-01-21,direct,Spain
680,Bryan Green,zamorabruce@example.org,2025-08-12,referral,Cambodia
681,Connor Fisher,jessicayates@example.org,2025-01-24,referral,Cayman Islands
682,Jonathan Hernandez,alex50@example.org,2025-05-03,paid_search,Saint Martin
683,Melissa Oliver,johnstoncathy@example.com,2024-01-07,paid_search,Sierra Leone
684,Charles Maynard,lmarshall@example.com,2024-12-26,social,Qatar
685,Abigail Peck,cjohnson@example.org,2024-11-01,direct,Jordan
686,Katherine Jones,imorris@example.org,2025-02-03,email,Uzbekistan
687,Daniel Hicks,millerpamela@example.org,2025-03-05,email,Netherlands
688,Phillip Thompson,emilygiles@example.com,2025-07-05,paid_search,Holy See (Vatican City State)
689,Jorge Fields,lawrencejerry@example.com,2025-07-13,social,Palau
690,Jessica Tucker,dreeves@example.net,2025-09-09,paid_search,Uganda
691,Jeffrey Larson,kyle69@example.com,2024-08-13,organic,Somalia
692,Sean West,evargas@example.org,2025-05-14,organic,Nepal
693,Daniel Cochran,carrcarmen@example.net,2024-08-12,email,Malaysia
694,Raymond Hicks,josefranklin@example.org,2024-10-06,paid_search,Isle of Man
695,Thomas Jones,simmonsdonald@example.net,2025-03-22,paid_search,Russian Federation
696,Corey Allen,john49@example.org,2025-05-12,social,Northern Mariana Islands
697,Crystal Ward,zmontgomery@example.org,2024-01-30,paid_search,Suriname
698,Karen Wong,castrokristen@example.com,2025-02-02,email,Niue
699,Joshua Chavez,briana17@example.net,2024-12-10,paid_search,Saint Martin
700,Allen Thomas Jr.,ngreer@example.org,2025-11-15,organic,Reunion
701,Thomas Bell,waltersdaniel@example.com,2025-11-26,email,Morocco
702,Frederick Mitchell,billy40@example.org,2025-02-18,paid_search,Taiwan
703,Valerie Edwards,danielgonzalez@example.net,2024-06-18,organic,Martinique
704,James Delgado,kleinalexis@example.net,2025-04-23,paid_search,Martinique
705,Tonya Lara,coxmichael@example.com,2024-05-10,paid_search,Eritrea
706,Cody Galloway,walsholivia@example.com,2025-09-29,direct,Cuba
707,Shelby Hurley,martinezkevin@example.org,2025-06-30,organic,Faroe Islands
708,Anita Cantu,hurstdaniel@example.com,2024-01-28,referral,Philippines
709,Christine Terry,longjohn@example.net,2025-02-07,paid_search,Guyana
710,Candace Warren,marshallbrian@example.org,2025-08-29,social,Latvia
711,Christina Vargas,hardywayne@example.com,2025-07-31,social,Belgium
712,Anthony Levy,sheilamedina@example.org,2025-11-09,email,United States Minor Outlying Islands
713,Dean Ali,jameshenry@example.com,2024-01-28,organic,Japan
714,Sandra Davis,crose@example.com,2024-03-26,organic,Bosnia and Herzegovina
715,Brenda Marquez,gali@example.net,2025-10-20,organic,Timor-Leste
716,Chelsea Adams,xholmes@example.org,2025-03-14,direct,Angola
717,Victor Riley,mark09@example.org,2024-05-18,referral,El Salvador
718,Tim French,kathleenhiggins@example.org,2025-04-17,direct,Iceland
719,Sarah Ramirez,apetersen@example.net,2024-07-05,paid_search,Trinidad and Tobago
720,Jennifer Alvarado,katelynbishop@example.com,2024-02-21,social,Georgia
721,Marcus Lynch,ericabeasley@example.org,2024-09-23,direct,Netherlands
722,Mary Woods,emayer@example.net,2025-01-23,paid_search,Lao People's Democratic Republic
723,Brandon Herrera,clinton06@example.net,2024-12-01,paid_search,Cocos (Keeling) Islands
724,Linda Alvarado,jacqueline70@example.net,2024-08-04,social,Sudan
725,Jacqueline Hayes,justinlee@example.net,2025-04-10,email,Malaysia
726,Brittany Miller,sandramiller@example.com,2024-11-30,referral,Mayotte
727,Carl Goodman,jalvarez@example.com,2024-12-11,paid_search,Poland
728,Kristen Thompson,daniel75@example.org,2025-01-23,,Pakistan
729,Peggy Watson,johnsonpaul@example.org,2024-10-11,paid_search,Latvia
730,Ryan Peters,robert56@example.net,2025-03-07,paid_search,Singapore
731,Anthony Davis,patrickpage@example.com,2024-09-15,paid_search,Djibouti
732,Meghan Newton,melissa95@example.net,2024-03-24,referral,Anguilla
733,Mark Martin,kathyarcher@example.net,2025-04-26,social,Timor-Leste
734,Ruben Kelley,carrolljennifer@example.org,2024-01-20,email,French Southern Territories
735,Angela Landry,guerraderek@example.net,2025-07-06,organic,Saint Vincent and the Grenadines
736,Kevin Salazar,erica46@example.net,2024-02-23,referral,Nauru
737,Lindsey Adams,usimmons@example.net,2024-12-24,organic,North Macedonia
738,Andre Sanders,maryrivera@example.org,2024-08-17,referral,Jamaica
739,Kayla Miller,tguerrero@example.org,2025-10-27,organic,France
740,Christine Aguirre,lwhite@example.org,2024-03-11,organic,Suriname
741,Savannah Roberts,joshua71@example.com,2025-10-29,organic,Malawi
742,Brian Jordan,michael63@example.net,2024-02-11,organic,Lesotho
743,Heather Martin,melodyball@example.com,2024-02-01,social,Saint Kitts and Nevis
744,Daniel Matthews,ythompson@example.net,2024-09-10,email,Cote d'Ivoire
745,Aaron Johnson,bellstephanie@example.org,2024-07-23,paid_search,United States Minor Outlying Islands
746,Kimberly Morgan,uevans@example.org,2024-01-21,referral,Senegal
747,Joseph Robinson,raymondbryant@example.org,2025-09-28,,Saint Vincent and the Grenadines
748,Marvin Mclaughlin,briankim@example.org,2024-06-05,email,Djibouti
749,Mary Parker,richardjackson@example.org,2024-09-01,direct,Liechtenstein
750,Stacey Underwood,jose70@example.org,2024-05-09,social,Cote d'Ivoire
751,John Norton,benjamin37@example.com,2025-04-29,paid_search,Spain
752,George May,eharris@example.org,2025-11-16,direct,Gambia
753,Joseph Noble,smithjessica@example.com,2024-04-27,social,Uruguay
754,Desiree Petty,lindawatson@example.com,2025-07-31,organic,Mozambique
755,Cynthia Fletcher,jonestravis@example.org,2024-08-11,paid_search,Bolivia
756,Billy Martinez,gibsonnancy@example.org,2025-04-21,social,Marshall Islands
757,Peter Harper,donald95@example.net,2025-12-17,social,Syrian Arab Republic
758,Julie Gibson,cthompson@example.net,2024-09-19,email,Taiwan
759,Caitlin Wright,annehowell@example.com,2025-01-12,referral,Bahrain
760,Keith Herrera,anthony22@example.com,2024-06-20,social,Barbados
761,Heather Nguyen,kbooth@example.com,2025-09-12,paid_search,Saint Pierre and Miquelon
762,Casey Nichols,dreyes@example.com,2025-09-13,organic,Germany
763,Wanda Frye,kelly45@example.net,2024-04-27,paid_search,Belgium
764,Mrs. Jennifer Sanford,diazjames@example.net,2024-06-16,social,Honduras
765,Charles Harvey,davidsilva@example.org,2024-11-14,paid_search,Mozambique
766,Robin Mcdaniel,cmaldonado@example.org,2024-04-20,email,Oman
767,Jason Carpenter,dmcintosh@example.net,2025-08-15,social,Comoros
768,Stephanie Welch,nsanchez@example.net,2024-01-27,referral,Cote d'Ivoire
769,Alexander Schneider,anna39@example.net,2024-11-15,organic,Moldova
770,Laura Hicks,brittanycummings@example.com,2025-08-12,referral,Rwanda
771,Susan Nelson,taylorjeremy@example.org,2025-11-24,paid_search,Mexico
772,Monica Andrews,heather37@example.com,2025-01-19,referral,Malawi
773,Penny Adams,david12@example.com,2025-02-10,,Georgia
774,Brandon Wilson,joshua01@example.com,2024-07-22,organic,Mozambique
775,Troy Orozco Jr.,fdavis@example.net,2024-03-18,social,Northern Mariana Islands
776,Cody Vincent,simonvickie@example.net,2025-08-29,paid_search,Dominican Republic
777,Christine Jackson,jason68@example.org,2025-12-08,paid_search,Guinea-Bissau
778,Dr. Courtney Carter MD,aortega@example.com,2025-10-04,social,Germany
779,Tristan Vasquez,williammarquez@example.org,2024-09-05,social,Aruba
780,Rebecca Hughes,jenna72@example.com,2024-04-14,social,Vietnam
781,Michael Webb,mbaker@example.net,2025-12-14,social,Norfolk Island
782,Eugene Gallegos,vdavila@example.com,2024-11-04,,Peru
783,Natalie Brooks,gjackson@example.net,2025-12-01,paid_search,Bouvet Island (Bouvetoya)
784,Elizabeth Hurst,codysolis@example.net,2025-09-06,organic,Lao People's Democratic Republic
785,Patricia Marshall,dudleyjenna@example.org,2024-05-03,paid_search,Reunion
786,Kristine Kelley,frankstephen@example.net,2025-08-02,direct,Iraq
787,Casey Johnson,griffinclifford@example.net,2024-02-12,email,Jamaica
788,John Murray,bramos@example.com,2024-12-21,organic,Canada
789,Shannon Turner,raybrooks@example.com,2025-06-29,organic,Somalia
790,Cassandra Lee,christopher02@example.com,2025-03-14,direct,Jamaica
791,Matthew Carlson,kking@example.net,2025-11-08,paid_search,Kyrgyz Republic
792,Cole Hess,ewalker@example.net,2025-01-14,email,Saudi Arabia
793,Stephen Hahn,kevinbowman@example.com,2024-03-11,email,Lesotho
794,Daniel Lynn,tsimpson@example.org,2025-06-02,social,Italy
795,Alex Arias,qlittle@example.org,2025-10-25,paid_search,Niger
796,Dustin Miller,zacharyware@example.org,2024-12-15,referral,Oman
797,Daniel Harris,moorewilliam@example.com,2024-01-13,direct,Central African Republic
798,Brandi Rowe,fdean@example.com,2025-03-06,email,Saint Kitts and Nevis
799,Sarah Cherry,hernandezdeborah@example.org,2025-05-16,social,Jordan
800,Carla Stephens,mannnichole@example.org,2024-04-18,direct,Burundi
801,Erin Parker,jamiesutton@example.org,2025-03-19,social,Congo
802,Danielle Wallace,timmartinez@example.com,2025-01-05,paid_search,Gabon
803,Margaret Oliver,xsimmons@example.com,2025-10-12,email,Hong Kong
804,Jonathan Cruz,william70@example.org,2025-04-15,social,Tanzania
805,Adam Ramirez,rosariogabriel@example.org,2025-12-25,organic,Anguilla
806,Mary Jones,harry81@example.com,2024-06-05,social,Croatia
807,James Bridges,andrea51@example.net,2025-03-21,direct,Bolivia
808,Sherry Dawson,zachary39@example.net,2024-06-29,direct,New Zealand
809,Lauren Cooper,petersonalyssa@example.net,2025-06-18,organic,Australia
810,Tanya Horne,knappjames@example.org,2025-10-28,paid_search,Canada
811,Jonathan Smith,mccoypriscilla@example.org,2024-10-03,direct,Turkmenistan
812,Sharon Matthews,bradleymiller@example.org,2025-09-22,referral,Singapore
813,Emily Carson,deborah18@example.org,2025-07-05,paid_search,Togo
814,William Thomas,hollyscott@example.com,2025-05-10,direct,India
815,Margaret Dickerson,zfitzgerald@example.net,2025-04-21,referral,Indonesia
816,Kimberly Mitchell,rblackwell@example.com,2025-03-22,email,Afghanistan
817,Russell Moore,robertstiffany@example.net,2025-08-29,email,Papua New Guinea
818,Brent Cole,sarahharris@example.net,2024-10-01,organic,Tuvalu
819,Jennifer Barker,robertfisher@example.org,2024-11-26,paid_search,Iraq
820,James Santos,katherine43@example.com,2024-09-08,organic,Spain
821,Christine Ray,williamstom@example.org,2024-03-29,referral,Korea
822,David Jackson,donald15@example.net,2024-10-12,paid_search,Brazil
823,Rachel Rich,patelryan@example.com,2025-04-06,organic,Malaysia
824,Mrs. Betty Owens,christopher36@example.net,2024-09-06,organic,Qatar
825,Jon Marshall,cannonscott@example.com,2025-04-20,email,Djibouti
826,Elizabeth Jackson,austinturner@example.net,2025-08-06,direct,New Zealand
827,Brian Miller,robert66@example.com,2025-09-16,organic,Seychelles
828,Anthony Miller,sarahmartinez@example.com,2025-11-15,organic,Vanuatu
829,Michael Gonzalez,stantoneric@example.net,2025-01-23,social,Iceland
830,Martha Burns,vmacdonald@example.org,2024-12-10,organic,Svalbard & Jan Mayen Islands
831,Mary Hurst,jjenkins@example.org,2024-01-30,paid_search,Swaziland
832,Joseph Lopez,ashley68@example.net,2025-05-21,organic,Uruguay
833,Julie Lynch,obyrd@example.org,2024-11-28,paid_search,Dominican Republic
834,Susan Harris,durhamsheri@example.com,2024-07-05,paid_search,Bolivia
835,Jeanette Hansen,jennifer78@example.com,2025-05-14,organic,Guyana
836,Emily Williamson,connie05@example.net,2024-08-05,organic,Saint Kitts and Nevis
837,Zachary Ayers,villanuevaheidi@example.com,2024-12-29,direct,Tajikistan
838,Kimberly Jackson,nanthony@example.com,2024-09-21,organic,Algeria
839,Joshua Harrington,melissa99@example.net,2024-12-14,email,Aruba
840,Michelle James,tstewart@example.com,2024-10-13,social,France
841,Jeffery Hall,grimesjesse@example.org,2025-09-02,paid_search,Syrian Arab Republic
842,Karla Jennings,sarahbarnes@example.com,2025-12-19,social,Qatar
843,Sharon Anderson,perezseth@example.org,2024-10-09,paid_search,Guinea
844,Alicia Knapp,jose66@example.org,2025-07-23,direct,Saint Martin
845,Laura Gilmore,asmith@example.net,2024-01-11,paid_search,Martinique
846,Samuel Fisher,lfox@example.com,2025-06-13,organic,Burkina Faso
847,Tiffany Torres,pricedavid@example.org,2024-07-14,paid_search,Benin
848,Katie Valentine,collinsdaniel@example.net,2024-03-28,direct,Wallis and Futuna
849,Dr. Nathan Woods DDS,samantha59@example.com,2024-09-04,email,Nepal
850,Sandra Smith,joseph56@example.net,2025-02-20,email,Martinique
851,Kathleen Shea,claudiamoore@example.com,2025-05-15,paid_search,Saint Helena
852,Brett Smith,bmelton@example.com,2025-07-22,social,Sierra Leone
853,Jeremy Alexander,yryan@example.com,2024-09-03,paid_search,Micronesia
854,Gerald White,kbeltran@example.com,2025-12-08,referral,Czech Republic
855,David Williams,tbrewer@example.net,2025-05-02,paid_search,Pitcairn Islands
856,Judy Sharp,adaniel@example.org,2025-10-23,paid_search,Fiji
857,Jeremy Williams,jamesduran@example.org,2025-12-29,paid_search,Samoa
858,Stephanie Melendez,cynthia30@example.org,2025-05-17,organic,Cook Islands
859,Toni Zhang,daniel41@example.org,2025-04-03,email,Vietnam
860,Penny Long,bgraham@example.net,2024-01-18,paid_search,Estonia
861,Laurie Gonzales,nicoleallen@example.com,2024-04-05,social,Switzerland
862,Lisa Henry,hscott@example.org,2024-10-28,organic,Greece
863,David Hill,matthewporter@example.net,2024-08-14,email,Mozambique
864,Destiny Smith,jgordon@example.com,2025-02-18,organic,Seychelles
865,Lauren Young,ebonybrown@example.org,2025-12-09,organic,Egypt
866,Matthew Hart,rodriguezdanny@example.com,2024-09-06,email,Yemen
867,Laura Nguyen,jeanettethornton@example.net,2024-11-09,paid_search,Togo
868,Michelle Brown,vmullins@example.com,2025-11-10,paid_search,United Kingdom
869,Taylor Pennington,rschultz@example.com,2025-08-18,referral,Libyan Arab Jamahiriya
870,Michelle Powell,mitchell55@example.com,2025-01-12,direct,Taiwan
871,Robert Ellis,john87@example.net,2025-04-29,organic,Iraq
872,Jennifer Brown,jessicarusso@example.net,2025-07-20,paid_search,Ghana
873,Shawna White,gardnerchristina@example.net,2025-06-27,social,Nauru
874,Eric Fields,wanglinda@example.com,2024-12-18,organic,British Indian Ocean Territory (Chagos Archipelago)
875,Mark Spears,christopher80@example.org,2025-03-11,paid_search,Senegal
876,Joseph Lam,marcus26@example.org,2025-07-17,paid_search,El Salvador
877,Jennifer Thomas,fraziergabriel@example.com,2024-12-04,social,Martinique
878,Christopher Garza,brennangeorge@example.org,2024-12-26,social,Sudan
879,Christopher Edwards,vlloyd@example.org,2025-12-20,paid_search,Madagascar
880,Keith Morales,qsmith@example.net,2025-04-09,paid_search,Somalia
881,Edward Lambert,rcline@example.com,2024-10-04,paid_search,Saint Martin
882,Lori Smith,chapmanjennifer@example.org,2024-11-09,social,Portugal
883,Shannon Alexander,lgross@example.org,2024-09-14,paid_search,Syrian Arab Republic
884,Alexander Bauer,jason12@example.com,2024-08-24,paid_search,Mozambique
885,Joseph Montoya,george75@example.org,2024-05-03,social,British Indian Ocean Territory (Chagos Archipelago)
886,Eric Flores,stephanieallen@example.org,2024-07-16,paid_search,Vietnam
887,Mark Banks,echapman@example.net,2024-11-19,social,Mauritius
888,Brandon Horton,lynnsparks@example.net,2024-05-02,paid_search,Cyprus
889,Nathan Dickerson,stephen34@example.com,2025-07-02,paid_search,Cameroon
890,Taylor Gonzalez,frhodes@example.org,2025-12-07,paid_search,Mayotte
891,Kevin Henderson,marywilliams@example.com,2024-07-08,social,Burundi
892,Karen Smith,nathaniel27@example.com,2024-07-15,referral,Panama
893,Linda Archer,wilkinsonsarah@example.org,2024-08-09,referral,Cuba
894,Brandon Bolton,torresdustin@example.com,2025-05-10,organic,Monaco
895,Kristin Larson,kimberly33@example.net,2024-10-10,social,Japan
896,Jeffrey Jones,rhart@example.com,2025-08-26,paid_search,Malaysia
897,Jessica Morris,harrisonkerri@example.com,2025-06-21,paid_search,United States Virgin Islands
898,Ernest Cannon,bholmes@example.com,2025-09-03,referral,Guatemala
899,Julia Brandt,cody16@example.org,2024-10-16,paid_search,Congo
900,Christina Walker,castanedasamantha@example.net,2024-04-12,paid_search,Yemen
901,Jacob Moore,jennifermoreno@example.com,2024-07-17,,Gibraltar
902,Mark Lewis,gloriathompson@example.com,2024-10-30,paid_search,Iceland
903,Curtis Ellis,huffjohn@example.org,2024-08-20,paid_search,Martinique
904,Raymond Johnson,kellyarmstrong@example.com,2025-01-04,email,Western Sahara
905,David Smith,lynnamy@example.org,2024-07-02,organic,Guinea
906,Cheryl Mccoy,mgill@example.com,2024-11-05,referral,Saint Kitts and Nevis
907,Curtis Allison,mgreen@example.net,2024-01-15,referral,Aruba
908,Rebecca Williams,qwashington@example.org,2025-12-26,organic,Denmark
909,Brianna Zavala,lloydtina@example.net,2025-06-30,paid_search,Wallis and Futuna
910,Heather Roberts,jamesbernard@example.net,2024-05-09,organic,Lao People's Democratic Republic
911,William Miller,thomas29@example.net,2024-10-07,email,Korea
912,Thomas Turner,victoria51@example.org,2024-02-16,paid_search,United Kingdom
913,Jennifer Stephens,allison89@example.org,2024-02-25,,Guinea
914,Catherine Jefferson,megan42@example.org,2025-07-20,organic,Kazakhstan
915,Amanda Bush,richardjenkins@example.com,2024-10-26,email,Armenia
916,Amanda White PhD,rjackson@example.org,2025-12-15,organic,Mozambique
917,Deborah Flynn,ocunningham@example.com,2024-05-09,paid_search,Albania
918,Jeffery Mclaughlin,montgomeryshelby@example.org,2025-10-15,direct,Serbia
919,Lawrence Hart,harrischad@example.org,2025-05-17,social,San Marino
920,Scott Kline,jefferywest@example.com,2024-04-15,paid_search,Ecuador
921,Michelle Bates,roger88@example.org,2024-01-13,referral,Mauritania
922,Danielle Peterson,andrew75@example.com,2025-08-10,organic,France
923,Michael Haney,graceking@example.org,2024-10-18,referral,Uzbekistan
924,Linda Davis,hunterjacob@example.com,2025-04-25,social,Saint Pierre and Miquelon
925,Sara Meadows,weeksmark@example.com,2025-05-05,organic,Andorra
926,Paul Lopez,williamvasquez@example.org,2025-03-27,paid_search,Martinique
927,Victoria Castaneda,diazsarah@example.org,2024-12-14,paid_search,Germany
928,Nicholas Morgan,paul53@example.net,2024-07-07,email,Venezuela
929,Kelly Morris,dunlapjoe@example.com,2024-02-22,social,Switzerland
930,Garrett Cobb,sclark@example.org,2024-09-15,paid_search,Georgia
931,Mackenzie Dawson,agonzalez@example.net,2025-05-04,paid_search,Palestinian Territory
932,Scott Harris,chenyesenia@example.com,2024-04-26,referral,Tajikistan
933,Tammy Lopez,clowe@example.org,2024-03-07,direct,Romania
934,Tiffany Williams,richardhubbard@example.org,2025-02-14,email,Pitcairn Islands
935,Debra Brown,chenalexander@example.com,2025-05-18,paid_search,Cook Islands
936,Tyrone Hill,whitecarl@example.net,2024-03-16,paid_search,Cyprus
937,Tammy Carter,joseph02@example.com,2025-08-13,paid_search,Lao People's Democratic Republic
938,Lisa Campbell,shafferleslie@example.net,2025-10-06,direct,Cote d'Ivoire
939,Kara Liu,kathleen94@example.org,2025-12-03,paid_search,Burkina Faso
940,Judy Glover,watsonjustin@example.net,2024-02-24,email,Burundi
941,Debbie Conner,steven58@example.net,2024-06-04,paid_search,Trinidad and Tobago
942,Cheryl Ramsey,csherman@example.com,2024-06-01,email,Panama
943,Stephen Rodriguez,jonathanmoody@example.com,2025-07-30,social,Cote d'Ivoire
944,Scott Rowe,christina46@example.org,2024-11-07,referral,Cambodia
945,Robert Kim,bjones@example.net,2024-03-28,paid_search,Korea
946,Robin White,stephensmarcus@example.com,2024-09-11,paid_search,Spain
947,Dawn Ryan,elucero@example.net,2024-05-01,paid_search,Lebanon
948,Sharon Young,jadams@example.org,2025-07-25,direct,Cambodia
949,Kimberly Roman,ryan44@example.org,2025-03-02,referral,Croatia
950,Alyssa Luna,pattontyler@example.org,2025-09-12,email,Turkey
951,Deanna Nelson,jeffreywilliams@example.net,2025-09-02,social,Christmas Island
952,Rachael Campbell,zjohnson@example.com,2025-09-25,social,Korea
953,Jamie Dillon,shelley33@example.com,2024-08-19,paid_search,Seychelles
954,Matthew Schroeder,cathy71@example.com,2025-06-19,direct,France
955,Elaine Gray,hgibson@example.org,2025-01-24,organic,Bermuda
956,Deborah Werner,cohencindy@example.com,2025-04-06,organic,Palau
957,Christian Robinson,laceylee@example.com,2025-03-29,email,Jamaica
958,Dennis Brennan,jandrews@example.com,2024-10-31,paid_search,Myanmar
959,Lance Gates,thomas86@example.net,2025-08-25,paid_search,Martinique
960,Monica Bailey,sburke@example.org,2025-03-15,social,Thailand
961,Kelly Allen,ghendrix@example.com,2024-11-08,paid_search,Montserrat
962,Patricia Little,valerie31@example.net,2025-08-05,social,Tunisia
963,Emily Robles,kathrynlopez@example.com,2025-09-27,paid_search,United Arab Emirates
964,Jennifer Wilson,yfleming@example.com,2024-03-02,organic,Singapore
965,Cory Williams,bowerspatricia@example.org,2025-09-16,paid_search,North Macedonia
966,Lynn Garrett,luke52@example.com,2024-04-11,organic,Tunisia
967,Michael Watts,richardwilson@example.org,2024-07-31,social,Croatia
968,Diana Morrison,michele91@example.org,2025-10-02,paid_search,Mayotte
969,Rebecca Mccoy,vanessagoodman@example.net,2024-08-04,email,Egypt
970,David Delgado,cmartin@example.net,2024-09-27,organic,Cameroon
971,Samantha Howard,jtaylor@example.org,2025-11-07,social,Israel
972,Vincent Olson,danielanderson@example.org,2024-03-24,direct,Niue
973,Jason Pham,vvelazquez@example.org,2024-06-09,social,Angola
974,Amy Schroeder,clarkapril@example.net,2024-09-02,paid_search,Kiribati
975,Jeremiah Craig,igomez@example.org,2024-06-26,paid_search,Cote d'Ivoire
976,Shelby Davis,dhoffman@example.com,2025-07-19,paid_search,Pakistan
977,Dr. Brittney Carr,waretara@example.net,2024-03-17,email,Macao
978,Lisa Rhodes,bkelly@example.org,2024-06-09,paid_search,Iceland
979,Mark Patterson,karenmcclure@example.com,2024-01-03,organic,Tonga
980,Julia Benton,thomasthomas@example.net,2025-02-22,email,Indonesia
981,Cynthia Hess,davismatthew@example.net,2025-04-06,organic,Western Sahara
982,Ronald Reynolds,danacollins@example.org,2025-12-06,social,Kuwait
983,Mariah Gomez,christopherscott@example.net,2025-08-31,paid_search,Somalia
984,Stephanie Arnold,carol20@example.org,2025-04-26,paid_search,Uzbekistan
985,Angie Barnett,dhodge@example.org,2024-10-25,social,Botswana
986,Gerald Patton,chelseawilliams@example.org,2024-02-03,organic,Ireland
987,David Frazier,lortiz@example.net,2024-08-25,social,Western Sahara
988,Steven Thompson,ibradford@example.org,2024-10-22,organic,Mongolia
989,Tammie Meyer,ucooper@example.com,2025-12-24,paid_search,Barbados
990,Lawrence Chen,ggarcia@example.org,2024-10-16,referral,Yemen
991,Bonnie York,gabrielawilliams@example.org,2025-12-20,social,Montenegro
992,William Mccarty,stephanie93@example.com,2025-04-09,social,Costa Rica
993,Ashley Gonzales,mahoneychristina@example.org,2024-03-13,paid_search,Tajikistan
994,Michelle Larson,martinezandrew@example.com,2025-12-04,email,Uruguay
995,Tyler White,staceyrodriguez@example.org,2024-08-27,organic,Belgium
996,Morgan Walsh,juliahale@example.org,2024-09-27,paid_search,Trinidad and Tobago
997,Hunter Mercer,atkinsoncorey@example.net,2025-10-02,direct,Gabon
998,Charles Morales,etucker@example.com,2025-08-26,paid_search,Saint Lucia
999,Emily Lee,nicolebanks@example.net,2025-11-08,direct,Lao People's Democratic Republic
1000,Kathryn Henson,vyoung@example.org,2024-07-21,organic,Lithuania
1001,Mary Short,pmoore@example.org,2025-03-11,paid_search,Azerbaijan
1002,Elizabeth Martinez,max75@example.com,2024-04-27,,Panama
1003,Leslie Cochran,gomezchristina@example.org,2025-07-11,referral,Brazil
1004,Joseph Wheeler,brian21@example.com,2024-08-18,social,Aruba
1005,Douglas Williamson,cartercynthia@example.com,2025-10-25,referral,Saint Kitts and Nevis
1006,Andrew Brown,brandon91@example.org,2024-06-01,,Zimbabwe
1007,Timothy Rogers,christophergriffith@example.net,2024-09-29,social,Tanzania
1008,Robert Kelley,gary84@example.net,2024-05-25,referral,Mexico
1009,Sean Molina,nicholas21@example.com,2024-03-14,paid_search,Lebanon
1010,Holly Zimmerman,jamesjennings@example.net,2024-03-02,organic,American Samoa
1011,Caitlin Murray,sreid@example.com,2024-06-18,paid_search,Bermuda
1012,Aaron Andrews,lindseykelly@example.com,2024-11-10,direct,Venezuela
1013,Jennifer Brown,vbrown@example.org,2025-09-01,direct,Guinea
1014,Carol Robinson,steven45@example.com,2025-08-05,paid_search,Palau
1015,Christopher Harris,salexander@example.net,2024-10-22,social,Sweden
1016,Malik Garcia,rosaleskyle@example.com,2025-03-25,direct,Sweden
1017,Amy Hunt,fsimon@example.org,2024-05-07,paid_search,Kenya
1018,Alice Brown,bblackwell@example.net,2025-04-24,email,Mozambique
1019,Melissa Harrison,michelleyates@example.net,2025-12-06,direct,Saint Helena
1020,Amber King,tannerblanchard@example.net,2024-11-07,paid_search,Aruba
1021,Katrina Morales,hmorrison@example.org,2025-12-17,social,Rwanda
1022,Dennis Edwards,pponce@example.org,2025-02-16,paid_search,Niger
1023,Joshua Barnes,washingtonmichael@example.org,2024-10-05,direct,Mauritius
1024,Tyler Gardner,jonesjo@example.org,2025-05-27,direct,Bermuda
1025,Matthew Fuller,ann76@example.org,2025-07-06,direct,United Kingdom
1026,Dominique Cole DVM,justinnielsen@example.net,2025-05-20,organic,Sudan
1027,Vanessa Robinson,williamsphillip@example.org,2025-03-24,referral,Montserrat
1028,Jennifer Clements,davidduffy@example.com,2024-03-23,referral,Sierra Leone
1029,Karen Elliott,omiller@example.com,2025-09-04,organic,Qatar
1030,Carrie Morales,yolanda24@example.org,2024-02-10,referral,China
1031,Janice Hull,erica63@example.org,2025-03-18,paid_search,Kazakhstan
1032,Autumn Haley,maxwellkyle@example.com,2024-11-26,email,Indonesia
1033,Robert Cuevas,michael45@example.net,2025-09-10,paid_search,Montenegro
1034,Christopher Gibbs,larry20@example.org,2024-09-13,paid_search,Kuwait
1035,Taylor Price Jr.,wandapowell@example.org,2024-01-27,paid_search,Malta
1036,Miranda Hanson,susan26@example.net,2024-04-03,social,Japan
1037,Katie Campbell,michael73@example.net,2024-08-22,organic,French Southern Territories
1038,Elizabeth Aguilar,elliottphilip@example.com,2025-11-21,social,Palestinian Territory
1039,Vanessa Mcmillan,dnguyen@example.com,2025-08-12,paid_search,Brazil
1040,Kelly Ortiz,hermanshawn@example.net,2025-08-24,organic,Korea
1041,Lee Sanchez,grantdana@example.org,2024-01-22,email,Turkey
1042,Gregory Bryant,mweaver@example.net,2025-11-19,social,Mongolia
1043,Christine Jones,mfisher@example.com,2024-10-02,organic,China
1044,Mary West,cheryl35@example.org,2025-08-13,social,Trinidad and Tobago
1045,Robert Houston,sleonard@example.net,2024-02-11,referral,Pakistan
1046,Joseph Harrison,hsharp@example.com,2024-06-28,social,Germany
1047,Yvonne Reed,uwalker@example.com,2025-04-26,paid_search,Bouvet Island (Bouvetoya)
1048,Matthew Smith,lneal@example.net,2025-06-15,paid_search,Nigeria
1049,Michelle Phillips,knightchloe@example.com,2025-10-29,referral,United Arab Emirates
1050,Brenda Carson,qbaker@example.org,2025-03-28,paid_search,Poland
1051,Daniel Lucas,kimaguilar@example.org,2024-10-11,referral,Cape Verde
1052,Shawn Hunter,kaitlyn83@example.net,2024-07-04,email,Samoa
1053,Scott Brown,sharon30@example.org,2025-08-22,direct,Venezuela
1054,Kathy Mccormick,ballen@example.org,2025-03-22,social,Samoa
1055,Mary Gay,lisa24@example.org,2025-10-12,direct,Tunisia
1056,Kathy Price,david97@example.org,2025-05-18,organic,Martinique
1057,Christian Ruiz,charles43@example.com,2024-04-03,social,Uzbekistan
1058,Christine Mitchell,hweber@example.net,2025-04-26,organic,Benin
1059,Jacob Farrell,renee79@example.com,2024-12-22,organic,Vanuatu
1060,Justin Cook,imartin@example.net,2025-02-22,social,Sierra Leone
1061,Brenda Flores,timothy81@example.net,2024-12-07,referral,Macao
1062,Audrey Wagner,zmeyer@example.org,2024-11-24,direct,Vietnam
1063,Isaiah Robinson,nmoon@example.net,2025-11-17,social,Marshall Islands
1064,William Valenzuela,william09@example.net,2024-04-17,organic,Iran
1065,Katherine Yoder,margaret42@example.com,2024-06-13,organic,Turkmenistan
1066,Jeffrey Patterson,kingelizabeth@example.org,2024-12-03,social,Lesotho
1067,Robert Rose,dennis30@example.org,2025-02-25,paid_search,Brazil
1068,Nicole Savage,scott38@example.org,2025-12-11,paid_search,Bosnia and Herzegovina
1069,David Riley,kwright@example.org,2025-05-22,organic,Kiribati
1070,Samantha Salazar,cbrown@example.org,2024-10-22,paid_search,Japan
1071,Shelia Lowe,cobbthomas@example.net,2025-11-09,paid_search,Bermuda
1072,Jessica Lee,dkim@example.org,2025-02-14,paid_search,Ireland
1073,Christian Stanley,finleyjames@example.net,2025-07-17,paid_search,Botswana
1074,Amy Hayes,bday@example.net,2024-02-07,,Chad
1075,Jodi Williams,johnperkins@example.org,2025-04-10,direct,New Zealand
1076,Shane Taylor,ernest46@example.org,2024-03-31,organic,Central African Republic
1077,Julie Henson,floressean@example.com,2024-11-18,organic,Ecuador
1078,Joseph Cardenas,nolsen@example.com,2024-09-15,social,Aruba
1079,Jonathan Brennan,scott03@example.org,2024-11-27,paid_search,Slovenia
1080,Jesse Hart,kgreen@example.com,2024-04-28,direct,Finland
1081,Michael Weeks,pbarnes@example.net,2025-02-17,social,United Kingdom
1082,Jason Garza,mweaver@example.com,2025-06-10,paid_search,Haiti
1083,Anita Jones,christophersmith@example.org,2024-01-02,organic,Korea
1084,David Miller,phyllis71@example.org,2025-11-04,referral,Brazil
1085,Alison Anderson,simonjames@example.com,2025-07-09,direct,Hong Kong
1086,Catherine Fuller,hmills@example.org,2025-04-18,organic,Gabon
1087,Gina Wolfe,jacksonamy@example.net,2025-02-27,social,Norway
1088,Lee Ray,jonespaul@example.net,2024-02-25,paid_search,Tunisia
1089,Michael Perez,leahpadilla@example.net,2024-07-11,direct,Congo
1090,Blake Mckay,ebarber@example.org,2025-06-14,paid_search,Palau
1091,Sean Rodriguez,juliestephens@example.com,2025-01-05,,American Samoa
1092,Shannon Floyd,jessica86@example.net,2025-09-29,social,Bosnia and Herzegovina
1093,Jesse Clark,alexandrawoods@example.org,2025-05-25,social,Lithuania
1094,Katrina Cunningham,pamelabecker@example.net,2025-10-02,email,Denmark
1095,Charles Glover,hilldaniel@example.org,2025-03-28,paid_search,Rwanda
1096,Dr. Steven Dyer Jr.,audrey03@example.net,2024-02-22,paid_search,Rwanda
1097,David Woods,kennethvargas@example.com,2024-07-27,paid_search,Saint Vincent and the Grenadines
1098,Charlene Malone,dianecox@example.org,2024-09-30,paid_search,Maldives
1099,Shane Simmons,xsmith@example.org,2025-07-16,social,French Guiana
1100,Zachary Benitez,ericgilmore@example.com,2024-05-14,organic,Armenia
1101,Nathaniel Long,jermainelozano@example.net,2024-10-21,paid_search,Heard Island and McDonald Islands
1102,Dr. Robert Estes Jr.,melissa09@example.com,2025-03-24,direct,Belarus
1103,Joel Russell,vmullen@example.net,2025-12-16,referral,Chile
1104,Louis Gallegos,cynthia80@example.org,2025-05-11,direct,Tonga
1105,Samuel Drake,ryanmcknight@example.com,2024-05-04,direct,Mongolia
1106,Ashley Smith,katiedixon@example.org,2024-01-30,paid_search,Turks and Caicos Islands
1107,Joe Hatfield,barbarawilliams@example.net,2025-10-07,organic,San Marino
1108,John Davidson,glensmith@example.com,2025-09-15,social,Estonia
1109,Shane Herring,mtate@example.com,2024-09-02,social,Saint Helena
1110,Robin Mendoza,catherinemartin@example.net,2025-12-27,paid_search,Myanmar
1111,Austin Hansen,xrobinson@example.org,2024-06-11,referral,Puerto Rico
1112,Michelle Adams,simpsonhenry@example.com,2024-11-14,paid_search,Ecuador
1113,Andrea Vasquez PhD,kelly69@example.org,2025-07-18,paid_search,Oman
1114,Walter Jackson,michaelford@example.net,2024-01-15,email,China
1115,Jose Hunter,cross@example.net,2025-07-19,email,Estonia
1116,Jordan Flowers,mooretammie@example.org,2025-02-21,email,Equatorial Guinea
1117,Debra Morgan,debrasullivan@example.net,2024-04-05,paid_search,Aruba
1118,Kelly Gilmore,bgarcia@example.net,2024-08-18,,Timor-Leste
1119,Catherine Clark,christopher05@example.net,2024-04-26,paid_search,Fiji
1120,Jessica Mann,stevenstrickland@example.net,2025-04-17,paid_search,Ukraine
1121,Leon Bowen,dgordon@example.com,2024-04-30,referral,Norfolk Island
1122,Mark Cox,adrian81@example.com,2025-10-25,direct,Sri Lanka
1123,Michael Braun,brockandrea@example.com,2024-06-06,referral,Cook Islands
1124,Zachary Rice,rodgersveronica@example.com,2025-05-25,referral,Myanmar
1125,Gregory Adams,dylanbyrd@example.com,2024-10-25,social,Sao Tome and Principe
1126,Teresa Hanson,mcdonaldsonya@example.com,2025-06-05,email,Anguilla
1127,Brittney Burke,anna74@example.net,2025-12-23,paid_search,Mali
1128,Danielle Wyatt,ulee@example.com,2024-10-06,organic,Colombia
1129,Sara Price,melissa04@example.com,2025-03-01,organic,Chile
1130,Ricardo Gallegos,amandajohnson@example.net,2025-05-09,paid_search,Guinea-Bissau
1131,Carrie Weeks,jeanette05@example.com,2025-04-28,social,Norfolk Island
1132,Colleen Taylor,miguel47@example.com,2024-09-06,organic,Brazil
1133,Michael Scott,mmcfarland@example.com,2025-04-12,paid_search,Libyan Arab Jamahiriya
1134,Kristina Owen,hugheskimberly@example.net,2025-07-18,paid_search,Dominica
1135,Carol Mcdaniel,cynthia30@example.org,2024-05-28,social,Belize
1136,Jessica Kelly,timothyford@example.net,2025-01-27,paid_search,Malawi
1137,Jennifer Bauer,norman93@example.com,2024-07-14,referral,Ghana
1138,Traci Mcgee,qbrown@example.com,2025-09-05,organic,Netherlands Antilles
1139,Dawn Sims,brandysingh@example.com,2025-06-04,organic,Somalia
1140,Rita Villanueva,andrewharris@example.net,2024-05-19,email,Holy See (Vatican City State)
1141,Maria Hill,richard91@example.net,2024-03-12,referral,Zambia
1142,Leah Santiago,nicole37@example.com,2024-10-09,organic,Guernsey
1143,Brandon Martin,kathleen20@example.net,2025-02-28,social,Qatar
1144,Todd Cruz,brandonmiller@example.org,2024-12-14,email,Serbia
1145,Kimberly Davis,travismckinney@example.org,2025-06-03,paid_search,Guyana
1146,Angela Ingram MD,tamarathompson@example.org,2024-09-30,referral,Isle of Man
1147,Bob Estes,colejoseph@example.net,2024-01-03,social,Canada
1148,Susan Black,lynnhannah@example.com,2024-10-16,social,Reunion
1149,Jessica Pierce,petersonelizabeth@example.com,2024-11-01,referral,Western Sahara
1150,Melinda Jones,andersonrandall@example.net,2025-08-24,referral,Nicaragua
1151,Kristen Charles,thomas08@example.org,2025-08-16,social,Palau
1152,Michelle Stone,olivia97@example.org,2025-11-06,referral,Benin
1153,Christina Castro,judycline@example.net,2025-05-16,social,French Southern Territories
1154,Stacy Simpson,john35@example.net,2024-06-01,social,Nigeria
1155,Wesley Henderson,xmiranda@example.org,2025-04-02,social,Netherlands
1156,Shannon Montoya,jonesjeffrey@example.com,2025-07-05,social,Barbados
1157,Hector Jackson,nicholas09@example.com,2025-05-10,paid_search,Niger
1158,Sarah Harris,bwheeler@example.com,2024-12-19,referral,Cambodia
1159,Jesse Reyes,joseph93@example.com,2024-12-06,referral,Benin
1160,Parker Webb,espinozajessica@example.org,2025-07-19,paid_search,Thailand
1161,Reginald Smith,hughescatherine@example.com,2025-07-10,referral,Greenland
1162,Matthew Ellis,lmontgomery@example.com,2025-01-21,paid_search,Italy
1163,Michael Turner,adamscarolyn@example.com,2025-04-11,organic,Faroe Islands
1164,Steven Peterson,laura70@example.com,2024-11-25,social,Turks and Caicos Islands
1165,Monique Perry,holtkayla@example.org,2024-07-12,paid_search,Belize
1166,Daniel Greene,stephanie84@example.com,2025-12-15,referral,Saint Kitts and Nevis
1167,Patricia Wright,huertatara@example.net,2024-09-01,referral,Bouvet Island (Bouvetoya)
1168,Monica Gonzalez,fullerkyle@example.com,2025-08-08,email,Ukraine
1169,Leslie Acosta,christian77@example.net,2025-01-27,paid_search,Norway
1170,Tyler Burns,michellemoreno@example.org,2024-08-27,paid_search,Tonga
1171,Sean Higgins,taylor19@example.com,2025-02-24,social,United States of America
1172,Jack Miles,hernandezanthony@example.org,2024-02-14,direct,Tanzania
1173,Spencer Dixon,dalton86@example.com,2024-11-21,social,Burkina Faso
1174,Katrina Andrews,nelsonbryan@example.net,2025-04-29,paid_search,China
1175,Mariah Kerr,gentryjaime@example.com,2025-12-23,social,Sri Lanka
1176,Jeremy Lee,perryrita@example.net,2025-01-25,email,Benin
1177,Ann Williams,xortiz@example.com,2025-01-30,social,United States Virgin Islands
1178,Mrs. Christine Tyler,xgarcia@example.org,2025-11-10,paid_search,South Africa
1179,Melanie Brown,butlerbrandon@example.com,2025-10-29,social,Israel
1180,Roberta Johnson,amandarojas@example.org,2024-06-04,email,Taiwan
1181,Virginia Smith,john46@example.net,2025-05-22,direct,Central African Republic
1182,Andrew Calderon,jbentley@example.net,2024-02-07,organic,Tuvalu
1183,Benjamin Morris,jesse85@example.net,2024-05-09,social,Ukraine
1184,Kendra Rodriguez,yfoster@example.com,2025-05-29,direct,Belgium
1185,Tonya Cox,allenmichael@example.net,2025-08-27,paid_search,Saint Pierre and Miquelon
1186,Steven Smith,glang@example.com,2024-12-05,direct,Mali
1187,Lisa Montgomery,michaelkirk@example.org,2024-04-12,social,Svalbard & Jan Mayen Islands
1188,Peter Rodriguez,grahamcraig@example.com,2025-03-26,paid_search,Bhutan
1189,Anna West,darren75@example.com,2024-04-12,organic,Singapore
1190,Raymond Douglas,lrobertson@example.org,2025-06-22,social,Switzerland
1191,Stephanie Moore,nrobles@example.com,2025-04-12,,Tajikistan
1192,Zachary Watson,melissa83@example.net,2024-01-16,email,Slovenia
1193,Stephanie Thompson,douglasbrennan@example.net,2024-05-27,organic,Australia
1194,Daniel Martinez,davenportcassandra@example.com,2025-02-23,social,Romania
1195,Robert Ball,caitlinblevins@example.net,2025-11-01,paid_search,Comoros
1196,David Oliver,kevinherring@example.com,2024-06-07,referral,Equatorial Guinea
1197,Miranda Collier,jennawilkinson@example.com,2024-03-17,direct,Algeria
1198,James Torres,michael72@example.org,2025-04-25,direct,Trinidad and Tobago
1199,Lisa Riley,blackburnchristopher@example.net,2024-09-28,social,Turkmenistan
1200,Madison Hood,christina22@example.com,2024-12-12,paid_search,Djibouti
1201,Seth Stanley,jennifer02@example.org,2025-09-30,social,Christmas Island
1202,Jody Blair,daniel00@example.org,2025-12-10,paid_search,Latvia
1203,Sheila Benson,susan33@example.net,2025-02-11,paid_search,Sao Tome and Principe
1204,Mark Hines,edward07@example.net,2025-10-27,organic,Denmark
1205,Zachary Clayton,jeremy93@example.com,2024-03-23,organic,Bermuda
1206,Jonathan Franklin,bellcynthia@example.com,2024-12-02,social,Denmark
1207,David Reyes,wendycollins@example.com,2025-11-21,social,Papua New Guinea
1208,Kathryn Nash,michael34@example.com,2025-06-30,organic,Mauritius
1209,Kaylee Smith,lisa27@example.org,2025-01-24,paid_search,Russian Federation
1210,Jennifer Garcia,mooremelissa@example.net,2024-11-20,direct,Tanzania
1211,Jerry Simon,lucaswest@example.org,2025-10-03,organic,Jamaica
1212,Emily Gonzales,davilaleslie@example.com,2025-05-14,organic,Aruba
1213,Kimberly Jimenez,brownwilliam@example.org,2025-07-08,paid_search,Swaziland
1214,Christopher Tran,philipgarrett@example.org,2024-02-06,social,Vanuatu
1215,Linda Hernandez,hhenderson@example.com,2025-09-24,social,Denmark
1216,Joshua Williams,umanning@example.org,2024-03-11,paid_search,Ukraine
1217,Harold Schultz,henrybobby@example.net,2024-08-28,paid_search,India
1218,Raymond Luna,ana32@example.com,2025-10-08,social,Lithuania
1219,Rebecca Daugherty,thompsonlauren@example.net,2025-12-01,social,Thailand
1220,Robert Salinas,brianna40@example.net,2024-10-21,paid_search,Belarus
1221,Ashley Gonzalez,qperez@example.com,2024-08-20,direct,Libyan Arab Jamahiriya
1222,Mrs. Elizabeth Lowery,williamlewis@example.org,2024-04-02,paid_search,Colombia
1223,Christopher Horton,andrew66@example.net,2025-03-20,organic,Azerbaijan
1224,Jennifer Hanson,phumphrey@example.com,2024-04-10,direct,Colombia
1225,Taylor Walker,morganantonio@example.com,2025-10-10,organic,Guatemala
1226,Theresa Thornton,kristinsmall@example.com,2025-12-21,social,Chad
1227,Abigail Green,millerjustin@example.org,2024-04-12,,New Zealand
1228,Scott Crane,kcabrera@example.net,2025-03-30,paid_search,Mozambique
1229,Carmen Johnson,ccook@example.com,2024-06-19,direct,Lao People's Democratic Republic
1230,Robert Gibson,ferrellelizabeth@example.net,2025-12-11,organic,Tuvalu
1231,Briana Perez,clutz@example.com,2024-11-02,referral,Senegal
1232,Jessica Parrish,anthonywilliamson@example.org,2024-01-30,paid_search,Israel
1233,David James,simslinda@example.com,2024-02-17,paid_search,Algeria
1234,Peter Carey,alexandriarodriguez@example.net,2024-11-28,paid_search,Mauritania
1235,Clayton Best,kelly66@example.com,2024-02-27,social,Denmark
1236,Christopher Rogers,tammy77@example.org,2024-10-27,organic,Bouvet Island (Bouvetoya)
1237,Ashley Wallace,brian65@example.com,2025-01-02,referral,Nauru
1238,David Patel,jill05@example.org,2025-01-18,organic,Spain
1239,James Vazquez,nicholas73@example.org,2025-03-17,direct,Liechtenstein
1240,Elizabeth Rodriguez,angela36@example.org,2024-05-29,paid_search,Uganda
1241,Sean Butler,richard75@example.com,2024-09-07,referral,Ecuador
1242,Gerald Gray,james86@example.org,2025-06-27,,Cambodia
1243,Angela Galvan,kayla60@example.net,2025-02-25,social,Malaysia
1244,James Dominguez,roger18@example.org,2025-08-02,referral,Montserrat
1245,Robert Henry,jerry14@example.com,2025-11-29,social,Japan
1246,Tyrone Holt,hutchinsonsophia@example.net,2024-07-03,social,Niger
1247,Melissa Kelly,amy30@example.com,2024-06-23,paid_search,Hong Kong
1248,Carol Wallace,melissacooper@example.org,2024-06-28,paid_search,Seychelles
1249,Mackenzie Chen,tararamirez@example.com,2024-03-21,direct,Guyana
1250,Stacey Rogers,uanderson@example.org,2025-09-16,social,Zambia
1251,Angela Maldonado,gentryronald@example.org,2025-01-26,social,Puerto Rico
1252,Katherine Houston,hramos@example.org,2025-09-26,organic,Tunisia
1253,Joseph Medina,jeffrey11@example.org,2025-11-30,paid_search,Korea
1254,Stacey White,chelseacuevas@example.org,2024-09-03,paid_search,Grenada
1255,Rebecca Garcia,juliemcconnell@example.net,2025-05-24,social,Turks and Caicos Islands
1256,Julie Fry,robertanderson@example.com,2025-08-20,organic,Svalbard & Jan Mayen Islands
1257,John Maldonado,rebeccamatthews@example.org,2024-05-26,paid_search,Maldives
1258,Don Day,walkerchad@example.com,2024-08-25,organic,Cape Verde
1259,Amy Gutierrez,patrickpoole@example.net,2025-04-17,paid_search,Chad
1260,Melanie Thompson,tinapatel@example.com,2025-10-15,email,Finland
1261,Courtney Mcmahon,williamsjermaine@example.com,2024-09-17,paid_search,Ukraine
1262,Virginia Fowler,wilsonadrienne@example.org,2025-04-15,social,Guinea
1263,Krista Collins,travislauren@example.net,2024-09-18,organic,Seychelles
1264,Melanie Petersen,franklinamber@example.org,2025-11-13,organic,Azerbaijan
1265,Jonathan Adams,henryjoshua@example.org,2024-01-10,paid_search,Bhutan
1266,Nicole Cardenas,robinsonsteven@example.net,2025-04-21,paid_search,Falkland Islands (Malvinas)
1267,Gina Gregory,jeremygates@example.net,2024-10-21,organic,Paraguay
1268,Lindsey Moyer,stanleyjoseph@example.net,2025-11-24,organic,Spain
1269,Veronica Brown,halljoseph@example.com,2025-07-13,social,Taiwan
1270,Benjamin Daugherty,dianepruitt@example.org,2024-06-10,paid_search,Antigua and Barbuda
1271,Kimberly Williams,riley85@example.org,2024-03-16,social,Panama
1272,Paul Maldonado,nicole98@example.net,2025-03-28,referral,French Southern Territories
1273,Keith Jackson,fbrown@example.net,2024-12-19,social,Peru
1274,Eric Perez,mendozalee@example.org,2025-08-24,paid_search,Congo
1275,Todd Jenkins,steven35@example.net,2024-11-02,organic,Israel
1276,Anthony Leach,sara15@example.org,2025-10-16,paid_search,Poland
1277,Michael Schwartz,whiterodney@example.org,2025-03-10,paid_search,Tajikistan
1278,James Waters,tedwards@example.net,2025-12-07,direct,El Salvador
1279,Felicia Lloyd,krystal62@example.net,2024-09-13,paid_search,Czech Republic
1280,Tammy Tran,fdiaz@example.org,2025-04-12,organic,Saint Kitts and Nevis
1281,Nicole Clarke,ralph58@example.org,2024-11-05,social,Seychelles
1282,Joseph Saunders,stewartjamie@example.net,2024-07-22,social,Macao
1283,Julie Frye,suttonbrittany@example.net,2025-01-28,email,Antarctica (the territory South of 60 deg S)
1284,Mitchell Richards,cschmidt@example.org,2025-05-09,paid_search,Bolivia
1285,Joshua Gutierrez,patrickcunningham@example.org,2024-04-19,organic,Barbados
1286,Brandon Gomez,dpowers@example.com,2024-08-30,email,Russian Federation
1287,Jessica Rich,averybrian@example.com,2025-01-25,paid_search,Tanzania
1288,Richard Duncan,kimberly92@example.org,2025-08-08,organic,Puerto Rico
1289,Travis Harris,pturner@example.org,2025-01-02,paid_search,Azerbaijan
1290,David Robinson,shawnbaldwin@example.net,2025-08-11,paid_search,Tonga
1291,Melissa Baker,martineztanya@example.com,2024-10-29,organic,Philippines
1292,Derek Martinez,jimmygalloway@example.org,2025-12-17,paid_search,Chad
1293,Adrian Harmon,samuelbrooks@example.org,2024-10-29,email,Cote d'Ivoire
1294,Christopher Bates,james72@example.org,2024-01-23,social,Tonga
1295,Megan Anderson,ananewman@example.com,2025-11-05,referral,United Arab Emirates
1296,Dr. Crystal Owens,corey68@example.com,2025-02-09,paid_search,Bosnia and Herzegovina
1297,Jonathan Young,stevensonrichard@example.net,2024-10-08,paid_search,Madagascar
1298,Tracy Mayer,thomasmendez@example.org,2024-01-09,paid_search,Cuba
1299,Jessica Bailey,jjackson@example.org,2025-08-02,,Cook Islands
1300,Kevin Johnson,cynthiamoore@example.net,2025-12-03,social,Benin
1301,William Davidson,nicolebarker@example.org,2024-02-20,paid_search,Philippines
1302,Carrie Warren,ryoung@example.org,2025-09-12,direct,Uzbekistan
1303,Ryan Ferguson,cody24@example.org,2025-05-23,paid_search,Armenia
1304,Connor Rivera,ann45@example.net,2024-10-20,email,Bolivia
1305,Nancy Myers,craiggallegos@example.net,2024-08-23,social,Singapore
1306,Julian Hawkins,johnsonrebecca@example.net,2025-09-13,referral,Palau
1307,Mr. Curtis Harris,marieraymond@example.org,2024-12-26,social,Iran
1308,Jonathan Cervantes,xyoung@example.net,2024-08-12,referral,Ukraine
1309,Joshua Hubbard,david72@example.net,2025-10-13,organic,France
1310,Robert Robinson,ryan44@example.net,2024-07-13,referral,Sierra Leone
1311,Daniel Grant,sheri76@example.net,2025-09-27,paid_search,Timor-Leste
1312,Cindy Bradford,nunezjenny@example.com,2024-09-13,referral,Cambodia
1313,Aimee Young,kimberlymcdaniel@example.net,2025-11-25,email,United States Minor Outlying Islands
1314,Christopher Ortiz,samanthachase@example.net,2025-11-06,referral,Luxembourg
1315,Robert Castillo DDS,jcole@example.org,2025-11-28,organic,French Guiana
1316,Patricia Tran,velasquezrose@example.org,2024-05-20,social,Saint Vincent and the Grenadines
1317,Craig Hall,matthewchavez@example.com,2025-10-05,email,Papua New Guinea
1318,William Torres,matthewmontoya@example.net,2024-04-09,social,South Africa
1319,Alyssa Patrick,emmareyes@example.org,2025-10-04,paid_search,North Macedonia
1320,Kimberly Bruce DVM,pottertimothy@example.com,2025-10-23,paid_search,Saint Helena
1321,Pamela Walker,clifford09@example.org,2024-02-10,paid_search,Togo
1322,Edward Smith,baileykimberly@example.org,2024-11-12,paid_search,Solomon Islands
1323,Marvin Weeks,webbstephanie@example.com,2025-03-27,referral,Suriname
1324,David Hart,grossjanet@example.net,2024-02-04,paid_search,Isle of Man
1325,Erica Carter,emoore@example.org,2025-08-16,direct,Turks and Caicos Islands
1326,Cody Ashley,estradajack@example.org,2025-01-08,organic,Eritrea
1327,Dawn Anderson,janetwhite@example.net,2024-05-14,paid_search,Mali
1328,Chelsea Flores,harrygoodman@example.org,2024-04-02,social,Peru
1329,Ryan Wagner,jenkinsjamie@example.com,2024-10-29,social,Japan
1330,Gary Davis,mortondavid@example.com,2024-11-30,organic,Denmark
1331,Mr. Jerome Krueger,bobby78@example.net,2025-03-01,email,Fiji
1332,Shannon Mclaughlin,bradfordtiffany@example.com,2024-06-28,social,Malta
1333,Candace Humphrey,schmidtmichael@example.com,2024-07-24,paid_search,Bermuda
1334,Richard Burnett,alexandragonzalez@example.net,2024-05-15,direct,Samoa
1335,Cassandra Barajas,bradley23@example.org,2025-07-06,direct,Maldives
1336,Julie Montgomery,stephanieschultz@example.org,2025-01-09,social,Norfolk Island
1337,Trevor Valdez,alexandra67@example.com,2025-06-27,paid_search,Holy See (Vatican City State)
1338,Corey Brooks,evangardner@example.net,2025-05-28,social,Cuba
1339,Stephanie Cummings,mannjoseph@example.org,2024-10-06,paid_search,Madagascar
1340,Amanda Brown,edwinlara@example.org,2024-06-17,paid_search,Congo
1341,Carrie Johnson,martingregory@example.net,2024-09-20,paid_search,South Africa
1342,Karen Cole,thomas96@example.net,2025-05-08,organic,Afghanistan
1343,John Church,cartervalerie@example.net,2024-10-29,referral,Congo
1344,Travis Hill,williamscalvin@example.net,2024-12-12,social,Slovakia (Slovak Republic)
1345,Adrian Freeman,katelyngonzalez@example.org,2024-04-27,social,Sudan
1346,Deanna Chang,ofowler@example.net,2025-04-24,organic,New Zealand
1347,Mark Burgess,colleen00@example.net,2024-03-18,organic,Sudan
1348,Robert Richardson,jillwilson@example.net,2024-05-24,organic,British Virgin Islands
1349,Jennifer Thompson,jacqueline53@example.com,2024-08-19,direct,Uganda
1350,Katelyn Adkins,natalieburns@example.com,2025-11-23,paid_search,Cuba
1351,James Pearson,vmarshall@example.com,2025-11-21,referral,South Georgia and the South Sandwich Islands
1352,Jordan Pearson,kellyholloway@example.net,2025-02-10,email,Cyprus
1353,Sean Coleman,bensonbrenda@example.net,2025-07-24,organic,Montenegro
1354,John Cantu,acarpenter@example.net,2025-01-09,social,United Arab Emirates
1355,Donald Jones,iweber@example.org,2024-04-02,organic,Madagascar
1356,Joshua Hobbs,jerrypatel@example.org,2025-02-08,referral,Denmark
1357,Tara Quinn,wanderson@example.com,2024-01-15,direct,New Caledonia
1358,Joseph Butler,duncanjudy@example.net,2024-09-27,organic,Turkey
1359,Brandon Beck,qcoleman@example.net,2025-07-03,paid_search,Faroe Islands
1360,Patricia Whitaker,perrylee@example.org,2024-05-06,,Mexico
1361,Stephen Oliver,uwelch@example.org,2025-04-10,,Cameroon
1362,Gregory Richardson,ccoffey@example.net,2025-01-12,paid_search,Lao People's Democratic Republic
1363,Sonya Gates,josephharper@example.net,2025-11-19,social,Mexico
1364,Christine Daniels,davidrobinson@example.com,2025-11-19,social,Lebanon
1365,Sarah Reeves,cassiesilva@example.net,2024-09-25,social,Bouvet Island (Bouvetoya)
1366,Thomas Williams,campbellmichelle@example.net,2025-08-21,paid_search,Sri Lanka
1367,Carlos Hicks,dwoodard@example.org,2025-01-25,social,Andorra
1368,Mr. James Dudley,gbuckley@example.net,2025-10-15,direct,Kazakhstan
1369,Christina Meyers,amanda27@example.net,2025-01-15,paid_search,Japan
1370,Shannon Hill,vmora@example.net,2024-04-20,paid_search,South Africa
1371,Bobby Leon,cristian93@example.net,2025-11-22,direct,Saint Martin
1372,Ryan Brown,cooleymatthew@example.com,2024-08-27,paid_search,Samoa
1373,Wanda Kennedy,andrea34@example.net,2025-04-27,referral,Denmark
1374,Mark Haney,oscarharris@example.org,2024-01-26,organic,Christmas Island
1375,Darlene Barker,sandrasims@example.org,2025-09-26,paid_search,Dominica
1376,Julie Jacobs,robertray@example.org,2025-07-28,referral,British Indian Ocean Territory (Chagos Archipelago)
1377,Ashley Velazquez,matthew13@example.net,2024-12-01,organic,Austria
1378,Kimberly Middleton,barberjohn@example.com,2025-09-16,email,Norway
1379,Jennifer Lane,montgomerymichael@example.net,2024-08-14,organic,Bahrain
1380,Jennifer Anthony,pjones@example.com,2025-10-25,email,Korea
1381,Lisa West,zperez@example.com,2024-03-05,paid_search,Eritrea
1382,Allison Murphy,franciscobrown@example.org,2025-10-12,organic,Guyana
1383,Christopher Tran,barbara11@example.org,2025-04-20,direct,Lesotho
1384,Richard Acevedo,george35@example.org,2025-12-18,paid_search,Portugal
1385,Jasmine Bryant,kyleprice@example.org,2024-11-05,social,Cuba
1386,Meagan Gonzalez,vbenjamin@example.net,2025-10-26,organic,French Guiana
1387,Angela Walter,charlenemccormick@example.com,2025-02-22,social,Algeria
1388,Zachary Knapp,annamills@example.com,2024-04-29,paid_search,Lao People's Democratic Republic
1389,Loretta Graves,jessica78@example.com,2024-05-23,direct,Kuwait
1390,Christina Montgomery,traci57@example.org,2024-02-16,organic,Dominica
1391,Debra Miller,qhunter@example.net,2024-02-08,paid_search,Nepal
1392,Mary Brock,gthomas@example.com,2024-11-07,paid_search,Lebanon
1393,Zachary Gutierrez,ghoward@example.com,2025-05-19,paid_search,Turks and Caicos Islands
1394,Joshua Ramos,christopher33@example.com,2024-04-28,email,Syrian Arab Republic
1395,Fernando Ramsey,chines@example.com,2024-04-09,organic,Mali
1396,Dylan Johnson,matthew51@example.com,2024-08-28,referral,Chad
1397,Valerie Charles,patelwilliam@example.org,2025-07-04,organic,Cook Islands
1398,Scott Warren,michele94@example.net,2024-05-18,paid_search,Ecuador
1399,Jamie Morse,kevinstafford@example.net,2025-02-01,social,Israel
1400,Joann Klein,paulalove@example.net,2025-04-09,social,Timor-Leste
1401,Michele Rhodes,walterskelly@example.com,2025-01-14,paid_search,Luxembourg
1402,Samantha Mcdaniel,cjacobs@example.org,2025-11-17,paid_search,Rwanda
1403,Travis Willis,pattersonjeffrey@example.org,2025-12-14,paid_search,Uzbekistan
1404,Amanda Arnold,dawsonsteven@example.net,2025-07-07,social,Kyrgyz Republic
1405,Julie Johnson,allison51@example.net,2025-03-05,social,Turks and Caicos Islands
1406,Stephanie Edwards,kevin20@example.net,2025-08-24,organic,Albania
1407,Jody Pena,terryjason@example.org,2024-06-07,referral,British Indian Ocean Territory (Chagos Archipelago)
1408,William Matthews,paynetiffany@example.net,2025-02-28,referral,Palau
1409,Brenda Burgess,annajohnson@example.org,2025-11-01,email,Dominican Republic
1410,James Chaney,cheyennejackson@example.org,2024-04-11,referral,Philippines
1411,Patrick Trujillo Jr.,rmartinez@example.net,2025-05-16,paid_search,Canada
1412,Karen Lee,carlosblair@example.net,2025-09-22,,American Samoa
1413,Caroline Black,pcarlson@example.net,2025-02-21,paid_search,Turkey
1414,Cameron Skinner,garciajames@example.org,2024-10-13,paid_search,Burundi
1415,Danielle Griffin,alexandra83@example.com,2024-02-03,email,Saint Vincent and the Grenadines
1416,Craig Walker,michaelhamilton@example.org,2025-12-07,direct,Congo
1417,Marie Sweeney,mossdaniel@example.net,2025-01-14,paid_search,Czech Republic
1418,Dr. Christine Ayala MD,jessica63@example.com,2024-08-10,paid_search,San Marino
1419,Jeremy Wilson,ericakrause@example.net,2025-03-30,organic,Bulgaria
1420,Jeremiah Moran,fostercarlos@example.org,2025-03-31,direct,El Salvador
1421,Nancy Martin,jerrynichols@example.com,2024-08-29,organic,Niger
1422,Sarah Robinson,dfletcher@example.net,2025-01-06,email,Isle of Man
1423,Christopher Carrillo,morenoelizabeth@example.com,2024-04-11,paid_search,Malta
1424,Amber Galloway,parkerelizabeth@example.org,2025-12-03,paid_search,Chile
1425,Tonya Wallace,scottbyrd@example.org,2025-01-11,direct,Seychelles
1426,Ronald Perkins,elizabethhampton@example.net,2025-07-11,direct,Reunion
1427,Marc Nash,durankerri@example.net,2025-10-22,paid_search,Rwanda
1428,Tammy Mills,swansonkelly@example.com,2025-01-02,direct,Marshall Islands
1429,Kenneth Martin,esingh@example.org,2024-03-03,social,Thailand
1430,Kimberly Martin,jasminebailey@example.com,2025-02-11,referral,Malta
1431,Nicole Allen,ctaylor@example.net,2024-10-09,organic,Lesotho
1432,Robert Morales,bgriffin@example.com,2024-07-13,email,British Virgin Islands
1433,Lisa Pugh,bennettkathryn@example.org,2024-05-05,organic,Nauru
1434,Jessica Lozano,oliviastephens@example.com,2025-04-10,social,Cuba
1435,Dawn Rogers,ooliver@example.net,2024-04-03,paid_search,Uzbekistan
1436,David Terrell,stonewilliam@example.org,2025-11-09,paid_search,Indonesia
1437,Cheryl Mccullough,dianecunningham@example.net,2024-08-05,organic,Burundi
1438,Shawn Bennett,larry85@example.org,2025-10-19,social,Tuvalu
1439,Jill Simmons,jamesbeck@example.net,2025-10-16,paid_search,Swaziland
1440,Anna Ho,carla21@example.org,2025-09-03,social,Anguilla
1441,Shane Fleming,beckmark@example.net,2024-01-22,direct,Djibouti
1442,Adam Wallace,josepharmstrong@example.com,2024-02-21,paid_search,Angola
1443,Susan Martin,jeffrey43@example.net,2024-12-07,social,Montserrat
1444,David Jones,vmcguire@example.org,2024-09-06,organic,Switzerland
1445,Joanne Giles,hannahpittman@example.org,2024-05-08,referral,Iran
1446,Lisa Shelton,jonathancollins@example.org,2025-08-01,paid_search,Singapore
1447,Heather Mcgrath,elizabethjohnson@example.com,2024-07-29,social,Estonia
1448,Christian Hurst,allenwilliam@example.org,2024-03-11,referral,Korea
1449,Jeremy Hill,raguirre@example.com,2025-07-21,direct,Equatorial Guinea
1450,Kelly Cook,howardallison@example.net,2024-07-31,social,Belgium
1451,Andrea Ewing,jennifershaffer@example.org,2025-08-23,organic,Iceland
1452,Kelly Gomez,sgonzalez@example.org,2024-08-09,social,Hungary
1453,Keith Ashley,ambervasquez@example.net,2024-08-26,referral,Nicaragua
1454,Maureen Thomas,branchleah@example.com,2024-12-02,email,Niue
1455,Andrew Noble,xjackson@example.org,2024-05-31,paid_search,Switzerland
1456,Michelle Johnston DDS,dominguezglenn@example.org,2025-09-02,direct,Palau
1457,Kaitlyn Burns,shannonreese@example.org,2024-01-03,social,Chad
1458,Jennifer Morrow DDS,bmartin@example.net,2024-10-10,social,Somalia
1459,David Wright,revans@example.com,2024-05-28,paid_search,Iceland
1460,Tina Fowler,kingwilliam@example.com,2024-05-13,social,Aruba
1461,Jamie Martin,patrick36@example.net,2025-07-07,organic,Italy
1462,Brandon Fox,amykim@example.net,2024-09-13,social,Netherlands Antilles
1463,Dylan Martinez,meganthomas@example.net,2024-06-27,paid_search,British Virgin Islands
1464,Elizabeth Mcconnell,kyle40@example.com,2024-04-22,social,Niue
1465,Tracy Jimenez,jasonhenry@example.org,2025-11-07,direct,Cambodia
1466,Daniel Meadows,cestrada@example.com,2024-01-27,paid_search,Myanmar
1467,Cameron Mckee,welchhector@example.org,2024-05-14,direct,Kazakhstan
1468,Andrew Mack,bowmandanny@example.com,2024-01-16,organic,Sudan
1469,Francisco Davis,ivasquez@example.org,2025-01-01,referral,Macao
1470,Joel Armstrong,john46@example.net,2024-08-31,social,United States of America
1471,Wendy Hernandez,millerjustin@example.org,2025-08-25,email,Yemen
1472,Christopher Scott,john05@example.org,2024-11-27,social,Guam
1473,Angela Jones,krichardson@example.org,2024-01-17,referral,Swaziland
1474,Robert Frank,justin77@example.org,2024-06-27,organic,Denmark
1475,Gregory Moore,sonyabond@example.net,2024-09-28,organic,Netherlands Antilles
1476,Shawn Simmons,banderson@example.net,2024-02-23,social,Antarctica (the territory South of 60 deg S)
1477,Alexander Mcintyre,castilloelizabeth@example.org,2024-05-09,referral,Moldova
1478,John Malone,thomasdominique@example.com,2025-03-07,social,Switzerland
1479,Melissa Parker,xbryant@example.com,2025-06-22,social,Cuba
1480,Charles Peterson,nicolewoods@example.org,2024-04-26,organic,Tonga
1481,Douglas Espinoza,haledaisy@example.net,2024-03-06,referral,Ghana
1482,Lisa Thomas,megandavis@example.net,2025-05-02,paid_search,Albania
1483,Chloe Johnson,bushchristina@example.org,2025-04-04,email,Sierra Leone
1484,Jennifer Arroyo,williamsellen@example.org,2025-01-05,paid_search,Cote d'Ivoire
1485,Fred Lee,hsmith@example.net,2025-06-09,organic,Puerto Rico
1486,Kristin Mendoza,eric23@example.net,2025-08-30,organic,Kenya
1487,Christopher Silva,lauren56@example.net,2024-04-21,organic,Haiti
1488,Amanda Brown,john65@example.org,2025-04-07,social,Heard Island and McDonald Islands
1489,Amy Schmidt,williamsalyssa@example.com,2025-05-30,organic,Belarus
1490,Cassie Williams,bryan51@example.org,2024-08-14,organic,Heard Island and McDonald Islands
1491,Christopher Carpenter,danielnewman@example.org,2025-09-21,paid_search,Equatorial Guinea
1492,Joseph Garcia,nwhite@example.net,2024-02-14,organic,Tanzania
1493,Mr. Steven Wolfe,megan32@example.com,2025-11-05,paid_search,Qatar
1494,Chelsea Costa,karenchan@example.com,2025-06-17,paid_search,Monaco
1495,Larry Miller,hamiltoncarl@example.org,2024-11-04,social,Finland
1496,Lindsey White,silvajonathan@example.org,2025-04-14,social,Latvia
1497,Christopher Herman,maldonadojonathan@example.com,2025-10-20,social,Panama
1498,David Taylor,sarareyes@example.org,2024-02-01,organic,Macao
1499,Ronald Richmond,wvargas@example.com,2024-03-03,organic,Paraguay
1500,Emily Morgan,tonya96@example.com,2025-05-05,referral,Sierra Leone
1501,Danielle Mcdonald,mike18@example.com,2025-02-15,email,Burkina Faso
1502,Robert Woodward,summersmichael@example.com,2025-03-12,organic,Iraq
1503,Melissa Morris,websterkatherine@example.com,2025-12-03,paid_search,Lesotho
1504,Lucas Green,rdavidson@example.net,2024-04-20,organic,Malaysia
1505,Joshua Wallace,stephanie55@example.org,2025-05-17,organic,Gibraltar
1506,Johnny Bishop,justin35@example.org,2025-12-30,organic,Switzerland
1507,Erica Ward,jonesamber@example.com,2025-03-30,email,Kiribati
1508,Thomas Gibson Jr.,michaellam@example.com,2024-03-16,email,Sweden
1509,James Gregory,joconnor@example.com,2024-03-23,social,Mozambique
1510,Daniel Moran,benjamin65@example.com,2024-11-25,social,Wallis and Futuna
1511,Teresa Wood,tammypotts@example.com,2025-09-14,referral,Mayotte
1512,Richard Schmitt,scott47@example.com,2024-05-31,social,Grenada
1513,Ashley Morris,dana88@example.org,2024-03-08,direct,Morocco
1514,Mary Campbell,jose34@example.org,2024-05-09,paid_search,Cayman Islands
1515,Alexis Lozano,bmcmahon@example.com,2024-10-08,paid_search,Micronesia
1516,Alicia Perez,zweaver@example.com,2025-10-01,paid_search,United States Minor Outlying Islands
1517,Gary Hall,jacobsimpson@example.com,2025-10-10,social,Ghana
1518,Kelly Dixon,umcclain@example.com,2025-08-22,referral,Puerto Rico
1519,Mrs. Courtney Williams,leerandy@example.net,2025-07-15,paid_search,Montserrat
1520,Shelia Chavez MD,samanthajimenez@example.net,2025-12-30,direct,Macao
1521,Michelle Mcdonald,wisetravis@example.org,2024-11-28,paid_search,Cote d'Ivoire
1522,Jason Baldwin,latasha27@example.net,2025-01-25,direct,Grenada
1523,Catherine Goodwin,rsmith@example.com,2025-09-03,organic,Botswana
1524,Christopher Erickson,jamesmcgee@example.org,2025-06-27,paid_search,Dominican Republic
1525,Melissa Thompson,angiebowman@example.net,2024-10-28,organic,Belarus
1526,Cassandra Moore,matthew11@example.com,2025-04-09,paid_search,San Marino
1527,Ronald Fields,oliverrodney@example.net,2025-06-01,paid_search,Burundi
1528,Matthew Morgan,williamwatson@example.net,2025-09-11,organic,Serbia
1529,Rebecca Ferguson,cgreene@example.org,2025-03-16,referral,Korea
1530,Lori Miller,michaelshaffer@example.com,2024-04-11,email,Brunei Darussalam
1531,Kevin Hawkins,ewelch@example.com,2025-12-19,organic,South Georgia and the South Sandwich Islands
1532,Michael Rosario,ahudson@example.com,2024-04-27,social,Dominican Republic
1533,Anne Wolfe,john41@example.net,2025-11-01,social,Yemen
1534,Lawrence Jensen,jasonwilliams@example.com,2025-10-28,paid_search,Rwanda
1535,Thomas Cruz,ggrant@example.com,2025-07-18,organic,Mauritania
1536,Michael Patterson,bradyjacob@example.org,2024-08-08,paid_search,Bahrain
1537,Tonya Smith,bentleyashley@example.com,2025-03-16,paid_search,Congo
1538,John Whitehead,jacksonsandra@example.org,2025-04-07,social,Nigeria
1539,Kyle Nelson,walkerdonna@example.net,2024-08-21,paid_search,Micronesia
1540,Matthew Harrison,frankponce@example.com,2025-02-27,email,Ukraine
1541,Michelle Fisher,aliciayang@example.com,2024-12-13,social,Cote d'Ivoire
1542,Emily Roberts,murrayalexis@example.net,2025-04-09,paid_search,Peru
1543,Collin Brady,amymartin@example.org,2025-02-12,email,Ethiopia
1544,Bethany Freeman,rzuniga@example.com,2025-03-01,paid_search,El Salvador
1545,Karen Francis,amyduncan@example.org,2024-04-07,direct,Italy
1546,Jason Hardin,fmitchell@example.net,2024-11-16,organic,Austria
1547,Francisco Miller,wattsjames@example.net,2025-03-13,referral,Cook Islands
1548,Larry Parker,leemichael@example.org,2024-11-16,,Uruguay
1549,Abigail Brown,wardleslie@example.com,2025-11-12,paid_search,Afghanistan
1550,Larry Nguyen,matthew66@example.com,2024-09-18,social,Germany
1551,Cesar Fuller,loganmitchell@example.org,2025-01-18,direct,Cayman Islands
1552,John Johnson,liray@example.org,2024-06-05,social,Estonia
1553,Samantha Ballard MD,roynathaniel@example.net,2025-12-04,referral,Niger
1554,Brandon Dominguez,wayneharris@example.net,2025-04-30,referral,Papua New Guinea
1555,Mrs. Lisa Thomas,zcastro@example.org,2024-03-09,paid_search,Palestinian Territory
1556,Lori Alvarado,robincampbell@example.org,2024-04-03,paid_search,Italy
1557,Nathan Massey,heathersutton@example.org,2024-03-28,social,Tunisia
1558,Marissa Allen,fcampbell@example.net,2024-04-05,organic,Tajikistan
1559,Vincent Carter,onelson@example.net,2025-03-18,referral,Hong Kong
1560,Jennifer Jackson,gomezphilip@example.com,2024-04-08,direct,Equatorial Guinea
1561,Chad Reynolds,zwagner@example.com,2025-01-16,organic,Bosnia and Herzegovina
1562,Evan Johnston,mlewis@example.org,2024-05-13,paid_search,American Samoa
1563,Adam Jimenez,jellison@example.net,2025-07-23,social,Northern Mariana Islands
1564,Jason Mcdonald,wpeters@example.net,2024-03-02,paid_search,Pitcairn Islands
1565,Grace Randall,suttonmichael@example.com,2025-08-23,referral,Korea
1566,Laurie Powers,ovasquez@example.net,2025-07-29,organic,Montserrat
1567,John Watson,barbara14@example.net,2025-07-29,social,Mozambique
1568,Kelli Dunn,wsullivan@example.net,2024-12-03,paid_search,Saint Pierre and Miquelon
1569,Hannah Cruz MD,revans@example.net,2025-11-17,social,Canada
1570,James Buchanan,montesvictoria@example.net,2024-05-05,organic,American Samoa
1571,Valerie Davis,devin03@example.com,2025-02-24,email,Jordan
1572,Brian Vargas,ryoung@example.org,2024-12-28,paid_search,Mayotte
1573,Tracey Smith,dparker@example.com,2025-11-12,social,Western Sahara
1574,Wesley Collins,jeffery67@example.net,2025-03-09,referral,Lesotho
1575,Kaitlyn Pitts,qflynn@example.org,2024-02-22,paid_search,Saint Pierre and Miquelon
1576,Adrienne Erickson,blackrobin@example.org,2024-10-21,paid_search,Burundi
1577,Rose Stafford,fchan@example.com,2025-09-06,paid_search,Italy
1578,Eric Bond,mestrada@example.net,2024-11-15,social,Cyprus
1579,Jennifer Clark,natasha67@example.net,2024-12-26,social,Malta
1580,Jimmy Thomas,jasminehendrix@example.net,2024-04-16,email,Malta
1581,Leslie Mcpherson,ugibson@example.com,2025-08-14,paid_search,Denmark
1582,Lauren Holloway,danielhubbard@example.com,2025-06-03,organic,Greenland
1583,Christine Spencer,michael99@example.com,2024-08-05,email,Brazil
1584,Nancy Douglas,howardrachel@example.org,2024-06-07,,Brunei Darussalam
1585,Angelica Hammond,andrew57@example.org,2025-11-03,direct,Gabon
1586,Christine Moore,andrew64@example.net,2025-05-08,paid_search,Hong Kong
1587,Kimberly Heath,caitlinkim@example.net,2024-08-17,social,Timor-Leste
1588,Phillip Smith,dustinwood@example.com,2024-04-20,organic,Cyprus
1589,Seth Bailey,jleblanc@example.com,2024-12-24,organic,Syrian Arab Republic
1590,Katherine Patterson,qjuarez@example.com,2025-07-23,social,Bahamas
1591,Susan Young,jennifersantana@example.net,2025-01-11,social,Jordan
1592,Gregory Morgan,phyllissummers@example.org,2024-04-27,direct,Saint Martin
1593,Shelby Reyes,kevin58@example.org,2024-10-12,paid_search,South Georgia and the South Sandwich Islands
1594,Andre Phillips,rjohnson@example.org,2025-08-10,paid_search,Togo
1595,Jose Christensen,leeheidi@example.com,2024-08-19,social,El Salvador
1596,Kristen Parsons,shelbysmith@example.org,2025-03-15,email,Sri Lanka
1597,James Harris,xcole@example.org,2025-07-28,paid_search,Saint Vincent and the Grenadines
1598,Robert Schneider,sharon31@example.net,2025-09-28,paid_search,Grenada
1599,Mark Navarro,clarknicholas@example.com,2025-09-20,paid_search,Belarus
1600,Krystal Pierce,bakerjorge@example.org,2025-11-22,referral,New Zealand
1601,Michael Madden,jonscott@example.org,2025-10-20,,Jordan
1602,Michael Harmon,kaylee31@example.net,2025-07-24,organic,Rwanda
1603,Shirley Allen,bethriley@example.net,2024-01-27,paid_search,Samoa
1604,James Fowler,kelly07@example.net,2025-09-15,organic,Benin
1605,Lisa Perez,odomerin@example.org,2025-11-04,paid_search,Solomon Islands
1606,Carlos Edwards,henry37@example.org,2025-12-11,email,Equatorial Guinea
1607,Frank Campbell,walkerchristopher@example.net,2024-09-30,paid_search,Turkey
1608,Cindy Curry,ortizjames@example.org,2024-01-30,referral,Mexico
1609,Shannon Carlson,amyvaldez@example.org,2024-07-03,paid_search,Christmas Island
1610,Theresa Cain,ferickson@example.com,2024-10-06,email,India
1611,Sean Gardner,svargas@example.com,2025-12-20,referral,Monaco
1612,Brittany Morris,jerome32@example.net,2024-11-12,social,Finland
1613,Dennis Washington,nicholas04@example.com,2024-12-13,email,Guinea
1614,Brenda Lopez,taylor54@example.org,2024-12-25,organic,Heard Island and McDonald Islands
1615,Sherry Benson,brianwilkins@example.com,2024-01-07,organic,Mexico
1616,Logan Ford,sara53@example.com,2024-07-04,social,Guinea
1617,Alexis Potter,bherrera@example.com,2024-05-26,direct,Lithuania
1618,Roy Hebert,mary55@example.net,2025-08-02,social,Belize
1619,Brooke Martinez,james53@example.net,2025-11-04,email,Kiribati
1620,Valerie Carter,seanshaw@example.net,2025-02-14,social,Heard Island and McDonald Islands
1621,Lauren Rosario,clarkjohn@example.org,2024-03-12,organic,Egypt
1622,Christine Yates,kellysanchez@example.net,2024-05-25,paid_search,Equatorial Guinea
1623,Kimberly Nicholson,lynnmurphy@example.org,2025-10-10,email,Cook Islands
1624,Terri Lopez,wwood@example.net,2024-02-01,direct,Czech Republic
1625,Mary Meadows,james32@example.net,2024-04-03,paid_search,Singapore
1626,Mark Kim,mary58@example.org,2025-06-27,social,Lithuania
1627,David Hall,daysteven@example.net,2024-08-08,paid_search,Guyana
1628,Lisa Cole,vmccoy@example.org,2025-01-20,email,Svalbard & Jan Mayen Islands
1629,Gloria Olsen,david79@example.org,2025-03-05,paid_search,Dominica
1630,George Castaneda,rwalker@example.net,2025-04-09,organic,Portugal
1631,Ryan Whitaker,joseph50@example.org,2024-12-15,social,Saint Lucia
1632,Alexandra Lucas,sandra63@example.net,2024-06-10,organic,Solomon Islands
1633,Jeff Schmitt,alisonsullivan@example.com,2025-01-13,social,Korea
1634,Carlos Hawkins,rose39@example.net,2024-11-15,social,Barbados
1635,Erica Morrison,cjohnson@example.com,2024-11-28,direct,Pitcairn Islands
1636,Anthony Harvey,jeremyday@example.net,2025-08-04,paid_search,Mexico
1637,Jason Mckenzie,hthomas@example.net,2025-09-02,organic,Swaziland
1638,Matthew Stone,jaymiller@example.net,2024-03-27,paid_search,Pakistan
1639,Christopher Spencer,xgray@example.net,2024-02-23,direct,Zimbabwe
1640,Brittany Clark,vanessa78@example.org,2024-06-08,direct,French Polynesia
1641,Beverly Black,nicholasjackson@example.org,2024-06-10,email,Senegal
1642,Tina Gonzalez,garciachristopher@example.org,2025-09-24,referral,Malaysia
1643,Cheryl Meyers,tchen@example.org,2024-02-20,email,Maldives
1644,Christopher Monroe,kwalker@example.net,2025-11-21,social,Cote d'Ivoire
1645,Jose Costa,igeorge@example.org,2024-03-24,paid_search,Haiti
1646,Geoffrey Reynolds,williamsjanet@example.org,2024-10-05,social,Poland
1647,Christine Wilson,kbrandt@example.com,2025-03-29,paid_search,Martinique
1648,Michael Gibson,ppatterson@example.net,2025-11-08,referral,Netherlands
1649,Timothy Fox,heatherwhite@example.com,2025-03-10,social,Sao Tome and Principe
1650,Karla Brewer,francisco87@example.org,2025-05-12,social,Heard Island and McDonald Islands
1651,Nicholas Jimenez,buckcorey@example.net,2025-09-13,paid_search,Bolivia
1652,Kaitlin Gomez,robert29@example.net,2025-03-28,organic,Norway
1653,Penny Goodman,uwalsh@example.net,2025-02-28,paid_search,Korea
1654,James Lee,tracy39@example.net,2024-10-06,organic,Syrian Arab Republic
1655,Karen Perez,megancarroll@example.com,2024-08-08,paid_search,Tajikistan
1656,Marie Reilly,amatthews@example.org,2025-06-08,direct,Spain
1657,Erin Nelson,fisherricardo@example.com,2024-04-26,email,Poland
1658,Paul Perez,emilyroth@example.org,2024-12-19,organic,Northern Mariana Islands
1659,Kevin Serrano,colonnicole@example.com,2025-03-16,organic,Jamaica
1660,Riley Reyes,ashley74@example.org,2024-04-23,organic,Marshall Islands
1661,Joan Dean,rjenkins@example.com,2024-10-17,social,China
1662,Samuel Carr,emartinez@example.net,2025-11-25,email,Vietnam
1663,Michael Crosby,brennancassandra@example.net,2025-11-25,direct,Guyana
1664,Brent Gonzalez,sharonmiranda@example.com,2025-08-30,organic,Finland
1665,Heather Nielsen,bishopkyle@example.com,2025-05-13,direct,Taiwan
1666,Justin Castaneda,hunterthomas@example.com,2025-06-23,,Brunei Darussalam
1667,Laura Bowers,sheamatthew@example.net,2025-11-14,paid_search,Reunion
1668,Donald Mason,jolsen@example.com,2024-11-11,direct,Poland
1669,Brian Knight,holmesruth@example.net,2024-02-16,paid_search,Romania
1670,Eric Boyd,hromero@example.org,2024-08-13,referral,Mongolia
1671,Shawn Calhoun,bradleydana@example.com,2025-02-08,organic,United States Virgin Islands
1672,Matthew Wilkinson,danielsronald@example.org,2025-09-05,referral,Czech Republic
1673,Haley Cooper,david39@example.com,2024-02-26,referral,Bosnia and Herzegovina
1674,Paula Brown,hfisher@example.com,2024-01-08,referral,Cook Islands
1675,Steven Hernandez,morrisonbecky@example.net,2024-07-28,social,South Georgia and the South Sandwich Islands
1676,Danielle Stephenson,lucas32@example.com,2024-11-04,organic,Madagascar
1677,John Martin,sfreeman@example.net,2024-08-04,paid_search,Ecuador
1678,Kevin Williams,baileymorrison@example.net,2024-05-20,organic,Togo
1679,Mary Munoz,powerskyle@example.net,2024-09-18,paid_search,Moldova
1680,David Blair,hernandezlynn@example.org,2024-10-23,social,Iraq
1681,James Phillips,hernandezchristina@example.com,2024-12-01,organic,Serbia
1682,Lori Hernandez,racheldowns@example.net,2024-05-02,direct,Bulgaria
1683,Brandon Norton,kevinnolan@example.org,2024-01-08,social,Comoros
1684,April Ayala,thomas16@example.com,2025-05-24,referral,American Samoa
1685,Ryan Watts,shawchristine@example.net,2025-03-16,paid_search,Monaco
1686,Sandra Turner,chandlerfrances@example.net,2024-06-28,referral,Congo
1687,Amanda Dyer,jerrytorres@example.org,2024-05-12,direct,Guinea-Bissau
1688,George Harris,knappjennifer@example.net,2025-01-24,organic,Swaziland
1689,Xavier Park,alvarezsarah@example.com,2025-06-29,social,Guam
1690,Elizabeth Bailey,dixonchad@example.com,2025-12-21,social,Dominican Republic
1691,Brooke Best,erikosborne@example.net,2024-08-23,paid_search,Cyprus
1692,Jaime Wise,karaanderson@example.com,2025-05-27,email,Gabon
1693,Jeremy Hayes,jerry45@example.net,2025-07-26,organic,Haiti
1694,Ryan Hernandez,qcantu@example.com,2025-11-15,paid_search,Germany
1695,Noah Jimenez,rodriguezalfred@example.org,2024-12-28,organic,Japan
1696,Marisa Johnson,mendozaheather@example.org,2024-03-14,paid_search,Belgium
1697,Jane Gonzalez,seanellis@example.org,2025-02-10,paid_search,Cook Islands
1698,Mary Wilkins,jennifer95@example.net,2024-02-13,paid_search,Barbados
1699,Christian Mays,jasmine68@example.org,2025-03-22,direct,United States of America
1700,Keith Webster,morrisdenise@example.net,2024-01-20,email,Cambodia
1701,Alexa Combs,cindy56@example.net,2025-04-15,direct,Bouvet Island (Bouvetoya)
1702,Sandra Bowers,pfernandez@example.net,2024-03-20,organic,Vanuatu
1703,Jennifer Chung,reesemichelle@example.net,2024-11-16,organic,Central African Republic
1704,Jerry Barnett,david79@example.net,2025-08-12,email,Korea
1705,Keith Davis,haileyherrera@example.net,2025-03-15,organic,United Arab Emirates
1706,Matthew Weiss,kmiller@example.com,2025-08-10,paid_search,Antigua and Barbuda
1707,Anthony Alexander,samanthamccarty@example.com,2025-02-18,social,Antigua and Barbuda
1708,Lori Fitzgerald,osmith@example.org,2025-12-27,paid_search,Ireland
1709,Cody Myers,brendamills@example.net,2025-10-17,social,Argentina
1710,Kimberly Spencer,kevin41@example.net,2025-03-03,social,Comoros
1711,Patricia Harris,stephanie71@example.net,2024-10-23,paid_search,Iceland
1712,Barbara Ritter,morenojacob@example.com,2024-04-27,paid_search,Djibouti
1713,Phillip Gonzales,alexismoreno@example.com,2025-02-18,social,Turkey
1714,Kimberly Moore,alexis18@example.net,2024-01-22,organic,Lesotho
1715,Kelsey Hayden,summersjohn@example.net,2024-11-28,paid_search,Namibia
1716,Dominic Hill,andersonsherri@example.org,2024-06-24,direct,Uzbekistan
1717,Susan Werner,rebecca50@example.com,2025-09-24,paid_search,Saint Helena
1718,Grace Russo,cochrangeorge@example.com,2025-04-16,social,Kiribati
1719,Mark Collins,dawn91@example.org,2025-12-07,direct,Iraq
1720,Elizabeth Miller,ecollins@example.org,2025-01-05,paid_search,Holy See (Vatican City State)
1721,Kevin Warner,susan24@example.org,2024-03-31,paid_search,Taiwan
1722,Jimmy Perry,whitedale@example.org,2025-03-23,paid_search,Italy
1723,Michael Adams,uarnold@example.org,2024-04-18,organic,Chad
1724,Bethany Murphy,cookbeth@example.net,2024-09-06,paid_search,Japan
1725,Erik Proctor,bherrera@example.net,2025-03-22,social,Seychelles
1726,Jessica Odonnell,atkinscrystal@example.org,2025-08-26,paid_search,Papua New Guinea
1727,Roberto Woodward,lisaestrada@example.com,2025-02-14,email,Iran
1728,Shawn Garcia,toddpayne@example.org,2025-06-20,direct,Qatar
1729,David Wells,zrivas@example.com,2024-03-21,referral,Seychelles
1730,Mark Washington,catherineowen@example.net,2025-02-09,social,Palau
1731,Suzanne Thompson,ericthomas@example.net,2024-11-13,organic,Saudi Arabia
1732,Greg Palmer,egarcia@example.com,2024-12-13,social,Turkey
1733,Jillian Brown,mvilla@example.org,2024-08-14,email,Slovakia (Slovak Republic)
1734,Kenneth Klein,gainessteve@example.com,2024-12-07,organic,Armenia
1735,Christina Ashley,inguyen@example.net,2024-06-21,paid_search,Saint Lucia
1736,Lori Martinez,pwelch@example.org,2024-03-19,referral,South Africa
1737,Alexander Patrick,anthonylee@example.net,2025-06-06,organic,French Southern Territories
1738,Helen Williamson,diane90@example.org,2025-10-10,paid_search,United Arab Emirates
1739,Robert Jacobs,hermanmadison@example.com,2024-04-26,organic,Ethiopia
1740,Regina Sims,khicks@example.com,2025-06-27,organic,Montserrat
1741,Jaime Long,carranna@example.net,2025-06-06,referral,Falkland Islands (Malvinas)
1742,Melinda Baker,stewartnicole@example.net,2024-07-17,social,Saint Barthelemy
1743,Jerry Johnson,meyerscrystal@example.org,2024-12-23,social,Cape Verde
1744,William Cummings,burnettjane@example.com,2024-12-25,paid_search,Isle of Man
1745,Jessica Dean,misty47@example.com,2025-10-22,organic,Malaysia
1746,Matthew Edwards,andrew05@example.net,2024-05-31,organic,French Southern Territories
1747,Jonathan Barber,jacob19@example.org,2024-08-29,paid_search,Austria
1748,Michael Rodriguez,christopherhall@example.net,2024-04-15,paid_search,Moldova
1749,Robert Herrera,uflynn@example.org,2024-05-29,social,Kiribati
1750,Bruce Hanson,brianjohnson@example.org,2024-09-19,paid_search,Tonga
1751,Kathleen Rivers,robbinsadam@example.com,2024-07-21,email,Kyrgyz Republic
1752,Brian Thomas,colefox@example.com,2024-06-26,paid_search,Bosnia and Herzegovina
1753,Colin Fox,kerryclark@example.com,2025-09-08,paid_search,Saint Lucia
1754,Amanda Reyes,megan56@example.com,2024-06-05,paid_search,Hungary
1755,Virginia Harris,basspatrick@example.net,2025-11-02,direct,Bosnia and Herzegovina
1756,Brian Price,ashleynguyen@example.org,2024-03-18,referral,Senegal
1757,Mark Haley,istevenson@example.net,2024-06-30,direct,Anguilla
1758,Tracy Stewart,larrygarza@example.org,2025-10-05,organic,Guinea
1759,Megan Ballard,huffscott@example.com,2025-05-20,paid_search,Australia
1760,Hailey Wright,christopher70@example.org,2025-04-20,email,Uganda
1761,Chelsey Calderon,jennifergoodwin@example.com,2025-07-31,organic,American Samoa
1762,Michael Lee,irwinmatthew@example.net,2025-08-16,referral,Tokelau
1763,Nancy George,martinezrachel@example.net,2025-04-04,paid_search,Cameroon
1764,Taylor Johnson,jamie61@example.com,2025-11-28,,Trinidad and Tobago
1765,Evelyn Thomas,alexander47@example.org,2025-08-01,paid_search,Mexico
1766,Michele Wallace,lindsey60@example.com,2025-10-20,organic,Uzbekistan
1767,Joe Greer,hodgesrodney@example.com,2025-10-12,social,Estonia
1768,Christopher Bailey,melissamills@example.com,2025-10-01,organic,Eritrea
1769,Brandon Wong,glee@example.org,2024-11-26,organic,Guatemala
1770,John Whitehead,jeffrey17@example.org,2025-10-04,organic,Svalbard & Jan Mayen Islands
1771,Paul Boyle,hernandezmatthew@example.org,2024-11-19,organic,Chile
1772,Melissa Durham,philipmoore@example.com,2024-06-03,social,Tajikistan
1773,Wyatt Moore,donaldsonmichael@example.com,2025-03-26,referral,Canada
1774,Robert Mckee,stevenellis@example.com,2024-03-10,direct,Madagascar
1775,Valerie Barnes,pflores@example.com,2025-04-25,social,Monaco
1776,Shawn Long,mathewperez@example.org,2025-03-28,organic,El Salvador
1777,David Barnes,michaelkristin@example.org,2025-10-08,social,Guinea-Bissau
1778,Randall Sims,michaelrodriguez@example.net,2024-11-06,organic,American Samoa
1779,Rebecca Powell,gali@example.net,2024-10-08,paid_search,British Virgin Islands
1780,Willie Johnson,ashleyfuentes@example.net,2025-08-28,referral,Tuvalu
1781,Kaitlyn Vasquez,fburgess@example.org,2024-02-27,paid_search,British Virgin Islands
1782,Brian Coleman,michael74@example.org,2024-12-26,direct,Israel
1783,Susan Griffith,alejandro93@example.net,2025-06-03,organic,Russian Federation
1784,Mitchell Price,davidnewman@example.org,2024-03-16,social,Morocco
1785,Eric Hansen,eddieburnett@example.com,2024-11-13,social,Cameroon
1786,Miss Alicia Webb,brittanydavidson@example.com,2025-04-17,referral,Pakistan
1787,Kevin Hatfield,ipowell@example.org,2025-04-07,social,New Zealand
1788,Ryan Butler,gonzalezshawn@example.net,2024-02-08,social,Lebanon
1789,Melissa Haynes,ujefferson@example.org,2024-02-28,paid_search,Angola
1790,Michael Turner,montgomerythomas@example.org,2025-01-12,email,Romania
1791,Sarah Malone,daniel69@example.com,2024-10-20,paid_search,Romania
1792,Jessica Lee,millsannette@example.org,2024-03-19,social,Tonga
1793,Kimberly Smith,daniellesingh@example.org,2025-10-22,email,Palau
1794,Ryan Houston,doylericky@example.net,2024-04-02,social,Niue
1795,Renee Young,christine03@example.org,2025-09-21,paid_search,Holy See (Vatican City State)
1796,William Jackson,chadbutler@example.net,2025-08-31,paid_search,Romania
1797,Darryl Summers,andrea03@example.com,2025-06-03,social,Puerto Rico
1798,Stephen Ramos,mark82@example.net,2025-01-28,paid_search,Guernsey
1799,Bethany Sutton,luis08@example.org,2025-04-18,paid_search,Croatia
1800,Victoria Edwards,fwilliams@example.org,2025-08-17,paid_search,India
1801,Isaac Vargas,hallkeith@example.net,2025-07-21,direct,Brunei Darussalam
1802,Gregory Miller,hclark@example.org,2024-02-12,,Monaco
1803,Jacqueline Mcgee,fadams@example.com,2025-04-05,organic,Switzerland
1804,Derek Wilson,joshua86@example.org,2025-08-08,paid_search,Costa Rica
1805,Brandon Olson,arthur47@example.org,2025-10-29,organic,Bangladesh
1806,Angela Hensley,paulkenneth@example.org,2024-07-11,social,Sudan
1807,Jordan Thompson,brendajennings@example.org,2024-11-25,social,Mayotte
1808,Shelby Jacobs,whunter@example.net,2025-09-11,paid_search,Syrian Arab Republic
1809,Kimberly Olson,hardingkathy@example.net,2025-05-02,paid_search,American Samoa
1810,Brandon Contreras,kristina47@example.org,2025-05-28,paid_search,Congo
1811,Kelsey King,qdonaldson@example.com,2024-06-03,social,Saint Vincent and the Grenadines
1812,Jennifer Cowan,yangleon@example.org,2024-03-04,social,San Marino
1813,David Wilson,nwalton@example.net,2025-04-06,paid_search,Rwanda
1814,Cheryl Hoover,ztaylor@example.net,2024-04-15,paid_search,Northern Mariana Islands
1815,Louis Rogers,gomezjamie@example.net,2024-12-17,paid_search,Palau
1816,Michael Cole,jasonbrooks@example.net,2024-03-27,direct,Myanmar
1817,Bryce Boyer,inorton@example.com,2025-05-31,paid_search,Thailand
1818,Andrea Spencer,gwendolynschneider@example.org,2025-10-23,,Saint Pierre and Miquelon
1819,Phillip Ballard,mallory47@example.org,2024-06-25,social,Cook Islands
1820,Stacy Sanchez,michael28@example.org,2024-02-10,organic,Martinique
1821,Paula Joyce,mcguiretyler@example.com,2024-09-10,paid_search,Argentina
1822,Victoria Williams,brookslisa@example.net,2025-12-25,paid_search,Saint Helena
1823,Tracy Johnson,bchurch@example.com,2025-03-24,social,Japan
1824,Joshua Patterson,matthew36@example.net,2025-03-25,social,Finland
1825,Jesse Leonard,dunnvictoria@example.com,2025-06-20,social,Bolivia
1826,Andrew Washington,tracy20@example.org,2025-06-19,email,Belize
1827,Connie Gutierrez,cortezashley@example.org,2025-09-16,paid_search,Heard Island and McDonald Islands
1828,Dr. Kara Brooks,larsenchristina@example.com,2024-06-11,direct,Germany
1829,Scott Ward,cartershawn@example.org,2025-01-07,social,Turkmenistan
1830,Dr. Taylor Ferguson,gonzalezandrew@example.com,2025-01-16,paid_search,Guam
1831,Lisa Lyons,daniel16@example.com,2024-10-16,direct,Turkmenistan
1832,Nichole Atkins,jamie31@example.com,2025-01-31,social,Ethiopia
1833,Wesley Scott,igutierrez@example.org,2025-02-22,email,Saint Kitts and Nevis
1834,Vanessa Copeland,qthomas@example.com,2024-12-12,social,Sudan
1835,Eric Cooper,martinezkatrina@example.org,2025-11-26,referral,Micronesia
1836,William Pace,jaimegonzalez@example.net,2025-09-04,social,Turkey
1837,Ryan Moore,cthomas@example.com,2024-02-23,paid_search,Netherlands Antilles
1838,Tanner Carroll,bonniegonzales@example.org,2025-10-08,organic,Guinea
1839,Sheri Jones,troth@example.org,2025-10-24,direct,Martinique
1840,Nicole Brown,jennifer55@example.org,2024-12-08,paid_search,Albania
1841,Christopher Ortiz,mary39@example.com,2024-03-08,organic,Papua New Guinea
1842,Gregory Martinez Jr.,maryhill@example.net,2024-12-03,organic,Costa Rica
1843,Michael Joseph,nicholas90@example.org,2024-04-06,organic,Niger
1844,Michael Clark,debrawilliams@example.com,2025-07-25,social,Russian Federation
1845,James Moore,millscharles@example.org,2025-11-25,direct,Congo
1846,Faith Malone,uwiley@example.net,2025-01-30,paid_search,Somalia
1847,Luis Jackson MD,rgray@example.net,2024-10-17,paid_search,Chad
1848,Melissa Vaughn,matthew78@example.com,2024-09-15,paid_search,Nepal
1849,Nathan Glenn,ycarr@example.org,2025-11-03,referral,Cayman Islands
1850,Brandon Lowe,alexandra61@example.com,2025-09-09,social,Germany
1851,Kenneth Bryant,martinezadam@example.com,2024-06-02,paid_search,Zambia
1852,David Campbell,jessicamejia@example.com,2024-12-07,referral,Nigeria
1853,Michael Rivera,herbert57@example.com,2024-03-24,referral,Benin
1854,Amy Thompson,thomasmonica@example.org,2025-08-19,referral,Wallis and Futuna
1855,Shawn Francis,obrown@example.com,2025-11-10,direct,Belgium
1856,Dennis Diaz,xharmon@example.net,2024-05-24,paid_search,Bosnia and Herzegovina
1857,Michael White,lisa34@example.com,2024-12-24,social,Turkey
1858,Teresa Perkins,paul38@example.org,2024-11-13,organic,Iran
1859,Jacqueline Bennett,joshuahill@example.com,2025-11-02,referral,Malaysia
1860,Julie Figueroa,jrobbins@example.net,2025-12-16,social,Switzerland
1861,Gregory Shaw,lisagarcia@example.net,2025-11-09,social,Cuba
1862,Michelle Perez,usaunders@example.com,2025-02-05,social,Nicaragua
1863,Jeffrey Smith,donna89@example.net,2024-05-12,paid_search,Antigua and Barbuda
1864,Angela Young,davidromero@example.net,2025-09-01,email,Eritrea
1865,Steven Guerrero,gcooper@example.net,2025-12-26,direct,Mauritania
1866,Mark Bennett,benjamin53@example.com,2024-03-27,direct,Bahrain
1867,Erik Skinner,eric40@example.org,2024-11-13,paid_search,Malawi
1868,Deborah Hoover,mooretiffany@example.net,2025-07-26,paid_search,Djibouti
1869,Timothy Palmer,lisa71@example.net,2025-01-20,paid_search,Slovenia
1870,James Palmer,saralee@example.org,2025-10-20,social,China
1871,Lisa Scott,huntercharles@example.com,2024-12-02,referral,Faroe Islands
1872,Shannon Odonnell,lozanobrandi@example.net,2024-05-10,paid_search,Jersey
1873,Jordan Hubbard DDS,zachary45@example.org,2025-11-17,email,Togo
1874,Jessica Thompson,melanie61@example.org,2025-12-20,referral,Timor-Leste
1875,Antonio Klein,toni64@example.org,2025-12-02,social,Trinidad and Tobago
1876,Terry Sanchez,johnsonamy@example.com,2025-06-23,email,Bahamas
1877,Jacqueline Taylor,lgarcia@example.net,2024-04-05,email,Belarus
1878,John Ayers,stacywilliams@example.com,2025-10-23,email,Mauritania
1879,Danielle Ponce,zfaulkner@example.com,2025-11-17,paid_search,Turks and Caicos Islands
1880,Kevin Collins,cynthia05@example.org,2025-03-09,email,Costa Rica
1881,Elizabeth Campos,johnsonkimberly@example.net,2025-06-04,social,Swaziland
1882,Amanda Brown,johnsonmary@example.org,2025-01-05,referral,Venezuela
1883,Jeremy Allen,billyellis@example.com,2024-01-19,social,Uzbekistan
1884,David Mccall,smithdebra@example.com,2025-01-06,social,Cuba
1885,Dorothy White,crawfordkatherine@example.net,2024-11-12,paid_search,Turks and Caicos Islands
1886,Mark Miller,andrea91@example.org,2024-07-03,organic,Kazakhstan
1887,Robert Parker,rebeccakaufman@example.net,2024-08-07,paid_search,Lebanon
1888,Keith Thornton,donna84@example.com,2024-12-15,paid_search,Cayman Islands
1889,Michael Turner,ascott@example.org,2025-05-12,social,Syrian Arab Republic
1890,Lisa Luna,rioschristine@example.org,2024-07-15,direct,United Arab Emirates
1891,Daisy Gonzalez,karengriffin@example.com,2024-08-19,paid_search,South Georgia and the South Sandwich Islands
1892,Joshua Simon,julie33@example.com,2024-05-20,organic,United States Minor Outlying Islands
1893,Michelle Stuart,malonediana@example.net,2024-06-07,referral,Burundi
1894,Lori Ramirez,yfletcher@example.com,2024-03-20,paid_search,Uruguay
1895,Charles Jackson,veronica19@example.com,2024-10-29,email,Fiji
1896,Joseph Dudley,ashleyriddle@example.com,2024-04-13,social,Georgia
1897,Elizabeth Riley,zwashington@example.com,2025-06-03,social,Micronesia
1898,Scott Perez,wernerdonna@example.org,2025-07-06,paid_search,Aruba
1899,Chelsea Ford,justin37@example.com,2025-06-23,organic,Bulgaria
1900,Mr. Jordan Joyce,nguyenelizabeth@example.com,2024-02-08,social,Solomon Islands
1901,Clinton Vasquez,gonzalezcole@example.org,2025-11-08,email,Martinique
1902,Philip Stevens,qwoodard@example.org,2024-12-10,paid_search,Djibouti
1903,Kimberly Mercado,farleysarah@example.org,2025-09-24,social,Ghana
1904,Amber Robinson,sherman@example.net,2024-05-14,paid_search,Timor-Leste
1905,Steven Jordan,laura44@example.com,2025-09-03,social,France
1906,Rodney Ramsey,harrisdale@example.org,2025-01-20,paid_search,Mauritius
1907,John Tran,jameskelly@example.net,2024-06-06,direct,Zambia
1908,Robert Johnson,rhogan@example.net,2024-06-15,organic,Kiribati
1909,Cassandra Noble,eric90@example.org,2024-07-04,organic,Estonia
1910,Scott Moore,lharris@example.net,2025-12-10,paid_search,El Salvador
1911,Alexandra Wright,carrie61@example.org,2025-10-01,organic,North Macedonia
1912,Timothy Adams,timothy48@example.net,2024-06-18,referral,Serbia
1913,George Jimenez,churst@example.net,2025-03-24,direct,Equatorial Guinea
1914,Carolyn Sanchez,wtaylor@example.org,2024-02-14,organic,France
1915,Christina Hudson MD,villarrealjustin@example.net,2025-02-24,organic,Barbados
1916,Jamie Vega,jsmith@example.net,2025-01-08,social,Dominica
1917,Ricky Wallace,christophercompton@example.net,2025-11-23,referral,Italy
1918,Ashley Medina,mryan@example.org,2024-08-31,email,Afghanistan
1919,Jeffrey Sampson,westsherri@example.net,2025-03-30,organic,Malawi
1920,Autumn Carey,reeveslarry@example.com,2025-09-17,organic,Burundi
1921,David Doyle,halltravis@example.net,2024-10-18,social,Saint Kitts and Nevis
1922,Timothy Evans,efrost@example.com,2025-04-04,paid_search,Malawi
1923,Eric Gray,heather72@example.net,2024-08-27,social,Guernsey
1924,Antonio Stephens,traviswilliamson@example.com,2025-06-30,organic,Guernsey
1925,Noah Johnson,gregoryjohnson@example.org,2024-09-01,social,American Samoa
1926,Garrett Clark,jamesphelps@example.org,2024-11-12,paid_search,Micronesia
1927,Jeffery Nichols,stantonwilliam@example.net,2025-04-25,email,Mauritania
1928,Bradley Anderson,samantha17@example.net,2024-07-17,organic,Nicaragua
1929,Shannon Bernard,robinsonamanda@example.org,2025-01-11,social,Cape Verde
1930,Deborah Anthony,mcclurebarbara@example.org,2025-11-25,paid_search,United Kingdom
1931,William Mitchell,stephanie73@example.com,2025-08-07,email,Eritrea
1932,Jason Wells,andrew74@example.com,2025-03-27,email,Spain
1933,Stephanie Smith,oabbott@example.com,2025-04-17,email,Congo
1934,Mrs. Ashley Jones,williamsdana@example.net,2024-10-15,social,Faroe Islands
1935,Janet Davis,cynthiarhodes@example.com,2025-01-26,social,Chile
1936,Tammy Parker,melissa07@example.org,2025-05-29,referral,Saudi Arabia
1937,Matthew Brown,markskristen@example.org,2025-06-24,paid_search,Cook Islands
1938,Edward Dunn,emily74@example.net,2025-03-04,referral,Bulgaria
1939,Deanna Gonzalez,bryan64@example.net,2024-06-14,organic,Bolivia
1940,Julie Love,jacquelinehouston@example.net,2024-07-23,paid_search,Jamaica
1941,Stephen Colon,julie61@example.com,2025-09-11,paid_search,Lithuania
1942,Scott Benson,lopezryan@example.net,2024-05-21,organic,Philippines
1943,Courtney Gonzalez,moralesangela@example.net,2024-09-13,social,Vietnam
1944,Gary Scott,jenkinsjose@example.org,2024-02-23,social,Slovakia (Slovak Republic)
1945,Joshua Reyes,tiffanyballard@example.net,2025-10-18,social,British Virgin Islands
1946,Kendra Bernard,gonzalezscott@example.net,2025-05-07,email,Denmark
1947,Norma Hall,chambersjohn@example.com,2025-01-15,organic,Guatemala
1948,Christopher Schultz,rwilliams@example.com,2025-07-21,paid_search,Bahamas
1949,Michael Schultz,douglaswilson@example.com,2024-04-15,organic,Mauritius
1950,Larry Jackson,elizabeth71@example.net,2025-12-29,organic,Sudan
1951,James Williams,calebmclaughlin@example.com,2025-06-12,paid_search,Mayotte
1952,Willie Alvarez,qbrown@example.com,2024-05-07,paid_search,Belize
1953,Scott Johnson,oramos@example.org,2024-10-18,email,Grenada
1954,Andrew Harper,umcintosh@example.org,2024-03-26,social,Saint Lucia
1955,Lisa White,diana84@example.net,2024-06-13,direct,Northern Mariana Islands
1956,Vicki Green MD,ashley50@example.org,2024-10-06,direct,Lebanon
1957,Natasha Long,shafferwarren@example.net,2025-04-05,social,Panama
1958,David Spencer,donald95@example.net,2025-06-09,organic,Egypt
1959,Allen Richard,thompsonlindsey@example.org,2024-05-30,social,Saint Vincent and the Grenadines
1960,Taylor Scott,adrianyoung@example.com,2025-03-23,social,Tokelau
1961,Daniel Lane,hjacobs@example.net,2024-04-03,paid_search,Martinique
1962,Jeffrey Coffey,rrobbins@example.com,2024-08-15,organic,Trinidad and Tobago
1963,Jeffrey Wagner,robert48@example.net,2025-04-06,referral,Nicaragua
1964,Nicholas Torres,browntamara@example.org,2024-12-23,organic,Congo
1965,Jonathan Goodman,andersonbarbara@example.net,2024-01-28,email,Bahrain
1966,Isaiah Davis,hubbardalexander@example.org,2025-02-28,email,Honduras
1967,Johnathan Nguyen,martinmason@example.net,2024-02-24,paid_search,Tokelau
1968,David Barker,jeremy60@example.net,2025-02-09,organic,Spain
1969,Stephanie Smith,qwhite@example.com,2025-05-29,organic,Thailand
1970,Tracy Strickland,brooksanna@example.org,2025-01-17,paid_search,Bouvet Island (Bouvetoya)
1971,Walter Collins,jensenellen@example.net,2024-08-29,paid_search,Lebanon
1972,Jesse Sanchez,mandy82@example.net,2025-01-30,referral,Iran
1973,Brooke Glass,jessicabaldwin@example.net,2024-03-24,paid_search,Martinique
1974,Michelle Webb,mark85@example.com,2025-01-18,email,Saudi Arabia
1975,Rhonda Boyd,qbennett@example.com,2024-08-17,paid_search,Suriname
1976,Laura White,gomezbilly@example.com,2024-01-29,direct,Dominican Republic
1977,Cassandra Yang,scottjoe@example.org,2024-11-22,paid_search,Colombia
1978,Sarah Gonzalez,cynthia39@example.org,2024-04-11,organic,Zimbabwe
1979,Kevin Baker,charlesmyers@example.com,2025-10-27,referral,Sweden
1980,Joseph Brown,landryderek@example.org,2024-12-09,referral,Panama
1981,Marcus Winters,bflowers@example.com,2024-05-29,paid_search,Turkmenistan
1982,Elizabeth Lee,john75@example.net,2024-05-20,referral,Samoa
1983,Brad Simmons,fmoore@example.net,2024-02-09,organic,Faroe Islands
1984,Tonya Gross,cartersean@example.com,2024-10-20,organic,Norway
1985,Taylor Franco,pam99@example.com,2025-04-28,paid_search,Namibia
1986,Kyle Smith,thompsonmark@example.com,2025-12-13,paid_search,Vietnam
1987,Katherine Cunningham,snyderkelly@example.org,2024-05-22,social,Sudan
1988,Lindsay Lewis,smithabigail@example.com,2025-12-23,organic,Solomon Islands
1989,Patricia Mueller,hcoleman@example.com,2025-04-25,organic,Indonesia
1990,Jesus Shah,sara41@example.org,2025-04-04,social,Namibia
1991,Stephanie Reyes,turnerana@example.com,2025-09-22,social,Suriname
1992,Jose Ward,barnettaaron@example.net,2024-01-06,paid_search,Turkey
1993,Angela Newman,xkim@example.org,2024-03-22,social,Czech Republic
1994,Erica Brown,scottcaroline@example.org,2024-01-20,paid_search,Taiwan
1995,Mr. Jeffrey Frank,williebauer@example.org,2024-09-19,social,Oman
1996,Rachel Wu,rogerreeves@example.net,2024-08-08,social,French Southern Territories
1997,Robert Choi,howardsarah@example.org,2024-06-02,direct,Denmark
1998,Michelle Larson,cheryllopez@example.com,2025-07-15,paid_search,Bahamas
1999,Jodi Myers,krystalharper@example.com,2025-09-15,paid_search,Macao
2000,Jennifer Yates,nathaniel28@example.org,2025-06-24,paid_search,Cyprus
2001,Richard Bradford,xjones@example.org,2025-03-09,paid_search,Angola
2002,Lawrence Sullivan,nicholas64@example.net,2024-04-23,paid_search,Kuwait
2003,Claudia Thompson,jarvisnicole@example.com,2024-10-22,direct,Anguilla
2004,Paige West,qking@example.net,2024-08-31,paid_search,Guatemala
2005,Kyle Henry,garciaashley@example.com,2024-11-04,paid_search,Jordan
2006,Elizabeth Cooper,brentmiller@example.com,2024-05-04,social,Nauru
2007,Michele Webb,qmiller@example.org,2024-02-18,organic,Japan
2008,Zachary Brown MD,elizabethmason@example.com,2024-09-01,social,Maldives
2009,Alexis Ramos,christina39@example.com,2025-03-05,paid_search,Mauritius
2010,Mr. Trevor Kim,djones@example.org,2025-10-16,organic,Nauru
2011,Brett Flores,parksnicole@example.org,2025-09-29,paid_search,Liberia
2012,Jamie Gray,sanderscourtney@example.com,2025-04-13,paid_search,San Marino
2013,William Caldwell,schultzteresa@example.org,2024-03-05,direct,Solomon Islands
2014,Carrie Zavala,ucoleman@example.com,2024-04-23,paid_search,Kyrgyz Republic
2015,Randy Miles,jennifer18@example.com,2025-05-26,email,Bahamas
2016,Stacy Anderson,thomasscott@example.org,2025-09-03,organic,Armenia
2017,Jeremy Francis,charles61@example.org,2025-07-02,organic,Netherlands Antilles
2018,Tammy Jenkins,emma68@example.org,2024-01-17,referral,Greenland
2019,Steven Monroe,matthewcarter@example.com,2025-10-09,paid_search,Tonga
2020,Brian Williams,berryjohn@example.net,2025-06-11,social,Brazil
2021,Mr. John Rivera,katherine36@example.net,2025-08-11,direct,Malawi
2022,Barbara Ward,anna10@example.com,2024-09-04,email,Uzbekistan
2023,Marissa Brown,chris32@example.net,2024-05-27,direct,Austria
2024,Lauren Franco,willisbrianna@example.net,2024-10-25,paid_search,Micronesia
2025,Michael Hayes,miguelgonzalez@example.com,2025-03-15,organic,Bangladesh
2026,Kevin Ramsey,ssmith@example.org,2024-01-02,paid_search,Saint Vincent and the Grenadines
2027,Erica Parker,melissa02@example.com,2025-09-21,social,Yemen
2028,Alexander Ross,shannonwebb@example.com,2024-12-27,direct,Pakistan
2029,Erin Herrera,michaellee@example.com,2024-09-03,paid_search,Palau
2030,Lynn Nelson,esanchez@example.net,2025-08-07,social,Cote d'Ivoire
2031,Heather Price,toniturner@example.com,2025-03-02,paid_search,Congo
2032,Sharon Petersen,benjaminashley@example.com,2024-07-10,email,Ireland
2033,Robert Shaffer,sweeneyteresa@example.org,2025-11-11,organic,Cote d'Ivoire
2034,Mary Duran,imitchell@example.org,2025-11-15,direct,Jamaica
2035,James Davis,marcuslong@example.net,2024-03-28,social,Comoros
2036,Megan Gonzalez,kristina85@example.org,2025-06-20,organic,Portugal
2037,Emily Burch,zcox@example.net,2025-01-04,paid_search,Namibia
2038,Blake Benson,markpittman@example.net,2024-03-10,paid_search,Venezuela
2039,Grant Rodriguez,jessicafry@example.com,2025-06-22,paid_search,British Indian Ocean Territory (Chagos Archipelago)
2040,Kristine Ramirez,fkelly@example.com,2025-07-11,paid_search,American Samoa
2041,Briana Chambers,zfreeman@example.org,2025-06-03,referral,Monaco
2042,Cameron Soto,poncemichelle@example.net,2025-06-03,email,Ecuador
2043,Fernando Allen,dicksonmichael@example.org,2025-07-21,email,Tunisia
2044,Trevor Lloyd,tuckerbrian@example.com,2024-01-21,paid_search,Saint Vincent and the Grenadines
2045,Dawn Avila,michaelguerra@example.org,2025-02-03,referral,Albania
2046,Craig Poole,pruittjessica@example.net,2025-04-26,social,Nepal
2047,Christine Huffman,george94@example.net,2024-02-14,paid_search,Kyrgyz Republic
2048,Michael Williams,esaunders@example.com,2025-10-12,social,Syrian Arab Republic
2049,Christie Hawkins,jamie81@example.net,2025-01-31,email,Thailand
2050,Victoria Mckinney,ncarr@example.com,2025-01-17,paid_search,Netherlands
2051,Luis Hughes,markbaker@example.com,2024-09-16,organic,Saint Barthelemy
2052,Daniel Frye,ggomez@example.com,2024-01-17,organic,Tokelau
2053,Jennifer Castaneda,triciaschmidt@example.com,2024-12-31,paid_search,Switzerland
2054,Regina Hudson,gwalker@example.net,2024-03-10,direct,Micronesia
2055,Philip Bird,carlos27@example.net,2024-12-19,referral,Suriname
2056,Tyler Pena,angelaleon@example.net,2024-09-03,social,Chad
2057,Margaret Barajas,youngbenjamin@example.org,2025-11-03,organic,Paraguay
2058,Tammy Bailey,aleon@example.com,2025-10-05,organic,Antarctica (the territory South of 60 deg S)
2059,Alexander King,hillrobert@example.com,2024-04-16,social,Turkey
2060,Donald West,steven89@example.com,2025-08-18,email,Brunei Darussalam
2061,Shawn Martinez,kennedyjay@example.com,2024-12-06,paid_search,Qatar
2062,Jeremy Farrell,gbryant@example.org,2024-05-16,email,Korea
2063,Kevin Green,ericcook@example.net,2024-02-15,referral,Namibia
2064,Pamela Rodriguez,michael39@example.org,2024-12-26,organic,United States Virgin Islands
2065,Briana Sparks,gdavis@example.org,2025-07-13,paid_search,Seychelles
2066,Jack Hess,jacqueline19@example.com,2024-12-12,social,Bermuda
2067,Kathleen Davis,jim34@example.org,2025-10-20,paid_search,Bahrain
2068,Teresa Gray,gregglopez@example.org,2024-06-28,paid_search,Kuwait
2069,Jacob Moore,xyoung@example.net,2025-12-02,paid_search,Mauritius
2070,Ryan Taylor Jr.,lmartinez@example.org,2025-04-20,organic,Denmark
2071,Jason Haley,david84@example.org,2025-12-13,social,Tokelau
2072,Hayden Macdonald,patricia09@example.org,2025-05-05,email,Micronesia
2073,William Miller,swilkinson@example.org,2025-10-08,paid_search,Germany
2074,Timothy West,scott38@example.com,2024-07-05,referral,Sri Lanka
2075,Michael Collins,martinryan@example.org,2024-05-18,referral,New Caledonia
2076,Carlos Henderson,bwilliams@example.com,2024-03-05,referral,Cuba
2077,Jose Thomas,ksmith@example.org,2025-04-13,paid_search,Cayman Islands
2078,Eric Bautista,matthew23@example.org,2024-02-07,organic,Moldova
2079,Maria Garrett,marieduncan@example.com,2024-10-27,direct,Saint Helena
2080,Christopher Brown,clarkkathryn@example.net,2024-07-25,social,Taiwan
2081,Dana Anderson,imorales@example.org,2024-02-14,paid_search,Aruba
2082,Laura Perry,stanleymichael@example.org,2024-07-23,paid_search,Angola
2083,Kenneth Fleming,vgill@example.org,2024-02-12,organic,North Macedonia
2084,Adrienne Martinez,bennettcaitlin@example.com,2024-11-19,,Chile
2085,Rachel Davis,cervantestanya@example.org,2024-11-13,email,Guyana
2086,Cole Lutz,mcknightallison@example.org,2025-06-11,organic,Greece
2087,Ana Howe,gomezdaniel@example.com,2025-02-11,paid_search,Guinea-Bissau
2088,Troy Lee,ibryant@example.net,2025-07-10,social,Kazakhstan
2089,Erin George,cpatel@example.net,2025-04-29,referral,Mauritius
2090,Natalie Garza,fharvey@example.org,2024-09-16,organic,Palestinian Territory
2091,Bryan Pitts,christinahorn@example.com,2024-02-07,social,Colombia
2092,Jonathan Weber,jeffreyosborne@example.com,2025-10-24,direct,Monaco
2093,Todd Anderson,annette69@example.org,2024-07-14,paid_search,Slovenia
2094,Leslie Rodriguez,villarrealmelissa@example.com,2024-10-19,email,Syrian Arab Republic
2095,Stephanie Chavez,jenniferhickman@example.org,2024-12-31,paid_search,Palau
2096,Amber Rowe,klewis@example.org,2024-02-18,social,Switzerland
2097,Tracy Jackson,madisonbyrd@example.net,2025-11-02,email,Hong Kong
2098,Jacob Hull,richard17@example.net,2024-12-05,social,Kyrgyz Republic
2099,Ronald Shelton,oallen@example.com,2024-10-06,social,Andorra
2100,Adam Finley,snyderjose@example.org,2024-05-07,organic,Djibouti
2101,Michael Lopez,khenry@example.org,2025-01-11,direct,Guernsey
2102,Beth Chandler MD,katie58@example.org,2025-03-23,email,Saint Kitts and Nevis
2103,Gabrielle Aguilar,weberheather@example.com,2025-02-13,paid_search,Northern Mariana Islands
2104,Katherine Flores,qgibson@example.net,2025-03-26,social,Japan
2105,Justin Edwards,brownrichard@example.net,2025-01-30,social,Bosnia and Herzegovina
2106,Erica Rodriguez,dwolf@example.org,2024-12-13,organic,Kiribati
2107,Michael Thornton,kristine44@example.org,2024-07-10,referral,Mozambique
2108,James Clay,zacharyfigueroa@example.org,2025-05-23,direct,Dominican Republic
2109,Mary Cunningham,christopherharrison@example.org,2025-12-09,paid_search,Cape Verde
2110,David Munoz,castroscott@example.net,2025-05-24,direct,Indonesia
2111,Melissa Carter,jamesdaniels@example.net,2025-01-11,paid_search,Isle of Man
2112,Caitlin Smith,craig56@example.org,2025-06-15,,Lithuania
2113,Amanda Gonzalez,tiffanyrodriguez@example.org,2024-09-30,paid_search,Burundi
2114,Chloe Oliver,bryanbrent@example.com,2024-03-25,,Kuwait
2115,Susan Davis,garrettjames@example.com,2025-03-10,social,North Macedonia
2116,Joshua Navarro,cynthiamendoza@example.org,2024-03-21,paid_search,Djibouti
2117,Timothy Norman,noahsmith@example.org,2025-03-16,organic,Uganda
2118,Emily Stone,acopeland@example.com,2025-09-08,social,Cyprus
2119,Alexander Alexander,brownelizabeth@example.org,2024-07-03,paid_search,Sri Lanka
2120,Erin Buck,alewis@example.com,2025-07-12,referral,Christmas Island
2121,Amy Williams,pdavies@example.com,2024-10-27,referral,Myanmar
2122,Matthew Mack,kingnicholas@example.org,2024-11-24,email,Angola
2123,Alison Quinn,brandyflores@example.net,2024-04-15,direct,Bhutan
2124,Dennis Williams,kortiz@example.org,2024-03-22,organic,Tunisia
2125,Garrett Morris,pbailey@example.com,2024-12-01,direct,Western Sahara
2126,Curtis Aguilar,kennethmurray@example.org,2025-11-07,social,Nicaragua
2127,Todd Taylor,gpeterson@example.net,2024-10-29,social,Aruba
2128,Samantha Mcdaniel,terrischwartz@example.com,2024-11-09,paid_search,Pitcairn Islands
2129,Margaret Foster,qhoward@example.net,2025-04-01,referral,Mozambique
2130,Darryl Williams,justin64@example.org,2025-09-09,organic,Botswana
2131,Gregory Mitchell,lhughes@example.org,2025-03-12,paid_search,Ethiopia
2132,Sherry Johnson,grayerika@example.com,2024-06-19,paid_search,Seychelles
2133,Matthew Mitchell,ismith@example.com,2025-12-07,email,Qatar
2134,Lee Hatfield,andersonpamela@example.net,2025-03-30,email,Guinea
2135,Janet Smith,jonathan56@example.net,2024-12-25,social,Samoa
2136,Kimberly Lopez,halldavid@example.net,2025-04-02,referral,Cambodia
2137,Carol Bush,robert33@example.com,2024-02-13,paid_search,Solomon Islands
2138,Sharon Thompson,nchapman@example.com,2024-12-27,social,Belize
2139,Adam Clark,ttaylor@example.com,2025-09-21,paid_search,Monaco
2140,Melinda Dixon,omendoza@example.org,2025-03-21,referral,Bahamas
2141,Joseph Campbell,bennettderek@example.net,2024-10-08,referral,Cyprus
2142,Richard Smith,rhonda28@example.net,2025-10-16,email,Georgia
2143,Dawn Duke,brenda03@example.net,2024-02-28,social,Afghanistan
2144,Kaylee Colon,fosterjesse@example.com,2024-03-17,organic,Philippines
2145,Matthew Schroeder,potterlinda@example.net,2025-11-18,,Bahamas
2146,Michelle Johnson,jenniferbrown@example.com,2025-10-14,referral,Ghana
2147,Scott Lewis,toddjones@example.net,2025-02-19,organic,Isle of Man
2148,Mrs. Tiffany Kelley,pbartlett@example.com,2025-01-07,organic,Cape Verde
2149,Kaylee Vang,tasha34@example.net,2025-06-09,organic,Belize
2150,Dr. Megan Davidson,anthonyboyle@example.com,2025-11-26,referral,Tunisia
2151,Timothy Andrews,yhester@example.org,2024-06-12,organic,Philippines
2152,Dennis Sweeney,zfinley@example.org,2024-02-01,paid_search,Christmas Island
2153,Michael Perez,waltersrebecca@example.com,2024-05-26,social,Gabon
2154,Christine Rivera,xalexander@example.org,2025-09-14,referral,Lao People's Democratic Republic
2155,Randy Bailey,kimberlyhancock@example.com,2025-11-25,paid_search,Faroe Islands
2156,Grace Rodriguez,mcknightmaria@example.com,2025-03-24,paid_search,Faroe Islands
2157,Omar Brown,erikajenkins@example.com,2024-02-05,paid_search,Tonga
2158,Brenda Petty,barkerjames@example.org,2024-05-09,organic,Benin
2159,Robin Adams,reedderek@example.net,2024-03-09,organic,Sudan
2160,Edward Sanchez,anthony75@example.net,2024-08-29,social,Ireland
2161,Amber Davis,zbrown@example.org,2025-10-22,social,Dominican Republic
2162,Dustin Ramsey,wallamber@example.com,2025-01-10,social,Philippines
2163,Jonathan Hernandez,harrisjames@example.net,2025-01-05,organic,Canada
2164,Ashlee Gonzalez,david26@example.org,2025-01-27,referral,Cuba
2165,Kaitlyn Reynolds,tlawrence@example.org,2025-08-03,organic,Greenland
2166,Kimberly Butler,bryanwebb@example.net,2024-02-03,direct,Saint Lucia
2167,Kathryn Nielsen,drose@example.org,2025-09-11,social,Nepal
2168,Amanda Oneill,vwalsh@example.org,2024-06-06,paid_search,Tajikistan
2169,Kevin Tran,zacharycisneros@example.com,2025-11-26,social,Saint Kitts and Nevis
2170,Brandon Graves,pamelamiller@example.com,2025-04-05,organic,South Georgia and the South Sandwich Islands
2171,Lisa Henry,bushariana@example.com,2025-01-14,social,Cape Verde
2172,Elizabeth Myers,hpreston@example.com,2025-01-15,paid_search,Malta
2173,Karen Preston,mcbridemonica@example.org,2025-03-30,paid_search,Mauritania
2174,Rachel Hogan,kentmarcus@example.net,2024-03-19,referral,Ethiopia
2175,Michael Pena,tjackson@example.com,2025-08-10,paid_search,Solomon Islands
2176,Kenneth Webster,oscarlevy@example.com,2024-05-20,referral,Comoros
2177,Linda Morris,christopherparker@example.org,2025-06-26,paid_search,Djibouti
2178,Bryan Lewis,wcopeland@example.net,2025-01-10,social,Burkina Faso
2179,Megan Payne,tiffanygarcia@example.org,2025-02-11,social,Armenia
2180,Edwin Kelly,sarahdawson@example.org,2024-11-17,email,Trinidad and Tobago
2181,Lisa Leach,tweeks@example.com,2025-10-27,organic,Moldova
2182,Kelly Hays,martinrandall@example.com,2024-10-12,paid_search,Nauru
2183,Mark Phillips,alyssagrimes@example.com,2024-09-12,paid_search,Gibraltar
2184,Tracy Reyes,jennajordan@example.com,2024-04-26,organic,Cambodia
2185,Luis Parker,townsendstacy@example.org,2024-01-27,social,Costa Rica
2186,Adam Crawford,kevinpage@example.com,2024-07-09,direct,Belarus
2187,Kristina Reyes,vincentgreene@example.net,2025-05-26,referral,Cayman Islands
2188,Jordan Schultz,johnsonjared@example.com,2025-06-14,social,Saint Martin
2189,William Jones,elizabethcarrillo@example.org,2025-01-31,social,Madagascar
2190,Jean Dorsey,ohansen@example.org,2025-07-29,social,American Samoa
2191,Denise Klein,westgabrielle@example.org,2024-04-30,paid_search,Portugal
2192,Rebecca Jimenez,palmerrachel@example.net,2024-09-25,direct,Bangladesh
2193,Dana Taylor,ethan21@example.net,2024-09-23,social,Slovakia (Slovak Republic)
2194,Rebecca Washington,bellmelinda@example.org,2025-12-21,email,Faroe Islands
2195,Melissa Riley,gflores@example.org,2025-04-01,paid_search,Nepal
2196,Eric Jackson,whiteheadnicolas@example.com,2024-08-07,organic,Israel
2197,Tonya Andrews,anthonypace@example.com,2025-09-18,organic,Guatemala
2198,Casey Graham,pvaughan@example.org,2024-10-19,referral,Monaco
2199,Jennifer Hale,ucharles@example.org,2025-12-11,email,Anguilla
2200,Dave Simpson,joshuaboone@example.com,2025-05-17,organic,Cocos (Keeling) Islands
2201,Tanner Cox,nlyons@example.net,2024-07-23,direct,Antigua and Barbuda
2202,Matthew Jackson,benjamincampbell@example.net,2024-05-05,paid_search,American Samoa
2203,Sharon Copeland,jeffery30@example.com,2024-05-18,organic,San Marino
2204,Judy Gonzalez,lisa62@example.net,2024-03-16,paid_search,Timor-Leste
2205,Andrea Robbins,marquezshannon@example.org,2025-04-07,social,French Southern Territories
2206,Lisa Travis,troynoble@example.com,2024-06-25,direct,Tanzania
2207,Craig Stone,greendawn@example.com,2025-12-31,paid_search,Finland
2208,Justin Franklin,orice@example.org,2025-03-31,referral,Antarctica (the territory South of 60 deg S)
2209,Jeremy Martinez,samanthajackson@example.com,2024-03-30,paid_search,Trinidad and Tobago
2210,Charles Welch,vmercado@example.com,2025-11-29,direct,Andorra
2211,Jill Huynh,blakeallen@example.net,2024-11-23,social,Heard Island and McDonald Islands
2212,Karen Tucker,fmitchell@example.com,2025-11-14,referral,Belarus
2213,Christine Riley,james46@example.com,2024-12-21,paid_search,Netherlands Antilles
2214,Keith Gould,stacy41@example.org,2025-12-27,direct,Venezuela
2215,Jeremy Myers,wwilliamson@example.net,2024-03-07,social,Gibraltar
2216,Caleb Holt,anthonynelson@example.net,2025-07-17,organic,Nicaragua
2217,Brenda Wilson,candice09@example.org,2025-07-09,referral,Sao Tome and Principe
2218,Kelli Campos,kingjames@example.net,2024-10-24,paid_search,Greece
2219,Kathleen Hall,kbush@example.com,2024-11-03,referral,French Polynesia
2220,Michelle Myers,michaelwilson@example.org,2024-06-10,paid_search,Guyana
2221,Gregory Watson,miguel84@example.org,2025-12-29,social,Netherlands
2222,Heather Willis,toddrodriguez@example.com,2025-12-27,email,North Macedonia
2223,Robert Fitzpatrick,elizabeth37@example.org,2025-12-18,paid_search,Sierra Leone
2224,Glenn Thomas,shelley58@example.net,2025-10-15,paid_search,Suriname
2225,Scott Clark,sheilaparrish@example.org,2024-06-27,paid_search,Norway
2226,Michael Smith,qlee@example.com,2025-01-05,organic,Haiti
2227,Grant Douglas,cookjennifer@example.com,2025-06-04,organic,American Samoa
2228,Clinton Silva,lvalentine@example.org,2024-08-17,email,Qatar
2229,Trevor Simmons,alexandramcclain@example.org,2024-05-04,paid_search,Netherlands
2230,Brooke Parsons,dannysanchez@example.org,2024-07-24,paid_search,United States Virgin Islands
2231,Ryan Yu,tmaxwell@example.com,2024-05-22,social,Antarctica (the territory South of 60 deg S)
2232,Daniel Chen,pstone@example.com,2024-08-30,paid_search,Holy See (Vatican City State)
2233,Julie Holt,arnoldjoseph@example.com,2025-05-20,direct,Korea
2234,Thomas Miller,lawrence39@example.com,2024-01-27,referral,Western Sahara
2235,Diane Avila,egarner@example.net,2025-01-04,social,Gambia
2236,Kristina Chen,fpeters@example.org,2025-07-21,email,Niger
2237,Edward Ramos,christophercarter@example.net,2025-08-09,referral,Afghanistan
2238,Karen Rodgers,martin22@example.com,2025-01-12,paid_search,Tonga
2239,Tina Davis,danielle19@example.net,2025-04-23,paid_search,Guyana
2240,Nathan Dawson,uthomas@example.com,2025-07-18,paid_search,Rwanda
2241,Cynthia King,jasmineduran@example.com,2024-05-12,social,Botswana
2242,Tanya Brooks,lisa24@example.net,2025-09-18,paid_search,New Zealand
2243,Michael Marshall,tina74@example.net,2024-03-29,email,Tanzania
2244,Debra Stewart,pjackson@example.net,2024-03-08,direct,Gibraltar
2245,Kyle Douglas,aduncan@example.org,2024-11-12,referral,American Samoa
2246,Kristen Lang,cynthiaaustin@example.net,2025-02-11,email,Lithuania
2247,Shelly Richardson,udavis@example.net,2025-05-05,paid_search,Wallis and Futuna
2248,Lee Robbins,andresking@example.net,2025-06-22,referral,Saint Vincent and the Grenadines
2249,Russell White,ruizrobert@example.net,2025-02-24,email,Slovenia
2250,Gilbert Morgan,urollins@example.org,2025-02-23,paid_search,Nepal
2251,Victor Thompson,crystal42@example.org,2025-08-11,paid_search,Cuba
2252,Lorraine Yates,simmonsmelody@example.com,2024-03-16,direct,Mali
2253,Adrian Nelson,ewhite@example.com,2024-05-08,social,Turks and Caicos Islands
2254,Diane Fisher,campbellthomas@example.net,2024-11-20,referral,Panama
2255,Michael Adkins,jwood@example.com,2025-10-19,,Sao Tome and Principe
2256,Joshua Meyer,mezajohn@example.net,2024-03-16,email,United States Minor Outlying Islands
2257,Jessica Ponce,campbelltiffany@example.net,2025-04-05,email,Saint Barthelemy
2258,Suzanne Bell,riveraandre@example.net,2025-04-22,organic,Gambia
2259,Sarah Gray,esmith@example.org,2025-11-27,organic,Iran
2260,Anna Farmer,jamesburgess@example.org,2025-06-13,organic,Gibraltar
2261,Lisa Mcdonald,reginaldgrimes@example.com,2024-12-18,social,Vietnam
2262,Kylie Williams,jennifermcintyre@example.net,2024-05-11,social,Belize
2263,Tiffany Mendoza,brownjason@example.com,2025-07-18,referral,Trinidad and Tobago
2264,Jose Franklin,bradpeterson@example.net,2025-10-17,organic,Fiji
2265,Emily Rivera,christophercrosby@example.com,2025-08-24,social,Estonia
2266,Jeffrey Anderson,kayla26@example.net,2024-07-05,social,Bahamas
2267,Kevin Cortez,alexis01@example.org,2024-05-12,email,Honduras
2268,Samantha Harrison,franklincody@example.com,2025-03-19,social,Albania
2269,Caleb Juarez,collieramy@example.org,2025-05-29,paid_search,Bahrain
2270,Zachary Campbell,gravesdavid@example.net,2024-02-26,email,Australia
2271,Erika Harris,lisathomas@example.net,2024-05-07,paid_search,Egypt
2272,Paul Bell,tuckerjoshua@example.com,2025-06-14,organic,Cape Verde
2273,Jennifer Barber,gadams@example.com,2024-06-05,organic,Korea
2274,Mrs. Kristen Powers,vhubbard@example.org,2024-11-07,social,Burkina Faso
2275,Diana Ford,zalvarez@example.org,2024-06-17,direct,Jamaica
2276,Miguel Chen,newtonjames@example.com,2024-06-14,social,Poland
2277,Dana Martin,erinhenderson@example.org,2024-11-26,social,Cape Verde
2278,Hayley Lewis,maryrodriguez@example.net,2025-12-27,email,Norway
2279,Sandra Johnson,dorothyjohnson@example.org,2024-08-18,social,Korea
2280,Carl Shepard,kspence@example.net,2024-12-20,paid_search,Martinique
2281,Rhonda King,fnichols@example.net,2025-06-15,paid_search,South Africa
2282,Joseph Dawson,howardeileen@example.org,2024-10-17,organic,French Guiana
2283,David Martin,bradleybyrd@example.org,2024-03-21,organic,Belize
2284,Theodore Swanson,nataliewalker@example.org,2024-09-13,paid_search,Bouvet Island (Bouvetoya)
2285,Melinda Fox,justin43@example.net,2024-07-20,paid_search,Yemen
2286,Amanda Marquez,christopherbeck@example.com,2025-10-12,paid_search,Sweden
2287,Meagan Faulkner,hannah15@example.org,2025-07-18,direct,Hong Kong
2288,Karen Malone,badams@example.org,2024-10-08,organic,Suriname
2289,Kelsey Hill,tonyanguyen@example.net,2024-05-08,organic,Trinidad and Tobago
2290,Zachary Alexander,becky06@example.com,2025-10-02,paid_search,Western Sahara
2291,Tricia Maxwell,nbailey@example.net,2024-11-06,social,Nigeria
2292,Regina Rios,washingtonrandy@example.net,2025-09-21,paid_search,Norway
2293,Eric Pearson,pattersonronald@example.org,2025-06-30,paid_search,French Polynesia
2294,Jill Ortega,christopher23@example.net,2024-04-05,email,Guernsey
2295,Alan Morris,xreed@example.com,2025-05-29,paid_search,Armenia
2296,Raymond Smith,robert86@example.com,2025-10-18,paid_search,Somalia
2297,Melissa Hill,tuckerpeter@example.com,2024-06-21,paid_search,Australia
2298,Paul Mayo,morgansmith@example.net,2025-08-29,paid_search,Jamaica
2299,Leah Schmidt,mwilliams@example.net,2025-08-17,paid_search,Iraq
2300,Christine Woods,nicholaslane@example.org,2024-06-06,organic,Georgia
2301,Cody Sloan,mcgrathashley@example.net,2024-06-24,referral,Dominican Republic
2302,Scott Stevens,areese@example.com,2025-11-05,email,Nicaragua
2303,Taylor Brown,myerslisa@example.org,2025-10-01,email,Christmas Island
2304,Bryan Murphy,harmonsteven@example.net,2025-09-11,paid_search,Mongolia
2305,Christina Cook,curtiscarr@example.net,2024-12-11,direct,Uganda
2306,Christopher Ramos,lawsonelizabeth@example.net,2025-07-31,organic,Palau
2307,Jeffery Morris,matthewgibbs@example.com,2024-02-12,paid_search,Cyprus
2308,Jennifer Adams,mooretammy@example.org,2024-01-30,social,Burundi
2309,David Martinez,urobinson@example.org,2024-03-24,paid_search,Isle of Man
2310,Scott Harmon,hicksstephanie@example.org,2024-02-16,organic,Macao
2311,Thomas Tran,laurieross@example.com,2025-10-18,email,Burundi
2312,Makayla Gibbs,monteshenry@example.com,2025-08-13,referral,Malawi
2313,Catherine Hicks,jramos@example.org,2024-09-28,organic,Georgia
2314,Dawn Wade,ashley45@example.net,2025-10-28,social,Liechtenstein
2315,Brandy Flowers,fowlerstephen@example.org,2024-08-03,direct,Uzbekistan
2316,Joshua Obrien,eross@example.org,2025-08-08,paid_search,Sao Tome and Principe
2317,Alexander Walker,nrandall@example.org,2025-03-02,paid_search,Aruba
2318,Kelly Reese,mmalone@example.com,2025-09-24,organic,Fiji
2319,Mary Pittman,banksrobert@example.net,2025-10-16,organic,Solomon Islands
2320,Brandon Garcia,susancaldwell@example.org,2024-02-01,organic,Lebanon
2321,Francisco Crawford,tgriffin@example.net,2025-05-24,direct,Gambia
2322,Barbara Daniels,jeromemedina@example.com,2025-10-04,social,Montserrat
2323,Andrea Thomas,xmccoy@example.net,2025-07-12,social,Micronesia
2324,Donna Perkins,willie79@example.net,2024-10-23,organic,New Zealand
2325,Kayla Malone,troyjohnson@example.net,2025-10-19,referral,Korea
2326,Michael Clark,brownvickie@example.org,2024-11-05,direct,Switzerland
2327,Christopher Bowman,lrosales@example.org,2025-05-09,referral,Montenegro
2328,Kenneth Kelley,ocurtis@example.com,2024-09-07,paid_search,French Polynesia
2329,Joseph Lopez,kroach@example.com,2025-12-02,social,Rwanda
2330,Kyle Harper,jonathan93@example.org,2025-02-19,paid_search,Senegal
2331,Melinda Drake,dhall@example.org,2024-10-31,paid_search,Botswana
2332,Cassandra Franklin,markscott@example.net,2025-04-09,paid_search,Luxembourg
2333,Tyler Romero,pgarcia@example.com,2024-03-15,social,Northern Mariana Islands
2334,Jordan Barnett,kathryn76@example.net,2025-12-06,social,Wallis and Futuna
2335,Timothy Hanson,ashley84@example.org,2024-03-02,paid_search,Dominican Republic
2336,Christopher Crawford,vroberts@example.org,2024-06-10,organic,Timor-Leste
2337,Tammy Young,michaelgarza@example.com,2025-03-26,organic,Russian Federation
2338,Eric Nichols,rcurtis@example.com,2025-03-01,organic,Namibia
2339,Jesse Jordan,hornapril@example.net,2025-05-10,paid_search,Mauritius
2340,Lindsay Steele,wroth@example.org,2025-04-20,organic,Jersey
2341,Mary Moore,laurawarren@example.com,2024-07-27,social,Maldives
2342,Veronica Arnold,matthewrodriguez@example.org,2024-12-14,paid_search,Sudan
2343,Emma Sanchez,ewang@example.com,2025-09-13,paid_search,Uruguay
2344,Matthew Bishop,huntmichelle@example.com,2024-05-27,organic,Canada
2345,Kevin Marquez,gcross@example.net,2024-11-16,direct,Cameroon
2346,Lucas Mckenzie,alexandra28@example.com,2024-11-22,social,Sudan
2347,Randall Glass,hlane@example.com,2024-12-19,social,Algeria
2348,Glenda Wright,jordan73@example.net,2025-02-12,organic,Philippines
2349,Daniel Butler,chad12@example.com,2024-05-13,email,Turkey
2350,Matthew Black,ewilliams@example.org,2025-01-14,paid_search,Papua New Guinea
2351,James Bell,greenealan@example.org,2025-06-11,social,Belarus
2352,Barbara Douglas,andrew27@example.net,2025-07-29,direct,Falkland Islands (Malvinas)
2353,Rachel Rodriguez,joyceshane@example.net,2024-04-18,social,Andorra
2354,Danielle Hunt,hughesbarbara@example.com,2024-11-22,referral,Austria
2355,Mrs. Amy Saunders,katelyn72@example.net,2024-09-04,social,Rwanda
2356,Ruth Walker,burnskimberly@example.org,2025-04-22,paid_search,Guam
2357,Richard Bailey,jeremy04@example.net,2024-05-05,direct,Malawi
2358,Rebecca Sandoval,randy92@example.org,2024-09-30,paid_search,Aruba
2359,Benjamin Wright,aaronweaver@example.org,2025-04-05,email,Saint Vincent and the Grenadines
2360,Donald Allen,mary90@example.net,2024-09-10,paid_search,British Indian Ocean Territory (Chagos Archipelago)
2361,Isaac Hopkins,ericgomez@example.com,2024-05-24,paid_search,Cape Verde
2362,Rebecca Fields,xgolden@example.net,2024-04-09,organic,Swaziland
2363,Mrs. Donna Castro,sophiawalker@example.org,2024-02-21,paid_search,South Africa
2364,Jeremy Richards,stonealexandria@example.com,2024-10-24,organic,Brunei Darussalam
2365,William Mendoza,christopher14@example.org,2025-01-28,email,Czech Republic
2366,Claudia Cruz,edwardgarcia@example.org,2025-09-22,paid_search,Gabon
2367,Phillip Munoz,greenlorraine@example.com,2025-03-04,paid_search,Singapore
2368,Chelsea Mcgrath,pflores@example.com,2024-09-11,email,Hong Kong
2369,Bryan Harvey,rwest@example.com,2024-06-12,organic,Bahrain
2370,Brenda Reese,charlesthompson@example.com,2024-12-01,social,Montenegro
2371,Monica Rodriguez,alvaradonicholas@example.net,2025-08-14,social,Montenegro
2372,Brandon Boyle,sfreeman@example.net,2024-11-16,referral,British Indian Ocean Territory (Chagos Archipelago)
2373,Scott Reynolds,vreeves@example.org,2024-07-13,social,Monaco
2374,David Swanson,aliciabooker@example.org,2024-06-12,organic,Comoros
2375,Sandra Evans,scottwilliams@example.org,2025-05-25,social,Syrian Arab Republic
2376,Julia Booth,washingtonjared@example.org,2025-06-11,paid_search,British Virgin Islands
2377,Richard Brown,madisonrussell@example.com,2025-04-23,organic,Ethiopia
2378,Jessica Perez,wayne29@example.org,2025-05-25,social,Malaysia
2379,Brittany Hansen,alee@example.com,2024-11-11,organic,Antarctica (the territory South of 60 deg S)
2380,Bradley Watson,gwalker@example.net,2025-05-24,social,Finland
2381,Brittany Lewis,kendra71@example.com,2024-01-24,referral,China
2382,Jennifer Green,james39@example.org,2024-04-02,referral,Kuwait
2383,Sergio Davis,melissa20@example.org,2025-02-06,direct,Comoros
2384,Jeffrey Meyers,mccormicknatalie@example.com,2025-06-01,organic,United States of America
2385,Michael Jones,meredithjackson@example.com,2025-04-13,organic,North Macedonia
2386,Stephanie Nunez,cassandrabarnes@example.net,2024-09-03,email,Tajikistan
2387,Kathleen Moore,clarkkaitlin@example.org,2024-08-08,organic,Svalbard & Jan Mayen Islands
2388,Steven Leon,davidstone@example.net,2025-08-20,social,Jordan
2389,Kristin Nelson,jenna11@example.org,2024-12-27,social,Senegal
2390,Steven Williams,jessica82@example.com,2024-02-19,social,Cambodia
2391,Robert Bradley,cwilson@example.net,2024-02-21,organic,China
2392,Alexandra Compton,hdavidson@example.net,2024-10-15,paid_search,Western Sahara
2393,Ryan Garza,williamsdesiree@example.net,2025-05-21,organic,Romania
2394,Seth Thompson,davidrojas@example.org,2025-09-03,paid_search,Bolivia
2395,Ashley Baker,abbottsusan@example.net,2025-10-31,referral,Gibraltar
2396,Cynthia Allen,rachel05@example.com,2025-11-19,organic,Puerto Rico
2397,Lisa Horton,bhall@example.org,2025-04-26,paid_search,Saint Kitts and Nevis
2398,Brenda Vega,lindsay31@example.com,2024-10-19,paid_search,Central African Republic
2399,Meagan Hall,kcordova@example.com,2025-07-03,social,Isle of Man
2400,Rebecca Merritt,kristinestone@example.org,2024-01-09,social,Egypt
2401,Lauren Jenkins DDS,bsnow@example.net,2024-04-20,organic,Lithuania
2402,Shannon Ortiz,ortizsydney@example.com,2025-03-17,paid_search,Thailand
2403,Suzanne Collins,dustinschneider@example.net,2024-05-17,organic,Greece
2404,William Fleming,wsmith@example.net,2024-09-27,organic,Bhutan
2405,Monica Crawford,james91@example.org,2025-01-09,social,Denmark
2406,Lisa Moss,ule@example.org,2025-02-16,social,Uganda
2407,Rachael Smith,pharris@example.com,2025-01-09,organic,Canada
2408,Adam Schroeder,rrosario@example.net,2024-02-16,paid_search,Cyprus
2409,Robert Walker,thomaslewis@example.com,2025-02-14,direct,Monaco
2410,Dr. Kelly Wood,kwarren@example.net,2024-02-22,organic,Georgia
2411,Derek Myers,navarroalexandria@example.net,2025-08-06,social,Bermuda
2412,Nancy Morgan,ucraig@example.org,2025-07-29,paid_search,Bangladesh
2413,Sandra Bell,wmeyer@example.com,2024-07-18,organic,Tunisia
2414,Leslie Turner,soniaanderson@example.com,2025-01-06,paid_search,Chile
2415,Charles Evans,robertjohnson@example.net,2025-07-20,email,Turkmenistan
2416,Leah Russell,warrenderrick@example.com,2024-10-22,direct,Switzerland
2417,Diane Farmer,vincentgrimes@example.org,2024-03-16,organic,Cyprus
2418,Zachary Vaughn,eddie22@example.net,2025-01-30,paid_search,Netherlands
2419,Taylor Mcmillan,leahcook@example.net,2025-05-31,,Georgia
2420,Shane Perez,steven67@example.org,2025-04-06,organic,Monaco
2421,Sara Jones,cruzsteven@example.org,2025-07-17,paid_search,Singapore
2422,Andrew Jones,leslie13@example.net,2024-10-13,paid_search,Korea
2423,James Pena,tammy05@example.com,2025-09-30,social,Antigua and Barbuda
2424,Mary Richards,franklinmueller@example.com,2025-11-27,organic,Tunisia
2425,Daniel Morris,jenniferprice@example.com,2025-09-17,paid_search,Bolivia
2426,Gregory Webb,gortega@example.com,2024-05-01,,Jordan
2427,Sandra Scott,williamcompton@example.com,2024-05-11,paid_search,Lesotho
2428,Terry Daniel,smithkimberly@example.com,2024-04-09,direct,San Marino
2429,Steven Palmer,glennchang@example.com,2025-02-07,organic,Somalia
2430,Angela Hebert,shannon94@example.com,2025-01-17,referral,Spain
2431,Kelsey Harper,alvarezsteven@example.com,2024-12-13,social,Tanzania
2432,Dr. Megan Berry,crystal16@example.com,2025-07-25,referral,Grenada
2433,Amber Jackson,coreydavis@example.org,2025-01-09,direct,Lao People's Democratic Republic
2434,Kelsey Russell,virginia64@example.com,2024-05-27,paid_search,Italy
2435,Erika Foster,ccannon@example.org,2024-07-22,direct,Botswana
2436,Raymond Kerr,jeremy83@example.net,2025-09-08,organic,Honduras
2437,Susan Armstrong,stephaniealexander@example.org,2025-06-05,organic,Colombia
2438,Christina Moore,jlucas@example.net,2025-02-15,organic,Qatar
2439,Steven Hudson,kristinperez@example.org,2025-05-27,email,Namibia
2440,Christopher Johnston,ngamble@example.org,2024-02-11,paid_search,India
2441,Kevin Taylor,fphelps@example.net,2024-02-16,email,Azerbaijan
2442,Jacqueline Young,beverly91@example.com,2024-02-09,email,Niue
2443,Alyssa Hayes,nicholaslamb@example.com,2024-05-20,social,Nicaragua
2444,Megan Jones,caitlinmyers@example.net,2025-12-31,referral,Mozambique
2445,Andrew Novak,jenna71@example.com,2024-12-07,organic,Guam
2446,Faith Mitchell,melissa42@example.net,2025-04-30,organic,Hong Kong
2447,Lindsey Oneill,sharon03@example.net,2025-06-15,paid_search,Poland
2448,Sheena Green,marymalone@example.net,2025-04-12,paid_search,Pakistan
2449,James Thompson,hollyproctor@example.com,2024-06-01,paid_search,Philippines
2450,Jacob Moses,rodney18@example.org,2025-09-12,organic,Syrian Arab Republic
2451,Julie Robertson,ugutierrez@example.com,2025-06-11,paid_search,Montserrat
2452,Stacey Murphy,lmartinez@example.org,2024-05-23,direct,Namibia
2453,Charles Todd,afreeman@example.com,2024-12-01,email,Sudan
2454,Carrie Cortez,gware@example.net,2025-09-19,organic,Somalia
2455,Courtney Fowler,velezkelly@example.com,2024-11-22,email,Mayotte
2456,Morgan Barrera,maria02@example.net,2024-06-15,paid_search,Denmark
2457,Luke Cruz,danieljones@example.com,2025-02-06,organic,Northern Mariana Islands
2458,Tonya Flores,martinezcorey@example.org,2025-09-23,social,Israel
2459,Angela Johnson,robert07@example.com,2024-11-02,organic,Northern Mariana Islands
2460,Jennifer Cox,kristen88@example.org,2025-08-30,organic,United States Minor Outlying Islands
2461,Christopher Hall,irodriguez@example.net,2024-12-10,direct,Rwanda
2462,David Flores,mary58@example.net,2025-06-03,referral,Kiribati
2463,Jennifer Murphy,anna25@example.org,2025-06-05,social,Croatia
2464,Nicole Burke,lori71@example.org,2025-06-29,email,Qatar
2465,Harold Anderson,pthompson@example.com,2025-05-16,social,Romania
2466,Stanley Cruz,raven39@example.org,2025-12-26,paid_search,Panama
2467,Elizabeth Yang,knoxjustin@example.net,2025-07-30,organic,French Polynesia
2468,Joseph Phelps,leahhudson@example.org,2024-11-02,paid_search,Solomon Islands
2469,Margaret May,nstanton@example.org,2025-05-01,organic,American Samoa
2470,Nicole Cook,turnerjason@example.com,2024-01-18,email,Greece
2471,Amanda Johnson,briggsnicole@example.org,2025-01-12,paid_search,San Marino
2472,Monica Johnson,martinezchristine@example.org,2024-12-05,direct,Puerto Rico
2473,William Torres,sbeasley@example.com,2025-11-20,direct,French Guiana
2474,Dakota Davis,figueroajon@example.net,2024-04-22,social,Guam
2475,Gary Robertson,gordoncorey@example.net,2025-03-02,email,Namibia
2476,Robert Jones,hgrimes@example.net,2025-08-20,referral,Barbados
2477,James Jones,sheajohn@example.com,2024-11-11,paid_search,Bahamas
2478,Donna Allen,goodmanmelissa@example.net,2025-12-05,social,Spain
2479,Brittany Roman,cory10@example.com,2025-10-06,paid_search,Ghana
2480,Wesley Long,westmichael@example.org,2024-01-28,social,Congo
2481,Eric Gross,jrobinson@example.com,2025-09-03,paid_search,Romania
2482,Daniel Berry,gina64@example.com,2025-04-30,referral,Moldova
2483,James Montes,john36@example.com,2024-09-28,direct,Benin
2484,Patricia Woods,melissacooper@example.com,2025-11-02,paid_search,Cameroon
2485,Lori Lopez,qgomez@example.org,2025-08-15,organic,Poland
2486,William Richards,samanthagomez@example.net,2025-08-14,direct,Montserrat
2487,Caroline Anderson,leephilip@example.org,2024-08-21,organic,Panama
2488,Isabel Baker,frobbins@example.com,2024-02-22,referral,Saudi Arabia
2489,Sarah Roberts,kerri28@example.com,2025-08-20,email,Zimbabwe
2490,Jason Patel,matthew90@example.net,2025-05-06,organic,Chile
2491,Eric Wheeler,jacksonjohnny@example.org,2024-06-23,paid_search,Sri Lanka
2492,John Hall,hannah99@example.org,2025-06-20,paid_search,Kiribati
2493,Michael Figueroa,jamesanderson@example.com,2025-10-06,social,Lao People's Democratic Republic
2494,Kelly Johnson,jonessherry@example.com,2025-09-26,organic,Benin
2495,Ruth Brown,scott90@example.net,2025-01-24,email,Rwanda
2496,Michael Johnson,madisonayers@example.com,2024-05-31,organic,Bahrain
2497,Todd Mason,rjohnston@example.org,2025-11-28,email,Angola
2498,Willie Miller,lukewalter@example.com,2024-09-05,referral,Burundi
2499,Misty Gillespie,djohnson@example.org,2024-02-02,direct,Monaco
2500,Jennifer Allen,michaelwaller@example.com,2025-08-09,organic,South Georgia and the South Sandwich Islands
2501,Jim Moore,jasonbennett@example.org,2025-12-18,referral,Slovenia
2502,Kevin Parker,colemanjohn@example.net,2024-04-22,social,Austria
2503,Pam Hopkins,daniel16@example.com,2024-07-14,email,Armenia
2504,Matthew Gibson,susan92@example.net,2024-01-20,direct,Israel
2505,Kimberly Goodwin,brownjessica@example.org,2025-03-27,paid_search,Puerto Rico
2506,Nicole Carr,ebowman@example.com,2024-11-17,,Croatia
2507,Linda Trevino,steven20@example.org,2025-03-04,referral,Uruguay
2508,James Smith,olivia79@example.net,2024-06-04,organic,Croatia
2509,Gordon Blankenship,natalielee@example.net,2025-02-26,referral,Hong Kong
2510,Charlene Harvey,nwu@example.com,2025-12-08,referral,Madagascar
2511,Troy Carter,lindabrown@example.org,2024-07-27,paid_search,El Salvador
2512,Ms. Beth Hanson,rileydonna@example.com,2025-02-24,referral,Australia
2513,Olivia Cooper,orose@example.net,2025-05-28,organic,Sri Lanka
2514,Anthony Daniels,halledward@example.org,2025-09-18,email,Bangladesh
2515,Tyler Duncan,vfreeman@example.com,2025-04-27,social,Serbia
2516,Kimberly Bell,qlawrence@example.org,2024-03-04,direct,Western Sahara
2517,Stephanie Mcmahon,vmichael@example.org,2025-12-23,paid_search,Maldives
2518,Timothy Gonzales,rwilson@example.org,2024-05-21,organic,Palestinian Territory
2519,James Vang,styler@example.com,2025-06-15,social,Comoros
2520,Scott Brown,theresa44@example.com,2024-07-31,social,Luxembourg
2521,Carrie Meadows,malvarez@example.com,2025-07-28,social,American Samoa
2522,Keith Hall,kayla67@example.com,2024-11-28,paid_search,Luxembourg
2523,Daniel Mccarthy,nancyhicks@example.net,2025-11-09,paid_search,Cameroon
2524,Dr. Tyler Alvarez PhD,wsherman@example.com,2025-05-04,organic,Iraq
2525,Joel Rhodes,matthew28@example.org,2025-06-22,referral,Antigua and Barbuda
2526,Fernando Davenport,sarahdavis@example.net,2025-01-20,paid_search,Heard Island and McDonald Islands
2527,Nathaniel Howard,nyoung@example.com,2024-11-17,paid_search,Slovakia (Slovak Republic)
2528,Joel Shah,bobsolis@example.org,2024-06-26,direct,Central African Republic
2529,Casey Pennington,micheal30@example.com,2025-04-15,paid_search,Algeria
2530,David Cochran,stacey06@example.net,2025-06-29,direct,Bulgaria
2531,Karen Hall,chall@example.org,2024-12-16,social,Haiti
2532,Stacy Espinoza,woodmicheal@example.org,2025-07-13,referral,United States of America
2533,John Fisher,barbarawilliamson@example.org,2024-12-28,paid_search,Sweden
2534,Anthony Walsh,keithwise@example.com,2025-11-23,paid_search,United Arab Emirates
2535,Danielle Cabrera,martinezeric@example.net,2025-11-28,social,Northern Mariana Islands
2536,Valerie Rivera,jennifer01@example.org,2025-10-20,referral,Holy See (Vatican City State)
2537,Cristian Hernandez,lpalmer@example.net,2025-12-10,social,United Kingdom
2538,Eric Rocha,jade38@example.net,2024-09-27,paid_search,Kiribati
2539,Richard Jones,zachary83@example.com,2025-09-16,social,Cambodia
2540,Hannah Morris MD,hmurphy@example.org,2025-05-10,social,Burkina Faso
2541,Jerry Lee,stephanierobbins@example.net,2024-07-15,social,El Salvador
2542,Sharon Carter,thomasmaria@example.net,2024-09-09,social,Cote d'Ivoire
2543,Michael Barker,erik89@example.net,2024-10-12,referral,Austria
2544,Monica Martinez,lauramartin@example.com,2025-07-25,social,Northern Mariana Islands
2545,Samantha Lozano,woodardjennifer@example.com,2024-11-01,paid_search,Madagascar
2546,Nathaniel Thomas,sarah88@example.com,2024-08-18,organic,Vanuatu
2547,Jonathan Fisher,michelle07@example.org,2024-10-31,,Liberia
2548,Connie Ortiz,amandadelgado@example.com,2024-10-22,organic,Sao Tome and Principe
2549,Brandon Nelson,allisonstevens@example.org,2025-12-22,organic,Benin
2550,Rachel Myers,xmccarty@example.org,2024-07-31,paid_search,Greece
2551,Gary Brady,elizabeth41@example.net,2025-12-07,organic,El Salvador
2552,Rhonda Knox,brownlauren@example.com,2025-12-22,paid_search,Portugal
2553,Tamara Kidd,kara94@example.org,2025-05-15,referral,Guadeloupe
2554,Brenda Hebert,vwagner@example.com,2024-11-20,direct,Russian Federation
2555,Amanda Fernandez,kbrown@example.net,2025-05-06,paid_search,Pitcairn Islands
2556,James Berry,mariejordan@example.com,2024-12-23,direct,Jamaica
2557,Charles Ferrell,nburns@example.org,2025-07-27,email,Armenia
2558,Keith Rodriguez,ssexton@example.org,2024-10-07,paid_search,United Arab Emirates
2559,Barbara Ortiz,janemaxwell@example.net,2024-10-21,paid_search,Malaysia
2560,Darren Dickson,alexandratorres@example.net,2024-05-04,email,Bosnia and Herzegovina
2561,James Carlson,freemangabriel@example.org,2025-08-10,social,Anguilla
2562,Christopher Burns,regina48@example.org,2025-11-23,social,Estonia
2563,Steven Walter,andrea55@example.com,2025-07-10,paid_search,Luxembourg
2564,Emily Scott,williamhoffman@example.org,2025-01-23,paid_search,United States of America
2565,Cole Smith,maryjohnson@example.com,2025-02-08,organic,Finland
2566,Jessica Gill,alexander14@example.org,2024-12-19,paid_search,Kiribati
2567,Lindsey Nelson,michaelwilliams@example.net,2024-05-29,paid_search,El Salvador
2568,Michael Wilson,deborah07@example.net,2024-10-24,,Bhutan
2569,Jamie Schmidt,rscott@example.org,2024-02-13,referral,Kuwait
2570,Isabel Collins,perryrichard@example.com,2024-10-21,direct,Pitcairn Islands
2571,John Long,hickselizabeth@example.org,2024-03-21,organic,Belarus
2572,Kaitlin Dunn,daniel70@example.net,2024-12-20,direct,Saint Helena
2573,Katrina Joyce,melissayates@example.com,2025-03-28,organic,Tunisia
2574,Ashley Perez,powelljohn@example.net,2025-11-02,organic,Samoa
2575,Zoe Thomas,joyjimenez@example.org,2024-09-19,paid_search,Dominica
2576,Jacob Freeman,erikawalker@example.net,2025-05-05,social,Cambodia
2577,Kimberly Smith,nancy87@example.org,2024-08-07,direct,Lao People's Democratic Republic
2578,Mrs. Holly Thomas,plin@example.net,2024-07-25,social,Jersey
2579,Sheila Williams,brenda05@example.org,2025-07-05,organic,Honduras
2580,Michael Zimmerman,chelseajimenez@example.org,2024-10-04,,Kyrgyz Republic
2581,Lori Drake,eric38@example.com,2025-07-29,paid_search,Zimbabwe
2582,Philip West,dperez@example.net,2025-12-13,referral,French Guiana
2583,Michaela Bradshaw,joshua05@example.com,2024-10-05,email,American Samoa
2584,Jerry Rich,valeriehatfield@example.net,2024-05-20,organic,Djibouti
2585,Hannah Riley,marygraham@example.org,2024-04-21,email,Mexico
2586,Deborah Bruce,monicarodriguez@example.com,2025-09-22,social,Romania
2587,Michael Lindsey,hayley21@example.com,2025-08-23,paid_search,Guinea
2588,Daniel Briggs,brownregina@example.com,2024-09-02,social,Colombia
2589,Justin Hansen,burkeroger@example.net,2024-09-05,paid_search,South Georgia and the South Sandwich Islands
2590,Anna Ross,richard81@example.com,2024-02-21,social,Guinea-Bissau
2591,Lisa Caldwell,debra82@example.com,2025-11-16,referral,Cote d'Ivoire
2592,Deanna Hill,cedwards@example.net,2025-06-27,referral,Lesotho
2593,Andrew Warner,jacob90@example.org,2024-08-19,email,Maldives
2594,Donald Collins,joycetaylor@example.net,2025-10-15,email,Fiji
2595,John Mason,clintonhudson@example.net,2024-08-26,paid_search,Barbados
2596,Melissa Barnett,potterjessica@example.org,2024-02-23,social,Tunisia
2597,Christina Mata,fpeters@example.org,2024-04-12,paid_search,Zambia
2598,Mrs. Laura Montoya,shane44@example.org,2025-02-27,organic,Belize
2599,Leon Carrillo,christinacook@example.com,2024-12-04,paid_search,Reunion
2600,Becky Jackson,james85@example.net,2025-04-28,paid_search,Venezuela
2601,Erin Kelley,syang@example.org,2024-04-12,social,Cayman Islands
2602,Terry Jenkins,aparker@example.com,2025-11-28,paid_search,Central African Republic
2603,Christopher Mcdowell,scott76@example.org,2024-05-20,social,Bolivia
2604,Michael White,aliciasantiago@example.net,2024-01-06,,Cayman Islands
2605,Mr. Barry Mendoza,ericharrison@example.org,2025-07-17,paid_search,Japan
2606,Chelsea Vargas,nmahoney@example.net,2024-06-10,email,Czech Republic
2607,Paul Larson,mcdowellcarol@example.org,2025-02-20,paid_search,Guadeloupe
2608,Sara Barry,justin58@example.org,2025-10-30,paid_search,China
2609,Sharon Tucker,earlkelly@example.net,2025-05-02,social,Cape Verde
2610,Emily Hart,osims@example.org,2025-05-03,paid_search,United States of America
2611,Annette Guzman,ule@example.com,2025-10-28,referral,Hong Kong
2612,Heather Miller,emaddox@example.org,2024-07-23,paid_search,Armenia
2613,Brian Lopez,plee@example.net,2024-10-21,paid_search,Kiribati
2614,Antonio Guzman,hernandezchad@example.net,2024-11-24,social,Thailand
2615,Roy Adams,aguirresharon@example.org,2024-10-19,organic,Monaco
2616,Danny Davis MD,martinnathan@example.com,2025-10-23,paid_search,Latvia
2617,John Roberts,michelle70@example.net,2024-03-01,organic,Jordan
2618,Kelly Ward,jessica31@example.com,2024-04-01,paid_search,Cuba
2619,Laura Johnson,sbrown@example.org,2025-10-29,referral,Austria
2620,Adam Wells,mark64@example.com,2025-08-10,organic,Argentina
2621,Michael Garcia,qbrown@example.org,2024-08-25,social,Tuvalu
2622,Alex Bernard,martinezrobin@example.org,2025-07-01,referral,Belgium
2623,Janet Burch,maurice79@example.com,2024-02-08,organic,Mauritius
2624,Thomas Rodgers,anthonyherrera@example.net,2024-06-28,direct,Togo
2625,Loretta Taylor,deniseramirez@example.net,2025-03-03,organic,Australia
2626,Jennifer Johnson,wmartinez@example.net,2024-06-29,direct,Solomon Islands
2627,Olivia Sloan,ehines@example.com,2024-02-07,paid_search,Jordan
2628,Frances Oconnor,shari60@example.org,2025-02-10,social,Gambia
2629,Stacy Warren,mark29@example.net,2025-05-22,organic,Mozambique
2630,William Rodriguez,stacey47@example.net,2024-07-09,organic,Liechtenstein
2631,Robin Mcgrath,matthewpaul@example.net,2024-10-23,social,Pitcairn Islands
2632,Karen Ashley,jamespatrick@example.org,2024-02-08,social,Lithuania
2633,Melanie Wolf,cmiles@example.com,2024-01-10,paid_search,Japan
2634,Savannah Armstrong,robynparsons@example.com,2024-11-01,paid_search,Hong Kong
2635,Ruben Ramirez,nealkarina@example.net,2025-08-04,social,Bahamas
2636,Alex Thompson,carrillocrystal@example.com,2025-09-09,social,Svalbard & Jan Mayen Islands
2637,Aaron Armstrong,juliebailey@example.com,2024-04-19,direct,Portugal
2638,Michael Hogan,jeremyflores@example.net,2024-12-09,social,American Samoa
2639,Blake Garcia,grossjade@example.com,2024-10-18,direct,Switzerland
2640,Christopher Torres,schmidtjohn@example.com,2025-04-10,social,Oman
2641,William Santana,xmedina@example.net,2025-10-18,paid_search,Saint Barthelemy
2642,Suzanne Rivera MD,jasonhebert@example.org,2025-07-10,paid_search,Fiji
2643,Daisy Johnson,robert50@example.org,2025-06-20,social,Kiribati
2644,Elizabeth Huff,robert54@example.net,2025-05-20,social,Mayotte
2645,Michael Robinson,jefferywhite@example.org,2024-05-17,paid_search,Colombia
2646,Diane Richard,lrobinson@example.com,2025-05-31,organic,Dominican Republic
2647,Michelle Edwards,jordandonaldson@example.org,2025-04-24,direct,Chad
2648,Brian Reynolds,zjones@example.org,2024-10-06,email,Saint Barthelemy
2649,Melinda Walsh,brucewilliams@example.org,2024-07-16,organic,Gabon
2650,Melissa Torres,carla56@example.org,2024-04-25,organic,Mexico
2651,Aaron Harper,thompsonstephanie@example.net,2024-12-04,paid_search,Mexico
2652,Vincent Waller,kristenedwards@example.org,2024-06-15,organic,Norway
2653,Alexander Gamble,jill95@example.net,2025-04-14,organic,Cyprus
2654,Stephen Montgomery,alejandrosmith@example.net,2025-10-25,paid_search,Heard Island and McDonald Islands
2655,Joseph Kim,stephanieallen@example.com,2024-09-20,social,Paraguay
2656,Becky Mcintosh,malonenicholas@example.org,2024-07-09,organic,Sudan
2657,Amber Velasquez,zlloyd@example.net,2024-01-15,referral,United Kingdom
2658,Erin Fernandez,joshuajenkins@example.net,2024-12-11,referral,Austria
2659,Kathleen Pacheco,craigwilliams@example.com,2024-10-29,paid_search,Sweden
2660,William Potter,mmcclain@example.com,2025-08-04,social,Guatemala
2661,Stephanie Vasquez,michaelmorgan@example.com,2025-11-21,organic,Holy See (Vatican City State)
2662,Heather Jones,tara97@example.org,2024-07-16,referral,United States of America
2663,Jordan Riley,emilywagner@example.com,2024-06-28,paid_search,Syrian Arab Republic
2664,Brittany Smith,heidihicks@example.org,2025-09-17,social,Uganda
2665,Monique Finley,williamtownsend@example.com,2025-10-16,social,Monaco
2666,Jeffery Little,cody51@example.com,2025-02-19,paid_search,Egypt
2667,Elizabeth Nguyen,morasusan@example.com,2025-03-13,paid_search,Lesotho
2668,Jason Perry,amanda53@example.org,2025-06-11,social,Sao Tome and Principe
2669,John Robinson,pagejeremy@example.net,2024-12-01,social,Mali
2670,Richard Jennings,marianguyen@example.org,2024-03-29,organic,United States Virgin Islands
2671,Nichole Lyons,summersjeffrey@example.org,2025-02-14,social,Bosnia and Herzegovina
2672,Thomas Mcgrath,wsalazar@example.net,2025-11-16,organic,Bhutan
2673,Joshua Cantu,brandibarker@example.org,2024-04-07,social,Trinidad and Tobago
2674,Samuel Schneider,james92@example.org,2024-07-08,paid_search,Iraq
2675,Sierra Payne,reneemiller@example.net,2024-05-23,referral,Romania
2676,James Yang,mmorales@example.net,2025-05-03,paid_search,Russian Federation
2677,Samantha Fernandez,timothymacias@example.com,2024-11-27,organic,Ecuador
2678,Tina Mueller,kelly78@example.org,2024-09-11,paid_search,Cameroon
2679,Andrew Bryant,jonathan46@example.org,2024-01-07,,Wallis and Futuna
2680,Eric Mathews,blevinsamy@example.net,2024-09-24,email,Saudi Arabia
2681,Jenna Snow,james96@example.org,2025-01-27,paid_search,Senegal
2682,Erin Osborne,jamesroy@example.net,2024-08-29,referral,Grenada
2683,Sean Jones,asuarez@example.org,2025-04-02,paid_search,Kenya
2684,Jenna Owens,ovillanueva@example.net,2024-09-30,organic,North Macedonia
2685,Peter Wilson,lisa15@example.org,2024-12-03,organic,Swaziland
2686,Anthony White,mendozamichael@example.net,2024-11-05,paid_search,Algeria
2687,Mary Oliver,travisgardner@example.net,2025-08-19,paid_search,Uganda
2688,Justin Williams,adamsjulie@example.org,2025-08-09,organic,Libyan Arab Jamahiriya
2689,Kyle Johnson,jessica61@example.com,2024-01-12,organic,Sri Lanka
2690,Nathan Wu,brettjones@example.net,2024-09-24,organic,Panama
2691,Veronica Hayes,morganherman@example.net,2025-10-31,email,Cuba
2692,Rebecca Stevenson,victoriahammond@example.org,2025-01-03,email,Luxembourg
2693,Laura Benson,brittany72@example.net,2025-12-10,paid_search,United States Minor Outlying Islands
2694,Michael Mccoy,stephaniereese@example.org,2024-08-29,organic,Guadeloupe
2695,Christopher Cox,olsonbryan@example.org,2024-03-04,direct,Equatorial Guinea
2696,John White,coreyroberts@example.org,2025-11-14,email,Poland
2697,Diane Allen,whitealicia@example.org,2024-05-01,social,Mozambique
2698,Darin Boyd,iolsen@example.org,2025-04-21,organic,Armenia
2699,Jennifer Myers,salasangela@example.net,2024-11-10,social,North Macedonia
2700,Lisa Garcia MD,lawrencesalinas@example.com,2024-06-12,social,New Caledonia
2701,Jay Stevens,xharvey@example.com,2025-02-19,email,Benin
2702,Brian Smith,raymondsloan@example.com,2025-12-03,direct,Lithuania
2703,Cameron Daniel,llozano@example.org,2025-05-29,paid_search,Argentina
2704,Laura Burke,vgonzalez@example.net,2025-12-21,paid_search,Denmark
2705,Sarah Kelly,istrickland@example.org,2024-11-14,social,Heard Island and McDonald Islands
2706,Johnathan Collins,ialvarez@example.org,2025-12-07,referral,Ghana
2707,Mark Munoz,jenniferterry@example.com,2024-04-30,paid_search,Burkina Faso
2708,Elizabeth Villarreal,stevengaines@example.org,2025-10-16,paid_search,French Polynesia
2709,Kimberly Sanders,tranjennifer@example.org,2024-10-29,paid_search,Puerto Rico
2710,Scott Burns,kimberly79@example.com,2025-01-11,paid_search,Zimbabwe
2711,Joshua Smith,uespinoza@example.org,2025-09-21,social,Jamaica
2712,Jill Williams,dmorgan@example.net,2024-08-14,email,Netherlands Antilles
2713,Brendan Dominguez,ariel90@example.net,2024-08-12,organic,Mauritania
2714,Barbara Thomas,qrichmond@example.com,2024-05-16,organic,Saint Vincent and the Grenadines
2715,Justin Hale,mclaughlintammy@example.net,2025-05-04,paid_search,Reunion
2716,Elizabeth Smith,conneremily@example.com,2024-06-05,paid_search,Canada
2717,Ryan Austin,sharonstewart@example.com,2025-04-10,social,Italy
2718,Patricia Hamilton,joneschad@example.net,2025-09-12,direct,Indonesia
2719,Kyle Wilson,jacobware@example.net,2025-01-17,referral,Swaziland
2720,Lisa Garcia DVM,iwilliams@example.net,2025-03-01,paid_search,Somalia
2721,Melissa Butler,mark90@example.net,2025-12-19,referral,Mauritius
2722,Monique Brown,buchananvicki@example.org,2025-07-16,social,Algeria
2723,Michelle Lynch,michealcollins@example.net,2025-04-27,social,Isle of Man
2724,Stephanie Webb,lori79@example.org,2025-07-04,organic,Congo
2725,Amanda Roberson,jacksonkara@example.com,2025-11-11,organic,Benin
2726,Eric Castillo,meadowsrichard@example.com,2024-08-11,organic,Germany
2727,Carrie Preston,kimberlyjones@example.org,2024-09-10,paid_search,Bhutan
2728,Debra Grant DVM,madisonmorales@example.org,2025-11-27,paid_search,Estonia
2729,Diane Williams,elizabeth72@example.com,2025-09-02,paid_search,Slovenia
2730,Brandy Bartlett,hollowayjonathan@example.org,2024-03-24,organic,Solomon Islands
2731,Vanessa Ferguson,samuelbuchanan@example.net,2025-06-22,social,France
2732,Nicole Lewis,james18@example.com,2025-04-02,organic,Malaysia
2733,Amber Martinez,nbradshaw@example.org,2025-06-24,paid_search,Honduras
2734,James Schmidt,romanbrendan@example.com,2025-12-21,direct,Ireland
2735,Roberto Howard,johnmaynard@example.org,2025-01-05,direct,San Marino
2736,Timothy Smith,hsherman@example.org,2024-03-20,social,Guernsey
2737,Mr. Brandon Cook,johnfrey@example.org,2025-07-31,direct,British Virgin Islands
2738,Kimberly Aguilar,angelalawrence@example.org,2024-04-24,email,Korea
2739,Scott Mills,imoore@example.com,2024-03-04,,Ecuador
2740,Nancy Lucas,cyoung@example.net,2025-07-14,paid_search,Guinea
2741,Joyce Jackson,jose66@example.org,2025-06-01,organic,Bermuda
2742,Howard Sloan,kelly42@example.net,2024-07-26,paid_search,Hungary
2743,Robert Duran,smithjuan@example.org,2025-08-09,paid_search,North Macedonia
2744,David Brown,stevenschristopher@example.org,2025-07-03,paid_search,Greece
2745,Scott Wilcox,kaylajones@example.com,2024-06-02,social,Paraguay
2746,Christy Watson,chris40@example.net,2024-06-17,social,El Salvador
2747,Lisa Fletcher,rosscrystal@example.net,2024-12-01,email,Reunion
2748,John Graves,iknight@example.com,2025-06-16,paid_search,Canada
2749,James Davis,khanamy@example.org,2025-03-28,referral,Congo
2750,Sharon Pham,qbowen@example.org,2024-04-29,social,Mexico
2751,Jeffrey Sexton,escobaralexander@example.org,2025-11-27,organic,Slovakia (Slovak Republic)
2752,Kathryn Smith,ashley63@example.com,2024-07-29,social,Bangladesh
2753,Barbara Leonard,melissamartinez@example.com,2025-08-20,paid_search,Czech Republic
2754,Ashley Cox,christophergonzalez@example.net,2025-05-15,organic,Ethiopia
2755,Benjamin Webb,egonzales@example.org,2024-04-03,direct,Jamaica
2756,Shannon Tucker,andersonsandra@example.net,2025-06-06,paid_search,Pitcairn Islands
2757,Thomas Douglas,steinthomas@example.net,2025-04-01,organic,Gambia
2758,Michael Skinner,morgan85@example.com,2024-02-26,referral,Western Sahara
2759,Carlos Ho,karanavarro@example.net,2025-04-09,social,Philippines
2760,Brian Jimenez,reginaldholland@example.org,2024-05-15,paid_search,Sweden
2761,Matthew Larsen,jonathanvaughn@example.org,2025-06-09,paid_search,Georgia
2762,Evan Stein,davidsutton@example.net,2025-03-01,paid_search,Chile
2763,Mark Allen,murilloevelyn@example.net,2025-04-12,social,El Salvador
2764,Veronica Shepherd,pwalker@example.org,2025-07-31,organic,Ghana
2765,Ryan Padilla,tgoodwin@example.com,2024-02-29,paid_search,Nigeria
2766,Lisa Johns,vholt@example.net,2025-07-26,direct,Philippines
2767,Timothy Williams,riceelizabeth@example.org,2025-04-18,email,Somalia
2768,Sarah Roberts,johnny59@example.net,2025-11-19,paid_search,Bahamas
2769,Jeffrey Garrett,isaiah70@example.com,2024-11-11,email,Chile
2770,Adrian Collins,tracey43@example.net,2024-01-23,social,Sao Tome and Principe
2771,Juan Mcconnell,ihunter@example.com,2025-02-09,paid_search,Ireland
2772,Monique Garcia,coxalexandria@example.com,2024-09-17,paid_search,Faroe Islands
2773,Kenneth Stuart,zroberts@example.com,2024-01-04,referral,Cambodia
2774,Brittney Henry,william20@example.org,2024-08-11,organic,Bermuda
2775,Mr. James Poole DVM,ellisdonna@example.net,2025-08-15,email,Cayman Islands
2776,Paul Martin,tricia49@example.org,2024-03-15,organic,Uruguay
2777,Matthew Newman,mccarthyvictoria@example.org,2024-02-16,,Uruguay
2778,Brian Turner,shannonyork@example.net,2025-03-09,paid_search,Belarus
2779,Mary Flores,fbond@example.com,2024-12-18,organic,Luxembourg
2780,Dawn Williams,michellesmith@example.org,2025-12-18,paid_search,Afghanistan
2781,Brian Walsh,williamseric@example.com,2024-03-06,paid_search,Kazakhstan
2782,Courtney Morris,reginaldjohnson@example.net,2025-07-08,referral,Bermuda
2783,Jeremy Lopez,ramirezjason@example.net,2024-03-02,direct,Tonga
2784,Carl Gibbs,talexander@example.com,2024-03-11,social,Syrian Arab Republic
2785,Brad Payne,qstout@example.net,2025-04-28,referral,Niger
2786,Hannah Stewart,michelle56@example.com,2024-02-02,paid_search,Timor-Leste
2787,Michael Berry,monicagriffin@example.net,2024-10-20,direct,Sao Tome and Principe
2788,Amy Campbell,uschneider@example.org,2025-02-22,paid_search,Indonesia
2789,Melinda Smith DDS,rodriguezjessica@example.org,2024-07-03,direct,Antigua and Barbuda
2790,Jason Harrison,ehenderson@example.net,2024-05-18,direct,Luxembourg
2791,Kerri Smith,qpeters@example.net,2025-10-18,social,Kiribati
2792,Raymond Kelly,wuisaac@example.com,2025-10-23,direct,Cayman Islands
2793,Jason Miller,thomashuff@example.org,2025-03-06,email,Suriname
2794,Katie Brown,huntnatalie@example.com,2025-01-18,paid_search,Oman
2795,Maria Wright,craig64@example.com,2025-01-26,organic,Burkina Faso
2796,Denise Norton,williamnorman@example.net,2025-04-04,email,Tokelau
2797,Matthew Simmons,elizabeth83@example.org,2025-01-21,paid_search,Yemen
2798,Anthony Young,heather68@example.com,2025-01-19,social,Angola
2799,Latoya Costa,williamsmith@example.com,2024-03-23,direct,Kazakhstan
2800,Michael Webb,josephwilliamson@example.com,2025-11-30,paid_search,Christmas Island
2801,Stephanie Lowe,dianerodriguez@example.com,2025-11-08,social,Heard Island and McDonald Islands
2802,Edward Bautista,reyeskristen@example.net,2025-07-06,direct,Monaco
2803,Lauren Gray,uyoung@example.org,2024-05-16,direct,Tunisia
2804,Ashley Singh,rodriguezrobin@example.org,2025-10-31,direct,Spain
2805,John Valdez,ismith@example.net,2024-12-22,email,Nauru
2806,Patrick Jones,lisa88@example.net,2024-05-01,direct,Reunion
2807,Christopher Richardson,jonathan28@example.net,2024-07-01,social,Nigeria
2808,Kristie Banks,xmills@example.com,2025-07-04,paid_search,Bhutan
2809,Donna Cook,christiescott@example.net,2025-02-06,organic,Brunei Darussalam
2810,Bryan Price,tiffanywest@example.net,2025-06-25,social,British Virgin Islands
2811,Anthony Warren Jr.,bakernicole@example.org,2024-05-10,paid_search,Saint Vincent and the Grenadines
2812,Megan Rodriguez,darius69@example.org,2024-08-16,social,Falkland Islands (Malvinas)
2813,Nicholas Garcia,traviswiggins@example.org,2024-01-04,social,Guinea-Bissau
2814,Erin Martin,lhall@example.net,2024-01-24,paid_search,Seychelles
2815,Alicia Williams,cmiller@example.net,2024-11-01,email,Tajikistan
2816,Meredith Cooper,davidhill@example.com,2025-04-19,social,Turkey
2817,Christina Lawrence,kimberly24@example.org,2025-11-20,organic,Puerto Rico
2818,Jessica Simmons,ahodges@example.com,2025-07-11,paid_search,Belarus
2819,Katherine Ryan,qbryant@example.net,2025-03-10,paid_search,Myanmar
2820,Paul Kent,james51@example.org,2025-06-28,organic,Liberia
2821,Patricia Hinton,davidtaylor@example.org,2025-01-23,direct,French Polynesia
2822,Nicole Williams,harrisvincent@example.com,2024-08-23,paid_search,Germany
2823,Zachary Lopez,gbell@example.org,2024-09-10,social,Ethiopia
2824,Rachel Cunningham,lisa66@example.com,2025-04-16,paid_search,Saudi Arabia
2825,Jonathan Baxter MD,edwardsalejandra@example.org,2024-12-20,organic,French Polynesia
2826,Kristy Baker,andrea16@example.org,2024-06-07,referral,Maldives
2827,Joan Deleon,walkerstephanie@example.org,2024-10-09,social,Uruguay
2828,James Potter,zachary09@example.com,2024-07-12,paid_search,Lithuania
2829,David Summers,amymalone@example.org,2024-04-25,organic,Solomon Islands
2830,Krista Diaz,lauragonzales@example.org,2024-02-02,paid_search,Marshall Islands
2831,Alexander Rocha,amber66@example.net,2025-11-07,organic,Singapore
2832,Rebecca Khan,fjones@example.com,2025-03-05,social,Tunisia
2833,Christina Morton,sethhanson@example.com,2025-09-21,paid_search,Afghanistan
2834,Sonya White,edwin34@example.net,2024-01-17,paid_search,Cameroon
2835,Roberto Downs,karl44@example.net,2024-09-03,organic,Estonia
2836,Joann Oliver,rtaylor@example.com,2024-07-30,direct,Japan
2837,Mr. Phillip Miller MD,samanthaparks@example.com,2024-03-09,direct,Montserrat
2838,Tamara Moran,hthomas@example.org,2024-04-13,paid_search,Central African Republic
2839,Courtney Anderson,mathew21@example.net,2025-08-31,social,Zimbabwe
2840,Vanessa Long,hannahbrown@example.org,2024-02-04,organic,Uruguay
2841,Beth Peterson,nbrown@example.com,2025-04-02,organic,Oman
2842,Tracy Carter,stephaniehill@example.org,2025-09-04,social,Antigua and Barbuda
2843,Marilyn Stephenson,lisareed@example.com,2025-11-19,direct,Egypt
2844,Cheryl Evans,karenjuarez@example.net,2025-12-21,direct,Fiji
2845,Jennifer Glover,benjaminmarshall@example.com,2024-02-19,email,Czech Republic
2846,Roy Guerra,bethanyaustin@example.org,2024-09-07,organic,Philippines
2847,Andrea Martin,coreychandler@example.com,2024-02-15,social,Martinique
2848,Shane Ellis,hernandezwilliam@example.net,2025-02-15,paid_search,Bahrain
2849,Scott Mccormick,phammary@example.com,2025-03-25,email,Andorra
2850,Taylor Bradshaw,yhopkins@example.net,2024-08-27,organic,Guernsey
2851,Debbie Martin,rglover@example.com,2025-07-06,social,Pakistan
2852,Douglas Robles,maryhayes@example.com,2024-08-10,,Saint Helena
2853,Natasha Keller,doris55@example.com,2024-02-27,paid_search,Fiji
2854,Jon Maddox,ycunningham@example.net,2024-05-23,direct,Moldova
2855,Melissa Mcclure,jerry02@example.com,2025-05-30,paid_search,Slovakia (Slovak Republic)
2856,Cheryl Burke,jennifer24@example.org,2024-10-23,email,Saint Martin
2857,James Ochoa,steinhaley@example.com,2024-08-27,paid_search,Mauritius
2858,Thomas Payne,gomeztina@example.com,2025-08-12,paid_search,Costa Rica
2859,Dennis Beck,juangarza@example.net,2024-11-22,paid_search,Czech Republic
2860,Casey Thompson,awilson@example.org,2025-08-14,paid_search,Belarus
2861,Wendy Williams,brendashelton@example.com,2025-09-04,referral,United States of America
2862,Gregory Griffith,rosalescynthia@example.com,2025-11-19,paid_search,Cocos (Keeling) Islands
2863,Raymond Kelly,christopherramsey@example.net,2024-11-24,direct,Sierra Leone
2864,Robert Wilson,timothy54@example.org,2024-08-30,email,Maldives
2865,Stephanie Thomas,mathewsjoshua@example.org,2024-11-05,organic,Liechtenstein
2866,Austin Rice,kaitlingray@example.com,2024-05-26,email,Denmark
2867,Jordan Ball,gkelly@example.net,2025-11-07,email,Western Sahara
2868,David Jacobs,lisa60@example.com,2025-06-17,social,Mali
2869,Greg Smith,russoalexis@example.com,2024-08-14,paid_search,San Marino
2870,Bryan Jones,roberttaylor@example.net,2025-02-27,organic,Israel
2871,Laura Dickson,fhenderson@example.org,2024-11-03,referral,Venezuela
2872,Cameron Stokes,gonzalezallen@example.org,2024-10-08,direct,Marshall Islands
2873,Alex Hubbard,ppreston@example.com,2024-03-03,referral,Swaziland
2874,Anne Martinez,racosta@example.com,2025-07-24,organic,Slovenia
2875,Vincent Boone,kristinescott@example.net,2025-08-28,social,Lesotho
2876,Mallory Blake,deanna06@example.net,2024-06-28,organic,Zimbabwe
2877,David Mcdonald,christian78@example.net,2025-10-03,organic,Uruguay
2878,Ricardo Rocha,gpatterson@example.net,2025-11-26,paid_search,Sierra Leone
2879,Becky Nguyen,datkinson@example.com,2025-03-13,email,Senegal
2880,Lindsey Mann,kevin96@example.org,2025-07-23,paid_search,Czech Republic
2881,Sandra Smith,brittany25@example.com,2025-05-22,organic,Jamaica
2882,Michael White,ccabrera@example.org,2024-02-18,referral,Saint Helena
2883,Carrie Campos,gina68@example.net,2024-12-18,paid_search,Bahrain
2884,Malik Carlson,xjohnson@example.org,2025-10-20,paid_search,China
2885,Thomas Brown,zcopeland@example.com,2025-11-18,paid_search,Pakistan
2886,Scott Rivers,dylan88@example.net,2025-01-25,direct,Hungary
2887,Mark Contreras,johngreer@example.com,2025-06-21,email,Angola
2888,Debra Gomez,kellerbrandon@example.org,2024-11-22,organic,Luxembourg
2889,Michelle Jacobson,sadams@example.org,2025-12-14,referral,Malta
2890,Colleen Robinson,dennisana@example.com,2025-03-02,referral,San Marino
2891,Lindsey Holt,paula34@example.net,2025-02-22,organic,Ireland
2892,Jon Lambert,qsavage@example.net,2024-06-01,social,Morocco
2893,Charles Herrera,usmith@example.org,2024-11-03,social,Honduras
2894,Steven Randolph,laurasweeney@example.org,2025-01-20,social,North Macedonia
2895,Melody Gutierrez,simpsondillon@example.org,2024-07-07,paid_search,French Guiana
2896,Amy Romero,stephennewton@example.net,2025-07-04,,Lithuania
2897,Bradley Shepherd,ischultz@example.com,2025-04-29,email,Cyprus
2898,Laura Lewis,woodssheila@example.com,2024-09-03,paid_search,Saint Barthelemy
2899,Emily Henderson,kevinbrown@example.com,2024-08-18,organic,Myanmar
2900,Donald Lowe,floresdaniel@example.net,2024-11-03,paid_search,Bosnia and Herzegovina
2901,Claudia Tran,sharon83@example.org,2025-12-25,paid_search,Lithuania
2902,Jennifer Thompson,millerjason@example.org,2024-05-27,,United States Virgin Islands
2903,Jason Joseph,collierheidi@example.org,2025-04-19,paid_search,Thailand
2904,Sara Greer,theresa67@example.org,2024-02-29,organic,Saudi Arabia
2905,Amber Ortiz,rowlandjohn@example.com,2025-07-29,email,Czech Republic
2906,Erin Vega,mfrey@example.org,2025-02-26,paid_search,United States Virgin Islands
2907,Thomas Davis,xcalhoun@example.org,2025-03-02,direct,Hong Kong
2908,Christopher Lewis,ryan74@example.net,2025-07-24,paid_search,Iceland
2909,Leslie Johnson,john42@example.com,2025-06-26,organic,Afghanistan
2910,Jeffrey Waters,teresaramirez@example.com,2024-05-17,organic,South Africa
2911,Desiree Richards,andrewbrewer@example.com,2025-02-01,paid_search,Chile
2912,Gary House,ashleyhumphrey@example.net,2024-09-05,paid_search,Guinea-Bissau
2913,Juan Evans,amy74@example.com,2024-09-18,social,Australia
2914,Sarah Stout,lsanchez@example.org,2024-07-27,direct,Australia
2915,Mary Roberts,oharris@example.org,2024-12-04,paid_search,Martinique
2916,Steven Hicks,fpatel@example.net,2025-10-24,social,Panama
2917,Luke Osborn,jonespaige@example.org,2024-03-21,social,Grenada
2918,Jessica Conner,olivia29@example.net,2025-04-05,referral,Russian Federation
2919,Katherine Dyer,brucelittle@example.net,2025-01-14,organic,Iran
2920,Lori Ewing,johnestrada@example.net,2024-04-04,organic,Saint Martin
2921,Shawn Clark,dennis23@example.com,2025-07-02,organic,Iceland
2922,Connie Costa,yholt@example.org,2024-07-14,social,Niue
2923,Teresa Bailey,hmeyer@example.org,2024-02-22,referral,Luxembourg
2924,Michelle Gibson,bernardian@example.org,2024-10-01,paid_search,Guinea-Bissau
2925,Brendan Smith,jesse71@example.org,2025-01-21,organic,Gibraltar
2926,Bernard Stein,anthonyknox@example.com,2025-11-20,direct,Estonia
2927,Karen Larson,maryjones@example.net,2025-09-11,referral,Kazakhstan
2928,Eric Mcbride,allenjeremy@example.org,2025-09-09,direct,Gambia
2929,Michelle Cobb,sreynolds@example.org,2024-02-10,social,Cocos (Keeling) Islands
2930,Michael Jordan,rochajennifer@example.net,2024-03-15,organic,Antarctica (the territory South of 60 deg S)
2931,Stanley Odom,feliciagates@example.net,2024-07-11,email,Sudan
2932,Kara Erickson,teresa01@example.net,2025-08-24,social,Latvia
2933,Patrick Smith,christinehays@example.org,2025-11-18,paid_search,Sweden
2934,Aaron Park,hudsonbradley@example.com,2025-07-26,email,Egypt
2935,Kyle Howe,colehaley@example.org,2024-08-10,social,French Polynesia
2936,Taylor Camacho,murphygary@example.com,2025-05-05,paid_search,Algeria
2937,Alyssa Kline,robinsonfrancisco@example.com,2024-08-01,social,Ecuador
2938,Erik Watson,aandrews@example.org,2024-12-06,email,Hungary
2939,Travis Howard,christopherfletcher@example.net,2024-11-06,direct,Turkmenistan
2940,Steven Stevenson,ssparks@example.net,2024-01-16,paid_search,Philippines
2941,Denise Figueroa,phoward@example.com,2024-08-04,paid_search,France
2942,Douglas Fox,vbailey@example.com,2024-07-13,social,Zimbabwe
2943,Benjamin Jarvis,kristina80@example.org,2024-04-30,paid_search,Antarctica (the territory South of 60 deg S)
2944,Rachel Peterson,angel39@example.net,2025-05-05,social,Northern Mariana Islands
2945,Eric Mccarthy,robinbrown@example.org,2024-09-05,social,Cambodia
2946,Jose Hayes,xmartin@example.com,2025-12-13,paid_search,Wallis and Futuna
2947,Stephanie Larson,dustingraves@example.com,2025-09-10,email,Czech Republic
2948,Ronald Carlson,nbeck@example.net,2025-12-21,email,Jamaica
2949,Joshua Nelson,maydawn@example.net,2024-07-28,organic,Spain
2950,Shannon Hernandez,bwilliams@example.org,2025-02-10,direct,Lebanon
2951,Calvin Graham,darryl16@example.com,2024-09-02,referral,Latvia
2952,Monique Riley,christopher71@example.org,2025-07-19,social,Central African Republic
2953,Anthony Arnold,markbriggs@example.org,2024-11-25,social,Armenia
2954,Gordon Wilson,fhopkins@example.net,2024-10-16,organic,Tunisia
2955,Daniel Wyatt,bradley03@example.org,2025-01-24,direct,Timor-Leste
2956,Julie Pruitt DDS,taylorgay@example.net,2025-04-22,social,Malaysia
2957,William Hicks,idavis@example.com,2025-06-30,social,Libyan Arab Jamahiriya
2958,Timothy Mccullough,mario31@example.net,2025-10-26,referral,Barbados
2959,Diane Smith,martha83@example.org,2025-01-02,paid_search,Ethiopia
2960,Kevin Evans,mark45@example.org,2024-11-11,referral,Luxembourg
2961,Alan Hawkins,joseph95@example.net,2024-09-24,paid_search,Barbados
2962,William Smith,vnelson@example.org,2025-01-03,organic,Dominica
2963,Laura Johnson,cbush@example.net,2025-06-09,organic,Moldova
2964,Denise Gardner,melaniehall@example.org,2025-05-24,direct,Moldova
2965,Brett Raymond,casey43@example.org,2025-04-22,referral,Montserrat
2966,Brittany Ramsey,johnnyschultz@example.com,2024-04-10,social,Mexico
2967,Michele Harrison,brian93@example.org,2025-04-25,social,Slovenia
2968,Nancy Marshall,erin81@example.com,2024-11-23,email,China
2969,Wendy Johnson,njohnson@example.net,2024-07-27,direct,Korea
2970,Gregory Hanna,qrodriguez@example.com,2025-01-14,organic,Lebanon
2971,Laura Brown,bryantiffany@example.net,2024-11-16,organic,Kyrgyz Republic
2972,Sarah Browning,lanewilliam@example.org,2025-02-27,paid_search,Argentina
2973,Amy Thompson,thomas55@example.org,2024-02-16,social,Mozambique
2974,Gregory Campbell Jr.,hweiss@example.com,2025-07-30,social,Isle of Man
2975,Veronica Mcintosh,scottbilly@example.org,2024-08-14,organic,Svalbard & Jan Mayen Islands
2976,Lisa Hughes,levicopeland@example.com,2024-05-29,paid_search,Kuwait
2977,Gloria Ramirez,randall07@example.net,2024-01-17,referral,Cuba
2978,Rodney Ball,hintonderek@example.com,2024-09-24,paid_search,Nepal
2979,Jenna Wright,michaelwilliams@example.com,2025-07-20,social,Spain
2980,Matthew Shaw,christine20@example.net,2025-08-21,direct,Mozambique
2981,Douglas Pearson,kathy72@example.com,2025-08-16,organic,Macao
2982,Timothy Garcia,william29@example.com,2025-03-03,paid_search,Saudi Arabia
2983,William Black,ellisontim@example.com,2024-10-29,social,Burundi
2984,Joseph Owen,gdunn@example.com,2024-06-05,referral,United States of America
2985,Rhonda Moss,allendonald@example.org,2024-07-19,email,Turks and Caicos Islands
2986,Samantha Santana,sharonholder@example.com,2024-12-03,direct,Wallis and Futuna
2987,Angela Roberts,arusso@example.net,2024-08-23,paid_search,Eritrea
2988,Tammy Short,yflores@example.com,2025-01-23,email,Tajikistan
2989,Justin Petersen,ericmyers@example.org,2025-08-06,social,Lesotho
2990,Dr. Lisa Barnes,pburton@example.com,2024-09-08,referral,Micronesia
2991,Tanner Mendoza,reneemiranda@example.com,2025-05-26,paid_search,Bulgaria
2992,Todd Wiley,michelle45@example.net,2025-07-17,referral,Slovenia
2993,Samantha Stevenson,fryevalerie@example.com,2025-11-01,email,Indonesia
2994,Joel Reynolds,staceyjohns@example.com,2025-12-02,organic,Comoros
2995,Angela Smith,victoria70@example.org,2024-12-11,paid_search,Monaco
2996,Melissa Olsen,christophermiller@example.com,2024-09-20,referral,Turks and Caicos Islands
2997,Raymond Barron,colemansusan@example.org,2025-05-15,paid_search,Argentina
2998,John Charles,joelmoore@example.com,2025-10-19,organic,Swaziland
2999,Rebecca Nguyen,william46@example.com,2025-05-17,paid_search,Yemen
3000,Ethan Williams,housemichael@example.org,2025-04-16,referral,Saint Pierre and Miquelon
1958,David Spencer,donald95@example.net,2025-06-09,organic,Egypt
2088,Troy Lee,ibryant@example.net,2025-07-10,social,Kazakhstan
1395,Fernando Ramsey,chines@example.com,2024-04-09,organic,Mali
1521,Michelle Mcdonald,wisetravis@example.org,2024-11-28,paid_search,Cote d'Ivoire
1099,Shane Simmons,xsmith@example.org,2025-07-16,social,French Guiana
394,Douglas Robinson,norma20@example.net,2024-11-02,,Grenada
29,Deborah Garcia,erobinson@example.org,2025-04-04,email,Congo
100,Nicholas Garrison,johnstonmark@example.net,2024-11-28,paid_search,Tonga
352,William George,tstevens@example.org,2024-11-19,referral,Poland
2021,Mr. John Rivera,katherine36@example.net,2025-08-11,direct,Malawi
1353,Sean Coleman,bensonbrenda@example.net,2025-07-24,organic,Montenegro
1145,Kimberly Davis,travismckinney@example.org,2025-06-03,paid_search,Guyana
2856,Cheryl Burke,jennifer24@example.org,2024-10-23,email,Saint Martin
1226,Theresa Thornton,kristinsmall@example.com,2025-12-21,social,Chad
298,Lisa Bates,kerry35@example.org,2024-08-06,paid_search,Japan
1786,Miss Alicia Webb,brittanydavidson@example.com,2025-04-17,referral,Pakistan
127,Ryan Hamilton,nflores@example.net,2025-02-12,referral,Qatar
2758,Michael Skinner,morgan85@example.com,2024-02-26,referral,Western Sahara
1597,James Harris,xcole@example.org,2025-07-28,paid_search,Saint Vincent and the Grenadines
2028,Alexander Ross,shannonwebb@example.com,2024-12-27,direct,Pakistan
2997,Raymond Barron,colemansusan@example.org,2025-05-15,paid_search,Argentina
682,Jonathan Hernandez,alex50@example.org,2025-05-03,paid_search,Saint Martin
46,John Miller,ywhite@example.com,2024-12-18,social,Bahrain
1437,Cheryl Mccullough,dianecunningham@example.net,2024-08-05,organic,Burundi
2748,John Graves,iknight@example.com,2025-06-16,paid_search,Canada
302,Sarah Harris,vwyatt@example.org,2025-01-23,email,Faroe Islands
2649,Melinda Walsh,brucewilliams@example.org,2024-07-16,organic,Gabon
1608,Cindy Curry,ortizjames@example.org,2024-01-30,referral,Mexico
637,Jonathan Lee,francesayers@example.com,2025-05-01,email,Uruguay
548,Caleb Johnston,walkertodd@example.com,2024-07-15,social,Slovakia (Slovak Republic)
1266,Nicole Cardenas,robinsonsteven@example.net,2025-04-21,paid_search,Falkland Islands (Malvinas)
1271,Kimberly Williams,riley85@example.org,2024-03-16,social,Panama
679,Thomas Jones,gsimpson@example.net,2024-01-21,direct,Spain
2613,Brian Lopez,plee@example.net,2024-10-21,paid_search,Kiribati
2157,Omar Brown,erikajenkins@example.com,2024-02-05,paid_search,Tonga
706,Cody Galloway,walsholivia@example.com,2025-09-29,direct,Cuba
1509,James Gregory,joconnor@example.com,2024-03-23,social,Mozambique
111,Isaac Wright,scottkatelyn@example.net,2024-08-05,paid_search,Niger
2354,Danielle Hunt,hughesbarbara@example.com,2024-11-22,referral,Austria
2178,Bryan Lewis,wcopeland@example.net,2025-01-10,social,Burkina Faso
2049,Christie Hawkins,jamie81@example.net,2025-01-31,email,Thailand
283,Erik Hart,abigail06@example.org,2024-09-12,organic,Ukraine
1101,Nathaniel Long,jermainelozano@example.net,2024-10-21,paid_search,Heard Island and McDonald Islands
561,Andrew Spencer,andrewjames@example.org,2024-10-20,social,Heard Island and McDonald Islands
564,Jason Hurley,marcus70@example.net,2025-08-16,paid_search,Burkina Faso
578,Theresa Carroll,hhurley@example.org,2024-10-17,direct,Cocos (Keeling) Islands
1820,Stacy Sanchez,michael28@example.org,2024-02-10,organic,Martinique
1951,James Williams,calebmclaughlin@example.com,2025-06-12,paid_search,Mayotte
1560,Jennifer Jackson,gomezphilip@example.com,2024-04-08,direct,Equatorial Guinea
300,Mark Marshall,qlynch@example.com,2024-03-01,paid_search,Faroe Islands
1923,Eric Gray,heather72@example.net,2024-08-27,social,Guernsey
1066,Jeffrey Patterson,kingelizabeth@example.org,2024-12-03,social,Lesotho
2039,Grant Rodriguez,jessicafry@example.com,2025-06-22,paid_search,British Indian Ocean Territory (Chagos Archipelago)
535,Paul Jones,villanuevatyler@example.org,2025-11-10,social,French Southern Territories
2924,Michelle Gibson,bernardian@example.org,2024-10-01,paid_search,Guinea-Bissau
2766,Lisa Johns,vholt@example.net,2025-07-26,direct,Philippines
2227,Grant Douglas,cookjennifer@example.com,2025-06-04,organic,American Samoa
274,Andre Sanford,christensenteresa@example.net,2024-07-15,direct,Kuwait
395,Elizabeth Jarvis,jacksonjason@example.org,2025-11-10,organic,Samoa
193,Michael Thompson,jcummings@example.net,2024-03-28,direct,Puerto Rico
99,Angela Castaneda,christineglenn@example.net,2025-12-02,paid_search,United States of America
1202,Jody Blair,daniel00@example.org,2025-12-10,paid_search,Latvia
2631,Robin Mcgrath,matthewpaul@example.net,2024-10-23,social,Pitcairn Islands
2246,Kristen Lang,cynthiaaustin@example.net,2025-02-11,email,Lithuania
1229,Carmen Johnson,ccook@example.com,2024-06-19,direct,Lao People's Democratic Republic
541,Steven Lee,maryrodriguez@example.net,2025-02-22,direct,French Southern Territories
2389,Kristin Nelson,jenna11@example.org,2024-12-27,social,Senegal
42,Candace Smith,jason89@example.net,2024-04-04,organic,Antigua and Barbuda
956,Deborah Werner,cohencindy@example.com,2025-04-06,organic,Palau
2329,Joseph Lopez,kroach@example.com,2025-12-02,social,Rwanda
2621,Michael Garcia,qbrown@example.org,2024-08-25,social,Tuvalu
1136,Jessica Kelly,timothyford@example.net,2025-01-27,paid_search,Malawi
1598,Robert Schneider,sharon31@example.net,2025-09-28,paid_search,Grenada
206,Alexis Campbell,jessicascott@example.net,2025-03-09,paid_search,Cameroon
2260,Anna Farmer,jamesburgess@example.org,2025-06-13,organic,Gibraltar
4,Mindy Rhodes,icox@example.com,2024-10-08,email,Martinique
621,Arthur Greene Jr.,kkeith@example.net,2024-05-04,paid_search,Brunei Darussalam
536,Denise Hudson,stephaniekerr@example.org,2024-05-07,direct,Tuvalu
2361,Isaac Hopkins,ericgomez@example.com,2024-05-24,paid_search,Cape Verde
1491,Christopher Carpenter,danielnewman@example.org,2025-09-21,paid_search,Equatorial Guinea
293,Jennifer Barron,susan43@example.com,2024-08-30,referral,Poland
928,Nicholas Morgan,paul53@example.net,2024-07-07,email,Venezuela
2301,Cody Sloan,mcgrathashley@example.net,2024-06-24,referral,Dominican Republic
1661,Joan Dean,rjenkins@example.com,2024-10-17,social,China
433,Casey Curry,smithmichael@example.net,2024-04-24,social,Papua New Guinea
749,Mary Parker,richardjackson@example.org,2024-09-01,direct,Liechtenstein
608,Cameron Thomas,davisapril@example.org,2025-11-02,organic,China
614,Alejandro Murray MD,fgutierrez@example.org,2024-06-29,paid_search,Morocco
789,Shannon Turner,raybrooks@example.com,2025-06-29,organic,Somalia
1989,Patricia Mueller,hcoleman@example.com,2025-04-25,organic,Indonesia
