customer_id,recency_days,frequency,monetary,r_score,f_score,m_score,rfm_total,customer_segment
2149,15,5,324.73,5,5,5,15,Champions
624,15,6,293.17,5,5,5,15,Champions
2719,15,6,431.34,5,5,5,15,Champions
1523,15,7,387.23,5,5,5,15,Champions
2136,15,7,432.07,5,5,5,15,Champions
2454,15,7,564.61,5,5,5,15,Champions
1703,15,8,596.67,5,5,5,15,Champions
770,15,8,647.59,5,5,5,15,Champions
595,14,4,386.4,5,5,5,15,Champions
1295,14,6,358.4,5,5,5,15,Champions
922,14,6,360.63,5,5,5,15,Champions
681,14,7,309.4,5,5,5,15,Champions
1582,14,7,380.07,5,5,5,15,Champions
1128,14,10,611.05,5,5,5,15,Champions
907,13,5,280.39,5,5,5,15,Champions
986,13,5,321.04,5,5,5,15,Champions
898,13,5,340.31,5,5,5,15,Champions
1043,13,5,352.6,5,5,5,15,Champions
2016,13,6,308.21,5,5,5,15,Champions
1882,13,6,656.58,5,5,5,15,Champions
395,13,7,389.6,5,5,5,15,Champions
955,13,7,398.41,5,5,5,15,Champions
1969,13,7,548.83,5,5,5,15,Champions
2919,13,8,506.3,5,5,5,15,Champions
2325,13,8,572.79,5,5,5,15,Champions
655,13,9,530.33,5,5,5,15,Champions
2930,12,5,291.6,5,5,5,15,Champions
1045,12,5,327.58,5,5,5,15,Champions
687,12,5,353.02,5,5,5,15,Champions
1158,12,5,369.78,5,5,5,15,Champions
2354,12,7,409.57,5,5,5,15,Champions
1529,12,7,479.66,5,5,5,15,Champions
384,12,8,364.03,5,5,5,15,Champions
2732,12,9,544.68,5,5,5,15,Champions
247,11,5,286.16,5,5,5,15,Champions
2691,11,5,406.78,5,5,5,15,Champions
416,11,5,453.87,5,5,5,15,Champions
167,11,5,500.87,5,5,5,15,Champions
527,11,6,293.61,5,5,5,15,Champions
2909,11,7,365.65,5,5,5,15,Champions
1208,11,7,381.53,5,5,5,15,Champions
2129,11,7,464.16,5,5,5,15,Champions
784,11,7,527.23,5,5,5,15,Champions
1138,11,8,558.43,5,5,5,15,Champions
1498,11,9,513.34,5,5,5,15,Champions
1574,11,9,574.28,5,5,5,15,Champions
2825,11,9,751.78,5,5,5,15,Champions
1938,10,5,371.32,5,5,5,15,Champions
1589,10,7,370.11,5,5,5,15,Champions
715,10,8,376.29,5,5,5,15,Champions
2685,10,9,582.96,5,5,5,15,Champions
2873,10,9,631.86,5,5,5,15,Champions
2130,10,10,540.75,5,5,5,15,Champions
143,9,5,318.79,5,5,5,15,Champions
405,9,6,287.15,5,5,5,15,Champions
1204,9,7,325.54,5,5,5,15,Champions
2306,9,8,407.53,5,5,5,15,Champions
2981,9,8,549.67,5,5,5,15,Champions
456,9,9,439.64,5,5,5,15,Champions
584,9,9,648.67,5,5,5,15,Champions
759,8,6,339.82,5,5,5,15,Champions
858,8,8,350.35,5,5,5,15,Champions
1193,8,9,429.51,5,5,5,15,Champions
273,8,9,618.77,5,5,5,15,Champions
837,7,4,417.52,5,5,5,15,Champions
916,7,4,447.55,5,5,5,15,Champions
453,7,5,301.13,5,5,5,15,Champions
2165,7,5,303.4,5,5,5,15,Champions
2661,7,5,355.53,5,5,5,15,Champions
495,7,5,370.01,5,5,5,15,Champions
2384,7,5,412.39,5,5,5,15,Champions
1485,7,6,291.47,5,5,5,15,Champions
565,7,6,477.31,5,5,5,15,Champions
282,7,6,497.29,5,5,5,15,Champions
349,7,8,396.0,5,5,5,15,Champions
2890,7,8,616.98,5,5,5,15,Champions
950,6,5,285.57,5,5,5,15,Champions
1924,6,5,290.7,5,5,5,15,Champions
1917,6,5,374.76,5,5,5,15,Champions
1600,6,5,502.09,5,5,5,15,Champions
1511,6,5,535.58,5,5,5,15,Champions
2656,6,6,399.14,5,5,5,15,Champions
2904,6,6,423.15,5,5,5,15,Champions
2430,6,6,432.33,5,5,5,15,Champions
570,6,7,501.91,5,5,5,15,Champions
2163,6,7,657.88,5,5,5,15,Champions
1005,6,8,477.39,5,5,5,15,Champions
2620,6,10,588.48,5,5,5,15,Champions
2133,5,4,403.23,5,5,5,15,Champions
281,5,6,440.38,5,5,5,15,Champions
1968,5,6,534.99,5,5,5,15,Champions
1637,5,7,728.07,5,5,5,15,Champions
2622,5,8,467.88,5,5,5,15,Champions
1223,5,8,500.01,5,5,5,15,Champions
2372,5,8,544.35,5,5,5,15,Champions
2385,5,8,585.7,5,5,5,15,Champions
2662,5,8,604.38,5,5,5,15,Champions
1652,5,9,503.29,5,5,5,15,Champions
37,5,9,604.04,5,5,5,15,Champions
2340,5,10,609.65,5,5,5,15,Champions
393,4,4,368.3,5,5,5,15,Champions
2058,4,4,440.06,5,5,5,15,Champions
2264,4,6,371.04,5,5,5,15,Champions
1314,4,6,409.9,5,5,5,15,Champions
1768,4,7,359.91,5,5,5,15,Champions
2436,4,7,394.64,5,5,5,15,Champions
1351,4,7,532.34,5,5,5,15,Champions
525,4,8,392.56,5,5,5,15,Champions
1838,4,9,498.11,5,5,5,15,Champions
627,4,9,534.36,5,5,5,15,Champions
616,3,4,396.27,5,5,5,15,Champions
1606,3,4,449.01,5,5,5,15,Champions
1056,3,5,306.48,5,5,5,15,Champions
2344,3,5,309.98,5,5,5,15,Champions
1919,3,5,332.84,5,5,5,15,Champions
1225,3,5,397.13,5,5,5,15,Champions
122,3,6,310.71,5,5,5,15,Champions
1448,3,6,494.57,5,5,5,15,Champions
1161,3,7,350.38,5,5,5,15,Champions
361,3,7,379.94,5,5,5,15,Champions
2591,3,7,426.11,5,5,5,15,Champions
2582,3,7,525.0,5,5,5,15,Champions
2045,3,8,333.47,5,5,5,15,Champions
1285,3,8,652.4,5,5,5,15,Champions
1758,3,8,763.59,5,5,5,15,Champions
2197,3,9,553.05,5,5,5,15,Champions
1842,3,9,662.29,5,5,5,15,Champions
566,2,5,288.95,5,5,5,15,Champions
2348,2,5,311.42,5,5,5,15,Champions
2500,2,5,483.9,5,5,5,15,Champions
1553,2,6,334.1,5,5,5,15,Champions
90,2,6,583.86,5,5,5,15,Champions
739,2,7,367.08,5,5,5,15,Champions
1911,2,7,373.2,5,5,5,15,Champions
2337,2,7,410.04,5,5,5,15,Champions
2259,2,7,413.36,5,5,5,15,Champions
2998,2,7,522.17,5,5,5,15,Champions
2518,2,7,535.09,5,5,5,15,Champions
1602,2,7,539.19,5,5,5,15,Champions
700,2,8,361.28,5,5,5,15,Champions
661,2,8,443.17,5,5,5,15,Champions
2007,2,8,592.29,5,5,5,15,Champions
2992,2,8,598.16,5,5,5,15,Champions
2010,2,8,631.06,5,5,5,15,Champions
2706,2,8,770.07,5,5,5,15,Champions
1230,2,9,442.62,5,5,5,15,Champions
2200,2,10,500.58,5,5,5,15,Champions
1953,1,4,419.32,5,5,5,15,Champions
2319,1,5,334.65,5,5,5,15,Champions
2217,1,5,340.73,5,5,5,15,Champions
2592,1,5,378.66,5,5,5,15,Champions
596,1,5,379.89,5,5,5,15,Champions
74,1,6,353.34,5,5,5,15,Champions
828,1,6,368.71,5,5,5,15,Champions
2820,1,6,472.93,5,5,5,15,Champions
265,1,6,686.35,5,5,5,15,Champions
503,1,7,416.14,5,5,5,15,Champions
678,1,8,410.27,5,5,5,15,Champions
2219,1,8,428.95,5,5,5,15,Champions
692,1,8,558.29,5,5,5,15,Champions
392,1,8,571.95,5,5,5,15,Champions
1326,1,9,434.08,5,5,5,15,Champions
1648,1,9,501.07,5,5,5,15,Champions
608,1,9,544.39,5,5,5,15,Champions
2150,1,9,659.06,5,5,5,15,Champions
2083,1,10,480.63,5,5,5,15,Champions
2617,1,10,772.86,5,5,5,15,Champions
1268,0,5,328.51,5,5,5,15,Champions
554,0,5,347.34,5,5,5,15,Champions
2512,0,5,355.02,5,5,5,15,Champions
403,0,5,462.52,5,5,5,15,Champions
1859,0,6,298.85,5,5,5,15,Champions
483,0,6,355.43,5,5,5,15,Champions
1083,0,6,369.61,5,5,5,15,Champions
96,0,6,377.95,5,5,5,15,Champions
60,0,7,297.42,5,5,5,15,Champions
2721,0,7,320.38,5,5,5,15,Champions
2881,0,7,385.44,5,5,5,15,Champions
1854,0,7,402.3,5,5,5,15,Champions
429,0,7,443.44,5,5,5,15,Champions
1874,0,7,457.41,5,5,5,15,Champions
1988,0,7,465.76,5,5,5,15,Champions
1107,0,7,488.23,5,5,5,15,Champions
1531,0,7,514.3,5,5,5,15,Champions
2549,0,7,573.21,5,5,5,15,Champions
2725,0,8,399.68,5,5,5,15,Champions
2490,0,8,435.78,5,5,5,15,Champions
2611,0,8,446.44,5,5,5,15,Champions
1849,0,8,451.36,5,5,5,15,Champions
244,0,8,457.3,5,5,5,15,Champions
1745,0,8,471.04,5,5,5,15,Champions
2181,0,8,572.44,5,5,5,15,Champions
139,0,9,333.56,5,5,5,15,Champions
2501,0,9,417.94,5,5,5,15,Champions
2288,0,9,531.71,5,5,5,15,Champions
83,0,9,619.11,5,5,5,15,Champions
2698,46,5,326.17,4,5,5,14,Champions
1323,46,7,379.01,4,5,5,14,Champions
2216,45,8,381.41,4,5,5,14,Champions
871,45,10,588.55,4,5,5,14,Champions
1664,44,6,311.33,4,5,5,14,Champions
1397,43,4,399.02,4,5,5,14,Champions
1978,43,7,406.44,4,5,5,14,Champions
2571,43,7,778.89,4,5,5,14,Champions
606,43,9,583.44,4,5,5,14,Champions
2483,42,4,505.66,4,5,5,14,Champions
86,42,5,299.78,4,5,5,14,Champions
2840,42,5,512.56,4,5,5,14,Champions
1547,42,8,758.73,4,5,5,14,Champions
1409,41,5,505.65,4,5,5,14,Champions
1468,41,7,505.85,4,5,5,14,Champions
1702,41,8,499.78,4,5,5,14,Champions
726,41,9,497.95,4,5,5,14,Champions
1061,40,5,333.27,4,5,5,14,Champions
398,40,6,408.29,4,5,5,14,Champions
1684,40,7,390.55,4,5,5,14,Champions
1487,40,8,535.59,4,5,5,14,Champions
1378,39,5,342.27,4,5,5,14,Champions
2146,39,6,409.37,4,5,5,14,Champions
1908,39,7,388.96,4,5,5,14,Champions
1064,39,7,476.88,4,5,5,14,Champions
363,38,5,298.29,4,5,5,14,Champions
732,38,7,575.02,4,5,5,14,Champions
1258,38,9,444.28,4,5,5,14,Champions
2438,38,9,497.46,4,5,5,14,Champions
1037,37,6,303.92,4,5,5,14,Champions
2148,37,7,334.08,4,5,5,14,Champions
2144,37,7,527.4,4,5,5,14,Champions
894,37,8,518.92,4,5,5,14,Champions
803,36,4,396.25,4,5,5,14,Champions
1256,36,5,282.46,4,5,5,14,Champions
2283,36,5,347.36,4,5,5,14,Champions
254,36,6,356.3,4,5,5,14,Champions
1674,36,7,690.7,4,5,5,14,Champions
623,36,8,475.24,4,5,5,14,Champions
746,36,8,500.37,4,5,5,14,Champions
217,36,9,471.26,4,5,5,14,Champions
809,35,4,458.24,4,5,5,14,Champions
2263,35,5,387.43,4,5,5,14,Champions
1069,35,6,425.66,4,5,5,14,Champions
1123,35,6,525.54,4,5,5,14,Champions
2429,35,7,485.4,4,5,5,14,Champions
2374,35,8,390.88,4,5,5,14,Champions
1077,35,9,406.71,4,5,5,14,Champions
2583,34,4,371.37,4,5,5,14,Champions
1588,34,5,483.32,4,5,5,14,Champions
117,34,6,386.77,4,5,5,14,Champions
250,34,7,422.87,4,5,5,14,Champions
1018,33,5,294.4,4,5,5,14,Champions
1554,33,6,515.36,4,5,5,14,Champions
272,33,9,550.47,4,5,5,14,Champions
2272,32,8,514.48,4,5,5,14,Champions
1237,32,8,517.88,4,5,5,14,Champions
1058,31,6,314.4,4,5,5,14,Champions
2882,31,6,330.68,4,5,5,14,Champions
1356,31,7,460.53,4,5,5,14,Champions
2124,31,9,400.83,4,5,5,14,Champions
1746,30,7,663.93,4,5,5,14,Champions
1773,30,8,610.38,4,5,5,14,Champions
2865,30,9,491.55,4,5,5,14,Champions
1480,29,5,340.82,4,5,5,14,Champions
427,29,5,353.8,4,5,5,14,Champions
1500,29,5,514.96,4,5,5,14,Champions
512,29,6,302.55,4,5,5,14,Champions
1343,29,7,441.94,4,5,5,14,Champions
1212,29,7,573.84,4,5,5,14,Champions
626,29,7,616.46,4,5,5,14,Champions
2282,29,10,560.82,4,5,5,14,Champions
2488,28,5,284.62,4,5,5,14,Champions
283,28,7,490.55,4,5,5,14,Champions
1146,28,7,571.2,4,5,5,14,Champions
2401,28,8,340.37,4,5,5,14,Champions
2962,28,9,690.86,4,5,5,14,Champions
443,27,6,369.16,4,5,5,14,Champions
2041,27,8,297.33,4,5,5,14,Champions
2779,27,8,341.5,4,5,5,14,Champions
2164,27,9,490.37,4,5,5,14,Champions
1142,27,9,570.19,4,5,5,14,Champions
517,26,5,613.47,4,5,5,14,Champions
1238,26,6,407.94,4,5,5,14,Champions
293,26,6,468.58,4,5,5,14,Champions
2469,26,7,372.19,4,5,5,14,Champions
2543,26,7,391.6,4,5,5,14,Champions
154,26,7,489.68,4,5,5,14,Champions
2174,26,8,637.33,4,5,5,14,Champions
2553,26,9,659.94,4,5,5,14,Champions
2965,26,9,742.34,4,5,5,14,Champions
2841,25,5,325.97,4,5,5,14,Champions
2420,25,5,375.19,4,5,5,14,Champions
1931,25,5,427.02,4,5,5,14,Champions
126,25,7,403.36,4,5,5,14,Champions
1672,25,8,327.98,4,5,5,14,Champions
1737,24,8,576.67,4,5,5,14,Champions
1430,23,5,287.66,4,5,5,14,Champions
2445,23,5,296.77,4,5,5,14,Champions
1291,23,6,285.54,4,5,5,14,Champions
3000,23,6,519.74,4,5,5,14,Champions
2410,23,9,597.96,4,5,5,14,Champions
1671,23,10,775.29,4,5,5,14,Champions
1030,22,5,356.99,4,5,5,14,Champions
1342,22,6,515.7,4,5,5,14,Champions
642,22,7,566.05,4,5,5,14,Champions
1546,22,7,607.2,4,5,5,14,Champions
2198,22,8,418.69,4,5,5,14,Champions
8,22,8,477.84,4,5,5,14,Champions
672,22,9,424.44,4,5,5,14,Champions
2963,21,5,344.96,4,5,5,14,Champions
1803,21,5,385.38,4,5,5,14,Champions
1979,21,6,374.25,4,5,5,14,Champions
1346,21,6,446.81,4,5,5,14,Champions
1474,21,7,368.63,4,5,5,14,Champions
2688,21,7,450.99,4,5,5,14,Champions
988,21,7,678.89,4,5,5,14,Champions
990,21,7,688.98,4,5,5,14,Champions
619,21,8,560.96,4,5,5,14,Champions
552,21,8,623.86,4,5,5,14,Champions
2724,21,9,354.97,4,5,5,14,Champions
2170,20,5,354.72,4,5,5,14,Champions
1475,20,6,323.3,4,5,5,14,Champions
1244,20,6,323.62,4,5,5,14,Champions
762,20,6,405.32,4,5,5,14,Champions
1406,20,6,412.56,4,5,5,14,Champions
2689,20,6,469.55,4,5,5,14,Champions
508,20,8,649.06,4,5,5,14,Champions
2970,20,8,666.8,4,5,5,14,Champions
1382,19,5,429.18,4,5,5,14,Champions
2870,19,7,311.8,4,5,5,14,Champions
2782,18,5,452.23,4,5,5,14,Champions
2764,18,7,299.05,4,5,5,14,Champions
1912,18,7,339.57,4,5,5,14,Champions
581,18,7,385.21,4,5,5,14,Champions
2369,18,7,387.1,4,5,5,14,Champions
2064,18,8,400.41,4,5,5,14,Champions
1386,18,8,422.6,4,5,5,14,Champions
2925,18,8,490.16,4,5,5,14,Champions
2615,18,8,611.64,4,5,5,14,Champions
2569,17,8,492.75,4,5,5,14,Champions
317,17,9,428.52,4,5,5,14,Champions
2311,16,5,289.69,4,5,5,14,Champions
40,16,8,378.59,4,5,5,14,Champions
2377,16,8,425.08,4,5,5,14,Champions
1920,16,8,443.25,4,5,5,14,Champions
1561,16,8,448.22,4,5,5,14,Champions
1805,16,8,466.61,4,5,5,14,Champions
1437,16,10,636.84,4,5,5,14,Champions
2154,15,5,279.52,5,5,4,14,Champions
89,13,4,353.86,5,4,5,14,Champions
1963,13,7,254.67,5,5,4,14,Champions
949,10,2,301.72,5,4,5,14,Champions
2741,10,3,282.38,5,4,5,14,Champions
2927,10,3,304.84,5,4,5,14,Champions
2557,10,5,229.57,5,5,4,14,Champions
49,10,5,245.55,5,5,4,14,Champions
2754,10,5,246.85,5,5,4,14,Champions
199,10,5,271.0,5,5,4,14,Champions
1566,10,6,240.69,5,5,4,14,Champions
1693,9,4,289.04,5,4,5,14,Champions
1535,9,5,165.65,5,5,4,14,Champions
825,8,5,180.0,5,5,4,14,Champions
234,8,5,247.36,5,5,4,14,Champions
1313,7,3,321.1,5,4,5,14,Champions
1642,7,6,222.61,5,5,4,14,Champions
2914,6,3,304.82,5,4,5,14,Champions
424,6,6,259.47,5,5,4,14,Champions
2074,5,3,303.68,5,4,5,14,Champions
1335,5,4,337.07,5,4,5,14,Champions
1467,5,4,353.46,5,4,5,14,Champions
789,5,5,204.34,5,5,4,14,Champions
1611,4,4,340.87,5,4,5,14,Champions
674,4,5,254.14,5,5,4,14,Champions
1604,4,6,258.29,5,5,4,14,Champions
2338,4,7,264.21,5,5,4,14,Champions
1901,2,4,332.38,5,4,5,14,Champions
2462,2,5,172.3,5,5,4,14,Champions
2680,2,5,250.36,5,5,4,14,Champions
153,1,2,299.64,5,4,5,14,Champions
178,1,3,302.4,5,4,5,14,Champions
2032,1,4,299.19,5,4,5,14,Champions
713,1,4,299.58,5,4,5,14,Champions
662,1,4,349.75,5,4,5,14,Champions
815,1,5,243.36,5,5,4,14,Champions
2194,1,5,243.8,5,5,4,14,Champions
386,1,5,277.81,5,5,4,14,Champions
233,0,5,165.37,5,5,4,14,Champions
2467,0,5,212.74,5,5,4,14,Champions
2424,0,5,251.22,5,5,4,14,Champions
2672,0,6,251.81,5,5,4,14,Champions
1490,101,8,716.87,3,5,5,13,"Loyal Customers"
1492,100,7,345.48,3,5,5,13,"Loyal Customers"
271,100,9,757.46,3,5,5,13,"Loyal Customers"
2694,99,5,370.33,3,5,5,13,"Loyal Customers"
738,99,7,456.78,3,5,5,13,"Loyal Customers"
2100,98,8,338.24,3,5,5,13,"Loyal Customers"
1570,95,5,513.35,3,5,5,13,"Loyal Customers"
2158,94,5,414.97,3,5,5,13,"Loyal Customers"
1182,94,6,498.47,3,5,5,13,"Loyal Customers"
1421,94,8,495.15,3,5,5,13,"Loyal Customers"
1853,92,6,332.42,3,5,5,13,"Loyal Customers"
2735,91,4,424.32,3,5,5,13,"Loyal Customers"
708,90,7,411.12,3,5,5,13,"Loyal Customers"
1310,90,8,558.23,3,5,5,13,"Loyal Customers"
418,87,7,395.11,3,5,5,13,"Loyal Customers"
1100,87,7,506.07,3,5,5,13,"Loyal Customers"
2324,87,8,557.68,3,5,5,13,"Loyal Customers"
68,85,5,369.98,3,5,5,13,"Loyal Customers"
444,85,7,446.54,3,5,5,13,"Loyal Customers"
2795,85,7,492.82,3,5,5,13,"Loyal Customers"
2075,85,9,500.12,3,5,5,13,"Loyal Customers"
2774,84,5,316.95,3,5,5,13,"Loyal Customers"
1980,84,7,490.55,3,5,5,13,"Loyal Customers"
1947,83,7,492.85,3,5,5,13,"Loyal Customers"
170,82,5,387.94,3,5,5,13,"Loyal Customers"
344,82,7,387.02,3,5,5,13,"Loyal Customers"
2572,80,4,579.8,3,5,5,13,"Loyal Customers"
835,80,8,481.33,3,5,5,13,"Loyal Customers"
85,80,8,706.38,3,5,5,13,"Loyal Customers"
2968,79,5,439.67,3,5,5,13,"Loyal Customers"
2017,78,5,405.2,3,5,5,13,"Loyal Customers"
2460,77,7,404.3,3,5,5,13,"Loyal Customers"
2312,76,5,419.45,3,5,5,13,"Loyal Customers"
2227,76,6,305.19,3,5,5,13,"Loyal Customers"
1376,74,7,356.02,3,5,5,13,"Loyal Customers"
1481,74,7,419.45,3,5,5,13,"Loyal Customers"
438,74,8,539.39,3,5,5,13,"Loyal Customers"
474,73,7,659.3,3,5,5,13,"Loyal Customers"
1396,72,8,579.32,3,5,5,13,"Loyal Customers"
1942,72,9,622.17,3,5,5,13,"Loyal Customers"
490,71,6,660.07,3,5,5,13,"Loyal Customers"
925,71,8,537.61,3,5,5,13,"Loyal Customers"
2184,71,8,576.57,3,5,5,13,"Loyal Customers"
1658,71,9,570.93,3,5,5,13,"Loyal Customers"
1189,71,9,600.0,3,5,5,13,"Loyal Customers"
892,70,7,462.21,3,5,5,13,"Loyal Customers"
2085,69,5,354.23,3,5,5,13,"Loyal Customers"
2404,69,6,292.65,3,5,5,13,"Loyal Customers"
341,69,8,483.85,3,5,5,13,"Loyal Customers"
2147,68,5,292.19,3,5,5,13,"Loyal Customers"
491,68,7,365.17,3,5,5,13,"Loyal Customers"
1231,68,7,531.23,3,5,5,13,"Loyal Customers"
1163,68,8,515.47,3,5,5,13,"Loyal Customers"
366,68,9,640.45,3,5,5,13,"Loyal Customers"
1852,67,4,393.81,3,5,5,13,"Loyal Customers"
2730,67,5,354.66,3,5,5,13,"Loyal Customers"
594,66,7,390.08,3,5,5,13,"Loyal Customers"
1377,64,6,375.09,3,5,5,13,"Loyal Customers"
2089,64,7,475.96,3,5,5,13,"Loyal Customers"
524,63,6,658.48,3,5,5,13,"Loyal Customers"
1132,62,5,412.18,3,5,5,13,"Loyal Customers"
2498,62,8,369.18,3,5,5,13,"Loyal Customers"
1444,61,6,450.96,3,5,5,13,"Loyal Customers"
376,61,7,416.21,3,5,5,13,"Loyal Customers"
2954,61,8,411.68,3,5,5,13,"Loyal Customers"
2573,61,9,630.23,3,5,5,13,"Loyal Customers"
2391,60,6,353.91,3,5,5,13,"Loyal Customers"
2524,60,6,378.65,3,5,5,13,"Loyal Customers"
184,60,7,486.42,3,5,5,13,"Loyal Customers"
2593,59,5,435.6,3,5,5,13,"Loyal Customers"
921,59,8,411.83,3,5,5,13,"Loyal Customers"
1499,59,8,567.05,3,5,5,13,"Loyal Customers"
1000,58,7,342.28,3,5,5,13,"Loyal Customers"
716,57,4,452.64,3,5,5,13,"Loyal Customers"
2690,57,6,470.54,3,5,5,13,"Loyal Customers"
2629,56,6,366.32,3,5,5,13,"Loyal Customers"
518,56,7,375.49,3,5,5,13,"Loyal Customers"
116,56,7,387.32,3,5,5,13,"Loyal Customers"
342,55,5,425.96,3,5,5,13,"Loyal Customers"
830,55,6,312.26,3,5,5,13,"Loyal Customers"
1525,55,8,473.64,3,5,5,13,"Loyal Customers"
2086,54,6,476.88,3,5,5,13,"Loyal Customers"
1236,54,8,580.19,3,5,5,13,"Loyal Customers"
2876,53,7,402.63,3,5,5,13,"Loyal Customers"
1027,53,8,500.46,3,5,5,13,"Loyal Customers"
2508,53,8,602.41,3,5,5,13,"Loyal Customers"
1431,53,9,521.23,3,5,5,13,"Loyal Customers"
2140,52,6,455.74,3,5,5,13,"Loyal Customers"
1783,52,7,410.58,3,5,5,13,"Loyal Customers"
1892,52,8,433.78,3,5,5,13,"Loyal Customers"
838,52,10,627.31,3,5,5,13,"Loyal Customers"
2076,51,8,508.43,3,5,5,13,"Loyal Customers"
1964,51,9,559.72,3,5,5,13,"Loyal Customers"
1445,50,8,476.78,3,5,5,13,"Loyal Customers"
1769,49,6,292.29,3,5,5,13,"Loyal Customers"
1373,49,6,375.7,3,5,5,13,"Loyal Customers"
1374,49,8,398.77,3,5,5,13,"Loyal Customers"
1419,49,9,584.69,3,5,5,13,"Loyal Customers"
449,48,8,462.69,3,5,5,13,"Loyal Customers"
1705,47,6,285.15,3,5,5,13,"Loyal Customers"
1358,47,8,443.14,3,5,5,13,"Loyal Customers"
1051,44,5,255.62,4,5,4,13,Champions
1306,43,4,335.55,4,4,5,13,Champions
823,42,5,275.13,4,5,4,13,Champions
2208,42,7,270.83,4,5,4,13,Champions
2382,40,6,207.97,4,5,4,13,Champions
140,39,3,315.59,4,4,5,13,Champions
812,38,3,324.28,4,4,5,13,Champions
2826,37,6,230.43,4,5,4,13,Champions
2249,36,5,236.88,4,5,4,13,Champions
537,36,6,244.21,4,5,4,13,Champions
2924,31,2,295.66,4,4,5,13,Champions
1176,31,2,365.72,4,4,5,13,Champions
2246,31,5,270.94,4,5,4,13,Champions
2267,30,3,301.68,4,4,5,13,Champions
1252,29,5,220.14,4,5,4,13,Champions
725,28,5,223.36,4,5,4,13,Champions
1425,27,4,303.06,4,4,5,13,Champions
637,26,4,348.8,4,4,5,13,Champions
1159,24,5,251.41,4,5,4,13,Champions
2393,23,6,200.34,4,5,4,13,Champions
2364,23,6,221.97,4,5,4,13,Champions
2594,22,4,334.6,4,4,5,13,Champions
1771,19,5,179.79,4,5,4,13,Champions
311,19,6,238.18,4,5,4,13,Champions
981,18,6,203.25,4,5,4,13,Champions
2437,17,5,245.15,4,5,4,13,Champions
2928,15,3,189.71,5,4,4,13,Champions
181,15,3,246.62,5,4,4,13,Champions
1241,15,4,215.46,5,4,4,13,Champions
1025,15,4,252.08,5,4,4,13,Champions
1036,14,2,206.96,5,4,4,13,Champions
55,14,3,163.7,5,4,4,13,Champions
576,14,3,169.82,5,4,4,13,Champions
2237,14,4,243.82,5,4,4,13,Champions
2494,14,4,267.82,5,4,4,13,Champions
582,13,3,175.93,5,4,4,13,Champions
2646,13,3,200.28,5,4,4,13,Champions
1766,13,3,222.47,5,4,4,13,Champions
2623,13,3,230.72,5,4,4,13,Champions
944,13,4,180.95,5,4,4,13,Champions
1139,13,4,242.86,5,4,4,13,Champions
2514,13,4,253.32,5,4,4,13,Champions
1152,12,3,227.42,5,4,4,13,Champions
227,12,3,238.78,5,4,4,13,Champions
468,12,3,248.75,5,4,4,13,Champions
2792,11,3,167.01,5,4,4,13,Champions
2658,11,3,172.19,5,4,4,13,Champions
2737,11,3,207.8,5,4,4,13,Champions
2033,11,3,254.81,5,4,4,13,Champions
793,11,4,193.1,5,4,4,13,Champions
998,10,2,192.75,5,4,4,13,Champions
1038,10,2,272.16,5,4,4,13,Champions
497,10,3,241.76,5,4,4,13,Champions
1302,10,3,262.41,5,4,4,13,Champions
2867,10,4,257.97,5,4,4,13,Champions
1772,9,2,186.33,5,4,4,13,Champions
573,9,2,231.83,5,4,4,13,Champions
679,9,3,209.06,5,4,4,13,Champions
2258,9,4,222.17,5,4,4,13,Champions
1315,9,4,258.31,5,4,4,13,Champions
633,9,5,138.6,5,5,3,13,"Loyal Customers"
1697,8,2,228.1,5,4,4,13,Champions
1855,8,3,171.15,5,4,4,13,Champions
2926,8,3,214.38,5,4,4,13,Champions
173,8,3,218.18,5,4,4,13,Champions
121,8,3,234.76,5,4,4,13,Champions
865,8,4,236.52,5,4,4,13,Champions
327,8,4,239.15,5,4,4,13,Champions
1286,7,4,196.19,5,4,4,13,Champions
1075,7,4,214.9,5,4,4,13,Champions
918,6,3,165.69,5,4,4,13,Champions
496,6,4,265.53,5,4,4,13,Champions
1264,5,2,210.46,5,4,4,13,Champions
1517,5,2,216.03,5,4,4,13,Champions
2345,5,4,166.9,5,4,4,13,Champions
2971,5,4,177.75,5,4,4,13,Champions
2476,5,4,220.52,5,4,4,13,Champions
1451,5,4,222.88,5,4,4,13,Champions
24,5,4,228.06,5,4,4,13,Champions
98,4,3,159.85,5,4,4,13,Champions
1278,4,3,165.57,5,4,4,13,Champions
634,4,3,172.6,5,4,4,13,Champions
242,4,3,236.95,5,4,4,13,Champions
51,4,4,162.04,5,4,4,13,Champions
2109,3,2,241.99,5,4,4,13,Champions
2466,3,2,248.1,5,4,4,13,Champions
2166,3,3,162.21,5,4,4,13,Champions
549,3,3,171.86,5,4,4,13,Champions
2321,3,3,227.64,5,4,4,13,Champions
34,3,4,177.38,5,4,4,13,Champions
797,3,4,233.59,5,4,4,13,Champions
1759,2,2,201.14,5,4,4,13,Champions
2244,2,3,194.59,5,4,4,13,Champions
364,2,3,202.58,5,4,4,13,Champions
1585,2,3,256.21,5,4,4,13,Champions
187,2,5,147.57,5,5,3,13,"Loyal Customers"
888,1,2,184.82,5,4,4,13,Champions
176,1,2,203.65,5,4,4,13,Champions
2889,1,3,168.6,5,4,4,13,Champions
1103,1,3,176.21,5,4,4,13,Champions
1317,1,3,193.45,5,4,4,13,Champions
1835,1,3,207.79,5,4,4,13,Champions
2094,1,3,221.42,5,4,4,13,Champions
994,1,3,230.16,5,4,4,13,Champions
2831,1,3,232.34,5,4,4,13,Champions
2212,1,4,164.32,5,4,4,13,Champions
541,1,4,223.13,5,4,4,13,Champions
1168,1,4,241.86,5,4,4,13,Champions
520,0,2,204.91,5,4,4,13,Champions
1865,0,3,209.54,5,4,4,13,Champions
2887,0,4,183.04,5,4,4,13,Champions
609,0,4,264.17,5,4,4,13,Champions
196,0,4,278.65,5,4,4,13,Champions
1632,210,9,642.04,2,5,5,12,"At Risk"
964,206,5,298.41,2,5,5,12,"At Risk"
1843,200,6,398.95,2,5,5,12,"At Risk"
2379,197,5,495.61,2,5,5,12,"At Risk"
331,192,7,285.38,2,5,5,12,"At Risk"
640,191,8,483.72,2,5,5,12,"At Risk"
2159,181,8,461.52,2,5,5,12,"At Risk"
2755,180,4,527.59,2,5,5,12,"At Risk"
63,180,6,282.89,2,5,5,12,"At Risk"
2773,170,6,439.46,2,5,5,12,"At Risk"
1502,169,6,398.63,2,5,5,12,"At Risk"
522,153,7,512.6,2,5,5,12,"At Risk"
1982,151,6,288.26,2,5,5,12,"At Risk"
411,150,5,310.4,2,5,5,12,"At Risk"
269,148,6,286.91,2,5,5,12,"At Risk"
2289,146,10,412.87,2,5,5,12,"At Risk"
2381,143,7,542.69,2,5,5,12,"At Risk"
1408,141,5,349.83,2,5,5,12,"At Risk"
2313,138,4,392.89,2,5,5,12,"At Risk"
1734,137,8,438.01,2,5,5,12,"At Risk"
2975,136,6,362.95,2,5,5,12,"At Risk"
2413,135,8,450.7,2,5,5,12,"At Risk"
2809,134,5,311.87,2,5,5,12,"At Risk"
923,133,5,315.48,2,5,5,12,"At Risk"
504,130,4,380.75,2,5,5,12,"At Risk"
553,129,4,362.53,2,5,5,12,"At Risk"
2888,129,5,293.04,2,5,5,12,"At Risk"
1355,127,6,382.68,2,5,5,12,"At Risk"
1453,124,5,285.85,2,5,5,12,"At Risk"
737,124,10,473.64,2,5,5,12,"At Risk"
1390,122,5,344.99,2,5,5,12,"At Risk"
1172,120,4,368.79,2,5,5,12,"At Risk"
2368,120,5,305.97,2,5,5,12,"At Risk"
404,120,7,367.98,2,5,5,12,"At Risk"
583,118,9,551.11,2,5,5,12,"At Risk"
2675,115,7,490.15,2,5,5,12,"At Risk"
1841,110,4,363.18,2,5,5,12,"At Risk"
1407,108,7,391.99,2,5,5,12,"At Risk"
1886,108,9,322.87,2,5,5,12,"At Risk"
294,107,5,326.86,2,5,5,12,"At Risk"
1673,105,4,417.46,2,5,5,12,"At Risk"
2417,105,7,398.94,2,5,5,12,"At Risk"
2459,103,7,661.83,2,5,5,12,"At Risk"
1065,103,9,648.37,2,5,5,12,"At Risk"
1958,102,3,372.77,3,4,5,12,"Loyal Customers"
1263,101,4,309.07,3,4,5,12,"Loyal Customers"
1736,98,3,286.06,3,4,5,12,"Loyal Customers"
2245,97,3,360.35,3,4,5,12,"Loyal Customers"
352,97,6,252.05,3,5,4,12,"Loyal Customers"
2421,96,2,335.5,3,4,5,12,"Loyal Customers"
1501,93,5,216.92,3,5,4,12,"Loyal Customers"
1778,92,4,291.21,3,4,5,12,"Loyal Customers"
428,90,4,313.94,3,4,5,12,"Loyal Customers"
2758,90,4,331.77,3,4,5,12,"Loyal Customers"
107,89,3,347.35,3,4,5,12,"Loyal Customers"
721,87,3,285.99,3,4,5,12,"Loyal Customers"
1681,85,5,211.19,3,5,4,12,"Loyal Customers"
2532,83,3,400.23,3,4,5,12,"Loyal Customers"
556,82,3,288.31,3,4,5,12,"Loyal Customers"
826,76,3,339.64,3,4,5,12,"Loyal Customers"
769,76,4,279.85,3,4,5,12,"Loyal Customers"
904,76,4,317.55,3,4,5,12,"Loyal Customers"
262,73,4,338.57,3,4,5,12,"Loyal Customers"
2315,72,4,345.25,3,4,5,12,"Loyal Customers"
772,70,4,334.51,3,4,5,12,"Loyal Customers"
502,69,3,290.89,3,4,5,12,"Loyal Customers"
2827,67,2,394.81,3,4,5,12,"Loyal Customers"
1540,66,3,281.42,3,4,5,12,"Loyal Customers"
166,66,8,257.67,3,5,4,12,"Loyal Customers"
2657,65,5,257.06,3,5,4,12,"Loyal Customers"
337,65,7,209.09,3,5,4,12,"Loyal Customers"
2300,60,5,261.15,3,5,4,12,"Loyal Customers"
2078,60,5,278.9,3,5,4,12,"Loyal Customers"
1129,53,4,321.29,3,4,5,12,"Loyal Customers"
758,51,5,256.84,3,5,4,12,"Loyal Customers"
287,50,5,228.99,3,5,4,12,"Loyal Customers"
1149,48,4,334.3,3,4,5,12,"Loyal Customers"
1695,48,5,255.59,3,5,4,12,"Loyal Customers"
2042,45,3,239.49,4,4,4,12,Champions
1461,44,3,211.87,4,4,4,12,Champions
1936,44,4,258.76,4,4,4,12,Champions
2936,42,2,187.36,4,4,4,12,Champions
1115,42,3,188.27,4,4,4,12,Champions
406,42,3,235.88,4,4,4,12,Champions
2025,42,4,189.86,4,4,4,12,Champions
1196,42,4,200.22,4,4,4,12,Champions
707,41,4,244.38,4,4,4,12,Champions
1459,40,2,181.48,4,4,4,12,Champions
2397,40,2,190.73,4,4,4,12,Champions
1,40,3,252.1,4,4,4,12,Champions
131,40,3,269.62,4,4,4,12,Champions
2485,40,4,178.99,4,4,4,12,Champions
259,40,4,220.72,4,4,4,12,Champions
816,39,2,248.27,4,4,4,12,Champions
2275,39,3,181.35,4,4,4,12,Champions
996,38,2,189.55,4,4,4,12,Champions
476,38,3,178.22,4,4,4,12,Champions
2652,38,3,193.76,4,4,4,12,Champions
2357,37,3,211.95,4,4,4,12,Champions
2850,37,4,182.21,4,4,4,12,Champions
1757,37,4,200.19,4,4,4,12,Champions
2856,37,4,206.62,4,4,4,12,Champions
1823,36,2,191.55,4,4,4,12,Champions
1928,36,3,183.95,4,4,4,12,Champions
2106,36,3,186.97,4,4,4,12,Champions
1700,36,4,164.48,4,4,4,12,Champions
2070,36,4,198.16,4,4,4,12,Champions
28,36,4,216.46,4,4,4,12,Champions
1915,36,4,257.77,4,4,4,12,Champions
1126,35,3,270.51,4,4,4,12,Champions
567,35,4,236.89,4,4,4,12,Champions
1654,34,4,225.21,4,4,4,12,Champions
1104,34,4,232.88,4,4,4,12,Champions
93,32,2,204.33,4,4,4,12,Champions
193,32,3,165.17,4,4,4,12,Champions
569,32,3,178.42,4,4,4,12,Champions
2918,32,3,226.67,4,4,4,12,Champions
351,32,3,266.18,4,4,4,12,Champions
1565,32,4,206.45,4,4,4,12,Champions
1119,31,2,197.11,4,4,4,12,Champions
345,31,3,174.92,4,4,4,12,Champions
1571,31,3,237.76,4,4,4,12,Champions
675,31,4,212.58,4,4,4,12,Champions
846,30,2,199.13,4,4,4,12,Champions
2619,30,3,228.94,4,4,4,12,Champions
479,30,3,253.99,4,4,4,12,Champions
2696,29,2,184.64,4,4,4,12,Champions
792,29,2,187.59,4,4,4,12,Champions
367,29,3,166.83,4,4,4,12,Champions
2432,29,3,277.92,4,4,4,12,Champions
494,28,2,237.67,4,4,4,12,Champions
1739,28,3,164.0,4,4,4,12,Champions
2921,28,3,173.67,4,4,4,12,Champions
1665,28,3,197.86,4,4,4,12,Champions
135,28,4,208.96,4,4,4,12,Champions
2933,27,2,229.7,4,4,4,12,Champions
2684,27,3,212.0,4,4,4,12,Champions
1489,27,4,263.49,4,4,4,12,Champions
863,27,4,274.95,4,4,4,12,Champions
1298,25,2,190.86,4,4,4,12,Champions
2028,25,3,242.31,4,4,4,12,Champions
643,24,2,186.32,4,4,4,12,Champions
458,24,4,157.62,4,4,4,12,Champions
128,24,4,174.32,4,4,4,12,Champions
1542,23,2,226.53,4,4,4,12,Champions
466,23,4,167.0,4,4,4,12,Champions
658,22,2,229.59,4,4,4,12,Champions
12,22,3,193.74,4,4,4,12,Champions
315,22,3,201.14,4,4,4,12,Champions
2949,22,3,222.65,4,4,4,12,Champions
1283,22,3,225.79,4,4,4,12,Champions
646,21,3,277.95,4,4,4,12,Champions
76,20,2,200.59,4,4,4,12,Champions
2757,20,3,228.19,4,4,4,12,Champions
2846,20,3,262.15,4,4,4,12,Champions
2980,20,3,262.72,4,4,4,12,Champions
2625,20,4,178.44,4,4,4,12,Champions
2907,20,4,204.92,4,4,4,12,Champions
289,19,2,189.84,4,4,4,12,Champions
2513,19,2,221.91,4,4,4,12,Champions
551,19,4,184.11,4,4,4,12,Champions
866,19,4,196.03,4,4,4,12,Champions
2702,19,4,233.98,4,4,4,12,Champions
47,18,3,267.76,4,4,4,12,Champions
1731,18,4,257.9,4,4,4,12,Champions
1402,17,2,181.39,4,4,4,12,Champions
1049,17,2,257.12,4,4,4,12,Champions
2964,17,3,158.41,4,4,4,12,Champions
1878,17,3,169.75,4,4,4,12,Champions
21,16,2,219.09,4,4,4,12,Champions
2905,16,3,181.43,4,4,4,12,Champions
555,15,2,196.84,4,4,4,12,Champions
1361,15,2,266.08,4,4,4,12,Champions
564,14,2,157.27,5,3,4,12,"Loyal Customers"
1218,14,2,168.34,5,3,4,12,"Loyal Customers"
1211,14,3,123.95,5,4,3,12,"Loyal Customers"
1580,14,4,143.53,5,4,3,12,"Loyal Customers"
509,13,3,137.03,5,4,3,12,"Loyal Customers"
1727,13,4,128.41,5,4,3,12,"Loyal Customers"
526,12,3,104.1,5,4,3,12,"Loyal Customers"
2872,11,4,114.53,5,4,3,12,"Loyal Customers"
1267,9,4,154.17,5,4,3,12,"Loyal Customers"
1858,8,3,131.89,5,4,3,12,"Loyal Customers"
1041,8,3,139.79,5,4,3,12,"Loyal Customers"
151,7,3,127.06,5,4,3,12,"Loyal Customers"
2236,7,3,141.8,5,4,3,12,"Loyal Customers"
1166,6,2,167.61,5,3,4,12,"Loyal Customers"
2294,6,3,147.97,5,4,3,12,"Loyal Customers"
2650,6,3,150.85,5,4,3,12,"Loyal Customers"
2395,5,3,117.33,5,4,3,12,"Loyal Customers"
1368,5,3,125.22,5,4,3,12,"Loyal Customers"
141,5,4,149.66,5,4,3,12,"Loyal Customers"
1687,4,3,101.52,5,4,3,12,"Loyal Customers"
1922,3,2,161.91,5,3,4,12,"Loyal Customers"
1384,3,2,180.93,5,3,4,12,"Loyal Customers"
2879,2,2,156.92,5,3,4,12,"Loyal Customers"
783,2,2,170.66,5,3,4,12,"Loyal Customers"
1371,2,2,179.98,5,3,4,12,"Loyal Customers"
2510,2,3,129.17,5,4,3,12,"Loyal Customers"
1518,2,3,129.7,5,4,3,12,"Loyal Customers"
615,2,3,141.24,5,4,3,12,"Loyal Customers"
874,2,4,139.71,5,4,3,12,"Loyal Customers"
2092,1,3,141.91,5,4,3,12,"Loyal Customers"
472,1,3,147.08,5,4,3,12,"Loyal Customers"
531,1,4,113.33,5,4,3,12,"Loyal Customers"
22,0,2,171.45,5,3,4,12,"Loyal Customers"
602,0,2,177.3,5,3,4,12,"Loyal Customers"
134,431,5,433.03,1,5,5,11,"At Risk"
1608,338,6,366.56,1,5,5,11,"At Risk"
2864,301,5,414.32,1,5,5,11,"At Risk"
1141,295,4,365.66,1,5,5,11,"At Risk"
339,271,4,398.03,1,5,5,11,"At Risk"
66,267,5,281.93,1,5,5,11,"At Risk"
2670,253,8,527.49,1,5,5,11,"At Risk"
2682,248,6,306.57,1,5,5,11,"At Risk"
70,238,4,431.22,1,5,5,11,"At Risk"
119,234,5,302.17,1,5,5,11,"At Risk"
379,206,3,280.15,2,4,5,11,"At Risk"
1615,205,3,307.97,2,4,5,11,"At Risk"
942,195,4,283.54,2,4,5,11,"At Risk"
2677,193,4,314.86,2,4,5,11,"At Risk"
2238,186,2,301.92,2,4,5,11,"At Risk"
636,182,3,313.71,2,4,5,11,"At Risk"
1010,165,6,249.66,2,5,4,11,"At Risk"
788,164,3,313.55,2,4,5,11,"At Risk"
1782,155,3,305.5,2,4,5,11,"At Risk"
2714,152,5,270.19,2,5,4,11,"At Risk"
774,151,3,303.16,2,4,5,11,"At Risk"
1347,150,5,208.72,2,5,4,11,"At Risk"
1473,150,5,232.25,2,5,4,11,"At Risk"
17,146,5,254.63,2,5,4,11,"At Risk"
928,144,5,243.59,2,5,4,11,"At Risk"
1692,143,3,287.14,2,4,5,11,"At Risk"
192,143,6,250.41,2,5,4,11,"At Risk"
717,141,6,254.55,2,5,4,11,"At Risk"
714,140,4,330.93,2,4,5,11,"At Risk"
81,139,5,233.27,2,5,4,11,"At Risk"
2988,129,3,319.98,2,4,5,11,"At Risk"
1121,115,6,272.28,2,5,4,11,"At Risk"
1613,114,4,316.75,2,4,5,11,"At Risk"
2252,114,4,330.09,2,4,5,11,"At Risk"
144,114,5,233.31,2,5,4,11,"At Risk"
2785,111,4,361.77,2,4,5,11,"At Risk"
1331,109,3,282.25,2,4,5,11,"At Risk"
1140,106,5,279.24,2,5,4,11,"At Risk"
2899,103,5,237.65,2,5,4,11,"At Risk"
200,102,2,218.2,3,4,4,11,"Loyal Customers"
79,102,3,173.63,3,4,4,11,"Loyal Customers"
2799,102,3,184.05,3,4,4,11,"Loyal Customers"
94,102,3,202.63,3,4,4,11,"Loyal Customers"
2903,101,2,203.06,3,4,4,11,"Loyal Customers"
2269,101,2,227.64,3,4,4,11,"Loyal Customers"
787,101,3,212.15,3,4,4,11,"Loyal Customers"
2598,100,4,211.66,3,4,4,11,"Loyal Customers"
1186,97,3,187.68,3,4,4,11,"Loyal Customers"
2977,97,5,146.39,3,5,3,11,"Loyal Customers"
19,96,3,174.58,3,4,4,11,"Loyal Customers"
2996,96,4,176.1,3,4,4,11,"Loyal Customers"
824,95,3,158.66,3,4,4,11,"Loyal Customers"
2260,95,4,260.24,3,4,4,11,"Loyal Customers"
1682,94,4,229.58,3,4,4,11,"Loyal Customers"
2507,92,3,171.24,3,4,4,11,"Loyal Customers"
1353,91,3,175.06,3,4,4,11,"Loyal Customers"
248,91,4,279.3,3,4,4,11,"Loyal Customers"
2006,89,2,235.35,3,4,4,11,"Loyal Customers"
1641,89,3,194.35,3,4,4,11,"Loyal Customers"
832,88,3,241.49,3,4,4,11,"Loyal Customers"
2383,88,4,268.86,3,4,4,11,"Loyal Customers"
1078,87,2,189.62,3,4,4,11,"Loyal Customers"
1174,87,2,223.1,3,4,4,11,"Loyal Customers"
592,86,2,209.22,3,4,4,11,"Loyal Customers"
1134,85,2,194.04,3,4,4,11,"Loyal Customers"
2787,85,3,254.43,3,4,4,11,"Loyal Customers"
2849,85,4,179.78,3,4,4,11,"Loyal Customers"
222,84,2,209.9,3,4,4,11,"Loyal Customers"
241,84,3,162.9,3,4,4,11,"Loyal Customers"
308,84,4,228.97,3,4,4,11,"Loyal Customers"
948,83,2,244.81,3,4,4,11,"Loyal Customers"
1714,83,3,249.39,3,4,4,11,"Loyal Customers"
42,83,3,275.59,3,4,4,11,"Loyal Customers"
2565,82,4,212.72,3,4,4,11,"Loyal Customers"
2897,82,4,253.9,3,4,4,11,"Loyal Customers"
2793,81,3,219.11,3,4,4,11,"Loyal Customers"
1181,80,3,166.21,3,4,4,11,"Loyal Customers"
2273,80,4,175.53,3,4,4,11,"Loyal Customers"
1312,77,4,183.72,3,4,4,11,"Loyal Customers"
691,77,4,219.77,3,4,4,11,"Loyal Customers"
706,76,3,234.23,3,4,4,11,"Loyal Customers"
1483,75,3,206.13,3,4,4,11,"Loyal Customers"
736,74,5,99.95,3,5,3,11,"Loyal Customers"
905,73,3,172.38,3,4,4,11,"Loyal Customers"
224,73,3,220.6,3,4,4,11,"Loyal Customers"
1568,72,2,248.98,3,4,4,11,"Loyal Customers"
1628,72,3,253.98,3,4,4,11,"Loyal Customers"
710,71,2,201.2,3,4,4,11,"Loyal Customers"
749,71,3,258.1,3,4,4,11,"Loyal Customers"
470,71,3,271.66,3,4,4,11,"Loyal Customers"
1551,71,4,203.54,3,4,4,11,"Loyal Customers"
1712,70,2,198.48,3,4,4,11,"Loyal Customers"
685,70,2,243.55,3,4,4,11,"Loyal Customers"
1877,70,3,268.1,3,4,4,11,"Loyal Customers"
1962,70,4,162.63,3,4,4,11,"Loyal Customers"
1868,69,2,196.72,3,4,4,11,"Loyal Customers"
2120,69,3,252.74,3,4,4,11,"Loyal Customers"
969,69,4,194.9,3,4,4,11,"Loyal Customers"
575,68,2,181.63,3,4,4,11,"Loyal Customers"
1563,68,2,202.63,3,4,4,11,"Loyal Customers"
2554,68,3,167.48,3,4,4,11,"Loyal Customers"
2653,67,3,236.49,3,4,4,11,"Loyal Customers"
960,66,2,190.01,3,4,4,11,"Loyal Customers"
2141,66,4,244.38,3,4,4,11,"Loyal Customers"
307,63,4,237.34,3,4,4,11,"Loyal Customers"
188,62,4,159.44,3,4,4,11,"Loyal Customers"
785,61,2,205.18,3,4,4,11,"Loyal Customers"
635,60,2,189.13,3,4,4,11,"Loyal Customers"
814,60,2,253.78,3,4,4,11,"Loyal Customers"
229,60,3,169.05,3,4,4,11,"Loyal Customers"
1394,59,4,210.28,3,4,4,11,"Loyal Customers"
2796,59,4,273.87,3,4,4,11,"Loyal Customers"
1559,57,4,210.5,3,4,4,11,"Loyal Customers"
353,56,2,186.76,3,4,4,11,"Loyal Customers"
1412,56,2,207.08,3,4,4,11,"Loyal Customers"
2692,56,3,247.97,3,4,4,11,"Loyal Customers"
1089,52,2,183.51,3,4,4,11,"Loyal Customers"
745,52,2,199.57,3,4,4,11,"Loyal Customers"
1676,52,4,218.92,3,4,4,11,"Loyal Customers"
2487,51,3,184.88,3,4,4,11,"Loyal Customers"
2461,51,3,254.55,3,4,4,11,"Loyal Customers"
1597,50,2,184.94,3,4,4,11,"Loyal Customers"
321,50,3,214.02,3,4,4,11,"Loyal Customers"
397,49,3,265.88,3,4,4,11,"Loyal Customers"
61,49,4,208.35,3,4,4,11,"Loyal Customers"
1780,48,2,191.28,3,4,4,11,"Loyal Customers"
1180,48,2,199.42,3,4,4,11,"Loyal Customers"
529,48,2,222.17,3,4,4,11,"Loyal Customers"
1015,46,2,243.92,3,4,4,11,"Loyal Customers"
426,44,4,132.22,4,4,3,11,"Loyal Customers"
1322,42,2,162.63,4,3,4,11,"Loyal Customers"
924,42,2,167.76,4,3,4,11,"Loyal Customers"
1012,42,3,110.15,4,4,3,11,"Loyal Customers"
2674,41,2,159.0,4,3,4,11,"Loyal Customers"
2203,39,3,121.26,4,4,3,11,"Loyal Customers"
932,37,4,135.64,4,4,3,11,"Loyal Customers"
696,36,2,170.16,4,3,4,11,"Loyal Customers"
1422,36,3,126.31,4,4,3,11,"Loyal Customers"
1392,35,2,171.27,4,3,4,11,"Loyal Customers"
2121,35,4,113.31,4,4,3,11,"Loyal Customers"
1776,34,2,158.38,4,3,4,11,"Loyal Customers"
157,34,2,180.21,4,3,4,11,"Loyal Customers"
1528,33,3,142.26,4,4,3,11,"Loyal Customers"
1124,33,3,155.18,4,4,3,11,"Loyal Customers"
2398,32,2,167.91,4,3,4,11,"Loyal Customers"
827,29,3,152.49,4,4,3,11,"Loyal Customers"
1534,28,2,169.46,4,3,4,11,"Loyal Customers"
2584,28,4,114.27,4,4,3,11,"Loyal Customers"
1761,27,3,109.28,4,4,3,11,"Loyal Customers"
9,24,2,173.83,4,3,4,11,"Loyal Customers"
958,23,2,176.6,4,3,4,11,"Loyal Customers"
1939,23,3,108.5,4,4,3,11,"Loyal Customers"
2951,22,3,132.02,4,4,3,11,"Loyal Customers"
1716,22,4,116.5,4,4,3,11,"Loyal Customers"
1091,21,2,180.72,4,3,4,11,"Loyal Customers"
906,21,3,139.94,4,4,3,11,"Loyal Customers"
480,18,2,177.46,4,3,4,11,"Loyal Customers"
2303,18,3,104.15,4,4,3,11,"Loyal Customers"
1471,17,3,144.7,4,4,3,11,"Loyal Customers"
1164,16,2,161.33,4,3,4,11,"Loyal Customers"
1686,15,3,100.16,4,4,3,11,"Loyal Customers"
2005,14,2,112.58,5,3,3,11,"Loyal Customers"
676,14,2,113.89,5,3,3,11,"Loyal Customers"
1644,14,2,151.37,5,3,3,11,"Loyal Customers"
2945,14,2,152.09,5,3,3,11,"Loyal Customers"
1983,13,2,118.15,5,3,3,11,"Loyal Customers"
1465,13,2,124.85,5,3,3,11,"Loyal Customers"
997,13,2,136.06,5,3,3,11,"Loyal Customers"
764,12,2,112.62,5,3,3,11,"Loyal Customers"
1350,12,2,124.15,5,3,3,11,"Loyal Customers"
2545,12,2,131.07,5,3,3,11,"Loyal Customers"
1311,11,2,119.5,5,3,3,11,"Loyal Customers"
1991,11,2,127.68,5,3,3,11,"Loyal Customers"
95,10,2,119.76,5,3,3,11,"Loyal Customers"
2161,10,2,133.1,5,3,3,11,"Loyal Customers"
1352,10,2,133.27,5,3,3,11,"Loyal Customers"
2586,10,2,146.89,5,3,3,11,"Loyal Customers"
1366,10,2,153.81,5,3,3,11,"Loyal Customers"
2295,9,2,98.72,5,3,3,11,"Loyal Customers"
304,9,2,104.81,5,3,3,11,"Loyal Customers"
2057,9,2,140.49,5,3,3,11,"Loyal Customers"
2665,8,2,108.9,5,3,3,11,"Loyal Customers"
2371,8,2,129.57,5,3,3,11,"Loyal Customers"
1507,8,2,133.96,5,3,3,11,"Loyal Customers"
2556,8,2,145.3,5,3,3,11,"Loyal Customers"
992,8,2,148.15,5,3,3,11,"Loyal Customers"
741,8,2,148.81,5,3,3,11,"Loyal Customers"
1839,8,4,93.19,5,4,2,11,"Loyal Customers"
902,7,2,104.86,5,3,3,11,"Loyal Customers"
1068,6,2,120.32,5,3,3,11,"Loyal Customers"
2177,6,2,138.44,5,3,3,11,"Loyal Customers"
991,6,2,155.76,5,3,3,11,"Loyal Customers"
2126,5,2,103.21,5,3,3,11,"Loyal Customers"
1860,5,2,105.9,5,3,3,11,"Loyal Customers"
324,5,2,133.74,5,3,3,11,"Loyal Customers"
796,5,2,145.41,5,3,3,11,"Loyal Customers"
1623,5,3,70.04,5,4,2,11,"Loyal Customers"
625,4,1,177.72,5,2,4,11,New/Promising
191,4,2,143.51,5,3,3,11,"Loyal Customers"
1403,4,2,154.14,5,3,3,11,"Loyal Customers"
877,3,2,116.97,5,3,3,11,"Loyal Customers"
2293,2,2,105.95,5,3,3,11,"Loyal Customers"
2517,2,2,105.99,5,3,3,11,"Loyal Customers"
41,2,2,117.47,5,3,3,11,"Loyal Customers"
2497,2,2,122.57,5,3,3,11,"Loyal Customers"
2994,2,2,126.09,5,3,3,11,"Loyal Customers"
1957,2,2,128.51,5,3,3,11,"Loyal Customers"
664,2,2,145.91,5,3,3,11,"Loyal Customers"
2844,1,2,105.44,5,3,3,11,"Loyal Customers"
82,1,2,112.56,5,3,3,11,"Loyal Customers"
2029,1,2,153.94,5,3,3,11,"Loyal Customers"
857,0,2,108.97,5,3,3,11,"Loyal Customers"
25,0,2,119.96,5,3,3,11,"Loyal Customers"
1950,0,2,126.97,5,3,3,11,"Loyal Customers"
1497,0,2,137.9,5,3,3,11,"Loyal Customers"
908,0,2,141.33,5,3,3,11,"Loyal Customers"
54,396,3,401.81,1,4,5,10,"At Risk"
1080,378,4,357.79,1,4,5,10,"At Risk"
697,366,2,320.35,1,4,5,10,"At Risk"
2243,357,4,322.86,1,4,5,10,"At Risk"
1729,348,3,317.17,1,4,5,10,"At Risk"
2835,298,4,299.84,1,4,5,10,"At Risk"
1513,294,4,327.7,1,4,5,10,"At Risk"
2336,249,4,349.55,1,4,5,10,"At Risk"
966,244,5,211.73,1,5,4,10,"At Risk"
2727,208,2,239.89,2,4,4,10,"At Risk"
155,208,3,267.99,2,4,4,10,"At Risk"
142,204,2,195.72,2,4,4,10,"At Risk"
2452,203,4,196.0,2,4,4,10,"At Risk"
2107,202,3,181.87,2,4,4,10,"At Risk"
1976,198,3,198.07,2,4,4,10,"At Risk"
52,194,2,218.88,2,4,4,10,"At Risk"
2079,189,4,263.73,2,4,4,10,"At Risk"
1913,188,2,201.82,2,4,4,10,"At Risk"
1893,187,3,259.66,2,4,4,10,"At Risk"
686,187,4,165.85,2,4,4,10,"At Risk"
1973,186,2,217.15,2,4,4,10,"At Risk"
2297,186,2,240.57,2,4,4,10,"At Risk"
104,186,4,166.58,2,4,4,10,"At Risk"
984,181,2,247.67,2,4,4,10,"At Risk"
2648,180,3,254.39,2,4,4,10,"At Risk"
1144,180,4,247.03,2,4,4,10,"At Risk"
1399,179,2,200.19,2,4,4,10,"At Risk"
1395,178,3,257.43,2,4,4,10,"At Risk"
297,177,2,181.44,2,4,4,10,"At Risk"
748,175,4,201.21,2,4,4,10,"At Risk"
2866,173,3,214.35,2,4,4,10,"At Risk"
380,169,2,230.71,2,4,4,10,"At Risk"
243,168,3,182.44,2,4,4,10,"At Risk"
695,165,2,182.48,2,4,4,10,"At Risk"
1723,165,3,207.69,2,4,4,10,"At Risk"
2577,162,4,189.27,2,4,4,10,"At Risk"
703,162,4,277.23,2,4,4,10,"At Risk"
505,161,2,189.58,2,4,4,10,"At Risk"
419,161,2,219.87,2,4,4,10,"At Risk"
2999,160,2,221.09,2,4,4,10,"At Risk"
1508,160,4,208.14,2,4,4,10,"At Risk"
1522,159,4,217.28,2,4,4,10,"At Risk"
2519,155,2,192.4,2,4,4,10,"At Risk"
1989,153,2,183.99,2,4,4,10,"At Risk"
1357,147,3,182.6,2,4,4,10,"At Risk"
910,146,3,273.07,2,4,4,10,"At Risk"
2931,146,5,145.58,2,5,3,10,"At Risk"
10,145,2,192.16,2,4,4,10,"At Risk"
464,145,4,242.09,2,4,4,10,"At Risk"
1539,144,2,258.83,2,4,4,10,"At Risk"
807,144,3,198.94,2,4,4,10,"At Risk"
2442,143,3,171.64,2,4,4,10,"At Risk"
563,142,2,264.9,2,4,4,10,"At Risk"
724,140,2,198.57,2,4,4,10,"At Risk"
1871,138,4,206.08,2,4,4,10,"At Risk"
885,137,2,227.65,2,4,4,10,"At Risk"
2769,137,3,240.38,2,4,4,10,"At Risk"
105,136,3,193.21,2,4,4,10,"At Risk"
2585,134,4,221.06,2,4,4,10,"At Risk"
2649,134,5,148.78,2,5,3,10,"At Risk"
2225,133,2,184.16,2,4,4,10,"At Risk"
956,133,2,199.27,2,4,4,10,"At Risk"
2218,133,2,254.55,2,4,4,10,"At Risk"
359,133,4,181.35,2,4,4,10,"At Risk"
332,132,2,247.36,2,4,4,10,"At Risk"
820,132,4,252.73,2,4,4,10,"At Risk"
44,130,2,274.2,2,4,4,10,"At Risk"
1790,130,3,270.23,2,4,4,10,"At Risk"
253,129,2,194.7,2,4,4,10,"At Risk"
1914,129,3,198.16,2,4,4,10,"At Risk"
2464,129,3,253.03,2,4,4,10,"At Risk"
1477,129,4,162.73,2,4,4,10,"At Risk"
2854,128,3,166.22,2,4,4,10,"At Risk"
1136,126,2,219.57,2,4,4,10,"At Risk"
1701,126,3,191.7,2,4,4,10,"At Risk"
1630,125,4,167.43,2,4,4,10,"At Risk"
2449,123,2,182.89,2,4,4,10,"At Risk"
1678,123,4,169.17,2,4,4,10,"At Risk"
2036,123,4,262.84,2,4,4,10,"At Risk"
1791,121,2,200.46,2,4,4,10,"At Risk"
123,120,4,175.8,2,4,4,10,"At Risk"
2270,120,4,271.56,2,4,4,10,"At Risk"
799,119,2,213.45,2,4,4,10,"At Risk"
1111,119,3,160.29,2,4,4,10,"At Risk"
1949,119,3,163.54,2,4,4,10,"At Risk"
653,119,3,222.91,2,4,4,10,"At Risk"
2409,119,4,268.17,2,4,4,10,"At Risk"
2985,117,3,170.54,2,4,4,10,"At Risk"
1275,116,4,235.61,2,4,4,10,"At Risk"
1830,113,2,202.52,2,4,4,10,"At Risk"
235,112,2,253.6,2,4,4,10,"At Risk"
1974,111,3,262.36,2,4,4,10,"At Risk"
148,111,4,164.87,2,4,4,10,"At Risk"
1281,110,2,198.16,2,4,4,10,"At Risk"
2049,109,3,161.65,2,4,4,10,"At Risk"
521,109,3,262.49,2,4,4,10,"At Risk"
1206,108,2,185.77,2,4,4,10,"At Risk"
1592,108,4,258.9,2,4,4,10,"At Risk"
839,107,2,183.41,2,4,4,10,"At Risk"
414,107,3,181.84,2,4,4,10,"At Risk"
1760,106,3,189.22,2,4,4,10,"At Risk"
2673,105,2,181.25,2,4,4,10,"At Risk"
1984,105,4,225.9,2,4,4,10,"At Risk"
220,103,3,195.39,2,4,4,10,"At Risk"
699,102,2,163.76,3,3,4,10,"Loyal Customers"
183,100,3,125.31,3,4,3,10,"Loyal Customers"
1008,98,2,169.69,3,3,4,10,"Loyal Customers"
2195,97,2,175.34,3,3,4,10,"Loyal Customers"
1659,95,4,113.28,3,4,3,10,"Loyal Customers"
652,92,3,156.31,3,4,3,10,"Loyal Customers"
1414,87,2,158.48,3,3,4,10,"Loyal Customers"
2233,84,4,151.78,3,4,3,10,"Loyal Customers"
2505,82,2,157.09,3,3,4,10,"Loyal Customers"
1890,80,3,143.22,3,4,3,10,"Loyal Customers"
698,80,3,153.81,3,4,3,10,"Loyal Customers"
1800,77,2,164.4,3,3,4,10,"Loyal Customers"
2063,76,3,136.25,3,4,3,10,"Loyal Customers"
2235,71,2,178.58,3,3,4,10,"Loyal Customers"
632,71,4,115.37,3,4,3,10,"Loyal Customers"
390,71,4,140.73,3,4,3,10,"Loyal Customers"
1272,70,3,102.81,3,4,3,10,"Loyal Customers"
2055,68,3,136.98,3,4,3,10,"Loyal Customers"
2457,65,2,164.48,3,3,4,10,"Loyal Customers"
1156,63,2,160.24,3,3,4,10,"Loyal Customers"
31,63,2,167.64,3,3,4,10,"Loyal Customers"
2522,62,2,163.35,3,3,4,10,"Loyal Customers"
2991,62,2,173.92,3,3,4,10,"Loyal Customers"
1469,56,3,142.72,3,4,3,10,"Loyal Customers"
2546,54,2,169.23,3,3,4,10,"Loyal Customers"
18,54,3,133.14,3,4,3,10,"Loyal Customers"
1704,52,2,178.01,3,3,4,10,"Loyal Customers"
446,49,3,115.03,3,4,3,10,"Loyal Customers"
2525,46,3,134.5,3,4,3,10,"Loyal Customers"
27,45,2,118.79,4,3,3,10,"Loyal Customers"
1756,45,2,139.08,4,3,3,10,"Loyal Customers"
1014,43,2,115.77,4,3,3,10,"Loyal Customers"
1670,43,2,140.91,4,3,3,10,"Loyal Customers"
2482,42,2,111.75,4,3,3,10,"Loyal Customers"
2463,42,2,130.94,4,3,3,10,"Loyal Customers"
773,42,2,136.9,4,3,3,10,"Loyal Customers"
1354,42,2,142.09,4,3,3,10,"Loyal Customers"
1106,41,2,129.79,4,3,3,10,"Loyal Customers"
1899,41,2,140.48,4,3,3,10,"Loyal Customers"
2423,40,2,143.42,4,3,3,10,"Loyal Customers"
2408,39,2,135.47,4,3,3,10,"Loyal Customers"
2112,38,2,97.62,4,3,3,10,"Loyal Customers"
440,38,2,106.48,4,3,3,10,"Loyal Customers"
1287,38,2,143.02,4,3,3,10,"Loyal Customers"
1741,37,2,110.97,4,3,3,10,"Loyal Customers"
2536,37,2,112.6,4,3,3,10,"Loyal Customers"
1898,36,2,123.71,4,3,3,10,"Loyal Customers"
2394,35,2,115.56,4,3,3,10,"Loyal Customers"
2529,34,2,102.27,4,3,3,10,"Loyal Customers"
1844,34,2,104.8,4,3,3,10,"Loyal Customers"
2789,34,2,137.13,4,3,3,10,"Loyal Customers"
1040,33,2,122.83,4,3,3,10,"Loyal Customers"
1533,33,2,122.94,4,3,3,10,"Loyal Customers"
558,32,2,99.26,4,3,3,10,"Loyal Customers"
656,32,2,113.8,4,3,3,10,"Loyal Customers"
559,32,2,156.69,4,3,3,10,"Loyal Customers"
2579,32,3,92.36,4,4,2,10,"Loyal Customers"
1436,31,1,162.07,4,2,4,10,New/Promising
629,31,2,111.5,4,3,3,10,"Loyal Customers"
2318,31,2,136.48,4,3,3,10,"Loyal Customers"
1591,30,2,106.18,4,3,3,10,"Loyal Customers"
2729,30,2,120.14,4,3,3,10,"Loyal Customers"
2632,30,2,121.93,4,3,3,10,"Loyal Customers"
1033,29,1,170.87,4,2,4,10,New/Promising
701,29,2,148.96,4,3,3,10,"Loyal Customers"
378,27,1,206.74,4,2,4,10,New/Promising
201,27,2,110.02,4,3,3,10,"Loyal Customers"
1818,27,2,124.83,4,3,3,10,"Loyal Customers"
1880,27,2,152.99,4,3,3,10,"Loyal Customers"
1657,26,2,112.75,4,3,3,10,"Loyal Customers"
1951,26,2,140.99,4,3,3,10,"Loyal Customers"
2839,25,1,170.54,4,2,4,10,New/Promising
682,25,2,117.21,4,3,3,10,"Loyal Customers"
1338,25,2,118.36,4,3,3,10,"Loyal Customers"
1031,25,2,125.69,4,3,3,10,"Loyal Customers"
2804,25,3,88.74,4,4,2,10,"Loyal Customers"
1985,24,1,168.99,4,2,4,10,New/Promising
2132,24,2,154.16,4,3,3,10,"Loyal Customers"
219,23,2,106.87,4,3,3,10,"Loyal Customers"
2287,23,2,108.03,4,3,3,10,"Loyal Customers"
13,23,2,130.16,4,3,3,10,"Loyal Customers"
1178,22,2,121.05,4,3,3,10,"Loyal Customers"
752,21,2,104.23,4,3,3,10,"Loyal Customers"
2878,21,2,135.47,4,3,3,10,"Loyal Customers"
507,21,2,139.58,4,3,3,10,"Loyal Customers"
1260,20,2,109.85,4,3,3,10,"Loyal Customers"
2343,20,2,125.7,4,3,3,10,"Loyal Customers"
2392,20,2,151.22,4,3,3,10,"Loyal Customers"
641,20,2,156.54,4,3,3,10,"Loyal Customers"
771,19,1,173.97,4,2,4,10,New/Promising
2916,19,2,105.06,4,3,3,10,"Loyal Customers"
1573,19,2,155.11,4,3,3,10,"Loyal Customers"
1084,18,2,106.77,4,3,3,10,"Loyal Customers"
631,18,2,132.91,4,3,3,10,"Loyal Customers"
1494,18,2,142.71,4,3,3,10,"Loyal Customers"
2923,18,4,71.68,4,4,2,10,"Loyal Customers"
362,17,2,101.18,4,3,3,10,"Loyal Customers"
1016,17,2,126.07,4,3,3,10,"Loyal Customers"
2893,17,2,131.13,4,3,3,10,"Loyal Customers"
2801,16,2,128.43,4,3,3,10,"Loyal Customers"
2446,16,2,134.4,4,3,3,10,"Loyal Customers"
1300,16,2,150.65,4,3,3,10,"Loyal Customers"
355,16,2,153.43,4,3,3,10,"Loyal Customers"
1549,15,1,210.52,4,2,4,10,New/Promising
132,15,2,100.06,4,3,3,10,"Loyal Customers"
1253,15,2,106.49,4,3,3,10,"Loyal Customers"
2884,14,1,142.16,5,2,3,10,New/Promising
1749,13,1,132.42,5,2,3,10,New/Promising
2932,12,1,103.1,5,2,3,10,New/Promising
2210,12,1,115.87,5,2,3,10,New/Promising
1775,12,1,129.43,5,2,3,10,New/Promising
226,12,2,80.2,5,3,2,10,"Loyal Customers"
1638,12,2,96.33,5,3,2,10,"Loyal Customers"
2073,11,1,99.43,5,2,3,10,New/Promising
2031,11,1,136.01,5,2,3,10,New/Promising
2019,11,2,85.59,5,3,2,10,"Loyal Customers"
1667,9,2,89.13,5,3,2,10,"Loyal Customers"
2493,8,1,124.38,5,2,3,10,New/Promising
112,8,2,75.89,5,3,2,10,"Loyal Customers"
1029,8,2,82.32,5,3,2,10,"Loyal Customers"
2979,8,2,85.19,5,3,2,10,"Loyal Customers"
2298,8,2,94.86,5,3,2,10,"Loyal Customers"
1085,7,1,140.08,5,2,3,10,New/Promising
2534,7,1,148.43,5,2,3,10,New/Promising
2740,6,1,150.71,5,2,3,10,New/Promising
1706,6,2,86.83,5,3,2,10,"Loyal Customers"
1875,6,2,88.17,5,3,2,10,"Loyal Customers"
1605,6,2,97.22,5,3,2,10,"Loyal Customers"
2380,5,1,108.03,5,2,3,10,New/Promising
2478,5,1,150.34,5,2,3,10,New/Promising
1150,5,2,88.46,5,3,2,10,"Loyal Customers"
2574,4,2,79.35,5,3,2,10,"Loyal Customers"
795,4,2,81.0,5,3,2,10,"Loyal Customers"
1876,3,1,116.94,5,2,3,10,New/Promising
228,3,2,80.97,5,3,2,10,"Loyal Customers"
1153,3,2,91.99,5,3,2,10,"Loyal Customers"
600,3,2,95.01,5,3,2,10,"Loyal Customers"
535,2,2,81.55,5,3,2,10,"Loyal Customers"
1290,2,2,85.7,5,3,2,10,"Loyal Customers"
2304,2,2,93.3,5,3,2,10,"Loyal Customers"
2193,1,1,99.22,5,2,3,10,New/Promising
1226,1,1,129.0,5,2,3,10,New/Promising
2768,1,2,75.58,5,3,2,10,"Loyal Customers"
544,1,2,79.96,5,3,2,10,"Loyal Customers"
1127,1,2,84.99,5,3,2,10,"Loyal Customers"
1438,1,2,86.63,5,3,2,10,"Loyal Customers"
2214,1,2,95.99,5,3,2,10,"Loyal Customers"
1753,0,1,143.08,5,2,3,10,New/Promising
2221,0,2,74.58,5,3,2,10,"Loyal Customers"
209,0,2,79.5,5,3,2,10,"Loyal Customers"
842,0,2,86.18,5,3,2,10,"Loyal Customers"
2604,602,2,189.98,1,4,4,9,"At Risk"
940,524,3,269.23,1,4,4,9,"At Risk"
1967,492,2,188.38,1,4,4,9,"At Risk"
536,471,3,222.03,1,4,4,9,"At Risk"
377,433,3,255.09,1,4,4,9,"At Risk"
313,427,2,213.5,1,4,4,9,"At Risk"
400,418,2,182.57,1,4,4,9,"At Risk"
2520,418,2,193.36,1,4,4,9,"At Risk"
2803,385,3,162.54,1,4,4,9,"At Risk"
189,385,3,234.9,1,4,4,9,"At Risk"
2570,378,2,208.2,1,4,4,9,"At Risk"
882,369,2,206.05,1,4,4,9,"At Risk"
899,365,2,200.31,1,4,4,9,"At Risk"
978,365,2,215.75,1,4,4,9,"At Risk"
2301,356,4,226.53,1,4,4,9,"At Risk"
740,352,3,233.15,1,4,4,9,"At Risk"
1197,350,3,213.79,1,4,4,9,"At Risk"
972,342,3,196.6,1,4,4,9,"At Risk"
647,340,3,156.7,1,4,4,9,"At Risk"
2123,319,4,232.21,1,4,4,9,"At Risk"
110,316,2,217.17,1,4,4,9,"At Risk"
198,297,2,268.54,1,4,4,9,"At Risk"
766,297,3,185.0,1,4,4,9,"At Risk"
486,291,3,188.71,1,4,4,9,"At Risk"
970,290,4,208.86,1,4,4,9,"At Risk"
2845,280,3,182.71,1,4,4,9,"At Risk"
734,270,4,201.83,1,4,4,9,"At Risk"
164,266,3,187.97,1,4,4,9,"At Risk"
2564,259,2,212.29,1,4,4,9,"At Risk"
475,256,3,165.99,1,4,4,9,"At Risk"
473,243,2,190.98,1,4,4,9,"At Risk"
1289,243,2,213.61,1,4,4,9,"At Risk"
1433,240,2,238.17,1,4,4,9,"At Risk"
2806,239,3,162.95,1,4,4,9,"At Risk"
2815,237,2,228.98,1,4,4,9,"At Risk"
920,232,2,232.41,1,4,4,9,"At Risk"
2836,230,3,249.34,1,4,4,9,"At Risk"
2871,230,4,258.53,1,4,4,9,"At Risk"
1441,229,3,256.6,1,4,4,9,"At Risk"
2516,229,4,275.82,1,4,4,9,"At Risk"
1116,227,4,214.31,1,4,4,9,"At Risk"
1137,223,2,192.3,1,4,4,9,"At Risk"
2811,219,2,229.4,1,4,4,9,"At Risk"
2920,211,5,120.99,1,5,3,9,"At Risk"
1470,205,2,180.5,2,3,4,9,"At Risk"
744,190,2,156.97,2,3,4,9,"At Risk"
407,190,2,164.87,2,3,4,9,"At Risk"
2428,188,2,162.04,2,3,4,9,"At Risk"
2110,181,3,104.36,2,4,3,9,"At Risk"
1410,180,4,101.5,2,4,3,9,"At Risk"
257,178,3,116.4,2,4,3,9,"At Risk"
356,176,2,174.6,2,3,4,9,"At Risk"
808,169,3,142.74,2,4,3,9,"At Risk"
127,166,2,160.11,2,3,4,9,"At Risk"
136,164,3,103.4,2,4,3,9,"At Risk"
2950,163,2,173.28,2,3,4,9,"At Risk"
742,160,3,150.01,2,4,3,9,"At Risk"
1280,159,2,158.65,2,3,4,9,"At Risk"
2125,151,3,155.85,2,4,3,9,"At Risk"
2003,144,3,143.2,2,4,3,9,"At Risk"
1504,137,3,152.18,2,4,3,9,"At Risk"
850,136,2,160.11,2,3,4,9,"At Risk"
2776,132,3,121.68,2,4,3,9,"At Risk"
1379,131,2,157.12,2,3,4,9,"At Risk"
2056,128,2,168.69,2,3,4,9,"At Risk"
2254,128,3,150.08,2,4,3,9,"At Risk"
2548,126,2,177.5,2,3,4,9,"At Risk"
2433,125,4,134.36,2,4,3,9,"At Risk"
2248,121,4,143.65,2,4,3,9,"At Risk"
1972,114,2,167.79,2,3,4,9,"At Risk"
1733,106,3,138.49,2,4,3,9,"At Risk"
2630,104,3,137.57,2,4,3,9,"At Risk"
756,103,2,159.24,2,3,4,9,"At Risk"
396,101,2,153.07,3,3,3,9,"Loyal Customers"
190,99,2,99.81,3,3,3,9,"Loyal Customers"
1455,99,2,107.62,3,3,3,9,"Loyal Customers"
1810,99,2,153.0,3,3,3,9,"Loyal Customers"
957,97,2,102.07,3,3,3,9,"Loyal Customers"
489,97,2,135.98,3,3,3,9,"Loyal Customers"
202,96,2,127.87,3,3,3,9,"Loyal Customers"
2640,96,2,153.66,3,3,3,9,"Loyal Customers"
2495,94,2,149.13,3,3,3,9,"Loyal Customers"
2323,94,2,150.36,3,3,3,9,"Loyal Customers"
2230,93,1,167.91,3,2,4,9,"Needs Attention"
2832,93,2,138.82,3,3,3,9,"Loyal Customers"
2066,91,2,131.22,3,3,3,9,"Loyal Customers"
1595,91,2,145.65,3,3,3,9,"Loyal Customers"
2509,90,2,107.63,3,3,3,9,"Loyal Customers"
790,90,2,124.73,3,3,3,9,"Loyal Customers"
1617,88,2,115.22,3,3,3,9,"Loyal Customers"
2756,85,2,138.01,3,3,3,9,"Loyal Customers"
2555,83,2,143.02,3,3,3,9,"Loyal Customers"
125,82,2,125.72,3,3,3,9,"Loyal Customers"
1491,82,2,125.87,3,3,3,9,"Loyal Customers"
542,82,2,130.77,3,3,3,9,"Loyal Customers"
2934,81,2,119.76,3,3,3,9,"Loyal Customers"
1192,81,2,142.95,3,3,3,9,"Loyal Customers"
2747,81,2,143.85,3,3,3,9,"Loyal Customers"
2561,80,1,188.68,3,2,4,9,"Needs Attention"
1329,79,2,114.2,3,3,3,9,"Loyal Customers"
2833,79,2,118.54,3,3,3,9,"Loyal Customers"
1288,79,2,129.63,3,3,3,9,"Loyal Customers"
2894,78,2,128.31,3,3,3,9,"Loyal Customers"
523,78,3,76.14,3,4,2,9,"Loyal Customers"
2891,77,2,130.35,3,3,3,9,"Loyal Customers"
372,75,1,158.31,3,2,4,9,"Needs Attention"
1059,75,1,190.54,3,2,4,9,"Needs Attention"
817,74,2,116.1,3,3,3,9,"Loyal Customers"
983,74,2,117.38,3,3,3,9,"Loyal Customers"
2202,71,2,115.01,3,3,3,9,"Loyal Customers"
943,71,2,144.27,3,3,3,9,"Loyal Customers"
1162,70,2,100.65,3,3,3,9,"Loyal Customers"
2600,70,2,105.31,3,3,3,9,"Loyal Customers"
776,69,1,182.97,3,2,4,9,"Needs Attention"
1999,68,2,107.95,3,3,3,9,"Loyal Customers"
546,68,2,124.06,3,3,3,9,"Loyal Customers"
370,67,2,113.8,3,3,3,9,"Loyal Customers"
347,66,2,98.36,3,3,3,9,"Loyal Customers"
20,66,2,121.13,3,3,3,9,"Loyal Customers"
585,66,2,142.46,3,3,3,9,"Loyal Customers"
1227,65,2,104.67,3,3,3,9,"Loyal Customers"
402,65,2,106.99,3,3,3,9,"Loyal Customers"
2171,65,2,111.95,3,3,3,9,"Loyal Customers"
2568,65,2,130.0,3,3,3,9,"Loyal Customers"
2636,64,2,105.87,3,3,3,9,"Loyal Customers"
2718,63,2,100.93,3,3,3,9,"Loyal Customers"
2711,60,2,121.03,3,3,3,9,"Loyal Customers"
2974,58,2,155.64,3,3,3,9,"Loyal Customers"
2458,57,1,202.65,3,2,4,9,"Needs Attention"
1601,57,2,131.23,3,3,3,9,"Loyal Customers"
1413,57,2,144.65,3,3,3,9,"Loyal Customers"
465,56,2,99.8,3,3,3,9,"Loyal Customers"
2405,55,2,108.78,3,3,3,9,"Loyal Customers"
513,55,2,117.71,3,3,3,9,"Loyal Customers"
124,55,2,131.6,3,3,3,9,"Loyal Customers"
2855,55,2,155.86,3,3,3,9,"Loyal Customers"
2547,54,2,140.22,3,3,3,9,"Loyal Customers"
2772,52,2,100.62,3,3,3,9,"Loyal Customers"
2834,51,2,102.02,3,3,3,9,"Loyal Customers"
962,51,2,109.38,3,3,3,9,"Loyal Customers"
1530,50,2,113.34,3,3,3,9,"Loyal Customers"
2874,49,4,87.55,3,4,2,9,"Loyal Customers"
548,48,2,121.44,3,3,3,9,"Loyal Customers"
240,48,2,143.47,3,3,3,9,"Loyal Customers"
722,47,2,109.8,3,3,3,9,"Loyal Customers"
735,47,2,134.45,3,3,3,9,"Loyal Customers"
1348,47,3,68.62,3,4,2,9,"Loyal Customers"
767,46,2,110.29,3,3,3,9,"Loyal Customers"
1781,46,2,126.41,3,3,3,9,"Loyal Customers"
1625,45,2,74.67,4,3,2,9,"Loyal Customers"
425,45,2,92.12,4,3,2,9,"Loyal Customers"
2647,44,1,114.81,4,2,3,9,New/Promising
2241,44,2,95.9,4,3,2,9,"Loyal Customers"
938,42,2,83.44,4,3,2,9,"Loyal Customers"
1479,42,2,90.86,4,3,2,9,"Loyal Customers"
677,41,2,84.73,4,3,2,9,"Loyal Customers"
2342,40,1,115.24,4,2,3,9,New/Promising
1891,40,2,87.45,4,3,2,9,"Loyal Customers"
1567,40,2,89.93,4,3,2,9,"Loyal Customers"
2523,40,2,90.05,4,3,2,9,"Loyal Customers"
1816,38,2,73.62,4,3,2,9,"Loyal Customers"
1428,38,2,90.43,4,3,2,9,"Loyal Customers"
258,37,1,147.43,4,2,3,9,New/Promising
680,37,2,82.43,4,3,2,9,"Loyal Customers"
1055,37,2,82.87,4,3,2,9,"Loyal Customers"
2020,37,2,89.76,4,3,2,9,"Loyal Customers"
2481,36,2,78.37,4,3,2,9,"Loyal Customers"
1112,36,2,85.83,4,3,2,9,"Loyal Customers"
1558,35,2,81.64,4,3,2,9,"Loyal Customers"
1003,35,2,85.1,4,3,2,9,"Loyal Customers"
873,35,2,88.1,4,3,2,9,"Loyal Customers"
417,34,1,108.23,4,2,3,9,New/Promising
43,34,1,156.7,4,2,3,9,New/Promising
330,33,2,76.28,4,3,2,9,"Loyal Customers"
1118,33,2,78.28,4,3,2,9,"Loyal Customers"
2040,33,2,82.58,4,3,2,9,"Loyal Customers"
864,32,2,88.54,4,3,2,9,"Loyal Customers"
1063,31,1,110.75,4,2,3,9,New/Promising
1364,31,1,122.98,4,2,3,9,New/Promising
2305,30,1,123.9,4,2,3,9,New/Promising
1318,30,2,86.67,4,3,2,9,"Loyal Customers"
1847,30,2,87.04,4,3,2,9,"Loyal Customers"
2587,29,1,115.04,4,2,3,9,New/Promising
669,29,1,132.84,4,2,3,9,New/Promising
1548,29,2,85.82,4,3,2,9,"Loyal Customers"
1824,27,2,95.01,4,3,2,9,"Loyal Customers"
1662,26,1,97.54,4,2,3,9,New/Promising
26,26,1,102.94,4,2,3,9,New/Promising
2535,26,2,72.86,4,3,2,9,"Loyal Customers"
274,26,2,92.38,4,3,2,9,"Loyal Customers"
2265,24,2,94.87,4,3,2,9,"Loyal Customers"
2389,23,1,109.53,4,2,3,9,New/Promising
152,23,1,115.18,4,2,3,9,New/Promising
1486,23,2,83.39,4,3,2,9,"Loyal Customers"
533,21,2,73.49,4,3,2,9,"Loyal Customers"
1879,21,2,83.28,4,3,2,9,"Loyal Customers"
1019,19,1,111.21,4,2,3,9,New/Promising
1327,19,2,77.34,4,3,2,9,"Loyal Customers"
2118,18,1,111.6,4,2,3,9,New/Promising
712,18,1,152.52,4,2,3,9,New/Promising
2050,18,2,93.29,4,3,2,9,"Loyal Customers"
2896,17,1,107.28,4,2,3,9,New/Promising
2911,17,1,113.46,4,2,3,9,New/Promising
868,17,1,125.04,4,2,3,9,New/Promising
568,17,2,87.2,4,3,2,9,"Loyal Customers"
1375,15,1,101.12,4,2,3,9,New/Promising
2676,14,1,94.34,5,2,2,9,New/Promising
1722,14,1,96.15,5,2,2,9,New/Promising
540,14,2,62.62,5,2,2,9,New/Promising
296,14,2,67.51,5,2,2,9,New/Promising
982,13,1,63.94,5,2,2,9,New/Promising
883,13,1,66.27,5,2,2,9,New/Promising
115,13,1,74.46,5,2,2,9,New/Promising
1195,13,2,70.43,5,2,2,9,New/Promising
451,12,1,93.49,5,2,2,9,New/Promising
1770,12,2,62.68,5,2,2,9,New/Promising
1496,11,1,86.23,5,2,2,9,New/Promising
1276,10,1,74.98,5,2,2,9,New/Promising
2002,10,1,79.36,5,2,2,9,New/Promising
309,10,1,85.84,5,2,2,9,New/Promising
1145,10,2,63.5,5,2,2,9,New/Promising
545,10,2,63.8,5,2,2,9,New/Promising
1717,9,1,84.74,5,2,2,9,New/Promising
2205,9,2,71.21,5,2,2,9,New/Promising
2034,8,2,68.34,5,2,2,9,New/Promising
80,7,1,64.15,5,2,2,9,New/Promising
62,7,1,78.3,5,2,2,9,New/Promising
1666,7,2,54.88,5,2,2,9,New/Promising
1039,7,2,56.21,5,2,2,9,New/Promising
2169,7,2,67.42,5,2,2,9,New/Promising
1133,7,2,70.24,5,2,2,9,New/Promising
99,6,1,68.18,5,2,2,9,New/Promising
757,6,2,61.53,5,2,2,9,New/Promising
1274,5,2,64.82,5,2,2,9,New/Promising
2280,4,1,62.49,5,2,2,9,New/Promising
1619,4,1,63.97,5,2,2,9,New/Promising
2115,4,2,71.11,5,2,2,9,New/Promising
267,3,1,67.15,5,2,2,9,New/Promising
1303,3,1,88.69,5,2,2,9,New/Promising
1294,3,1,91.52,5,2,2,9,New/Promising
335,3,1,94.52,5,2,2,9,New/Promising
2292,3,1,96.84,5,2,2,9,New/Promising
1590,3,2,57.07,5,2,2,9,New/Promising
1439,3,2,69.07,5,2,2,9,New/Promising
2551,3,2,70.79,5,2,2,9,New/Promising
939,2,1,64.79,5,2,2,9,New/Promising
2122,2,2,56.75,5,2,2,9,New/Promising
2334,1,1,69.4,5,2,2,9,New/Promising
277,1,1,77.14,5,2,2,9,New/Promising
2734,1,1,85.45,5,2,2,9,New/Promising
1793,1,1,89.15,5,2,2,9,New/Promising
1663,1,2,70.41,5,2,2,9,New/Promising
989,0,1,65.55,5,2,2,9,New/Promising
2885,0,1,82.1,5,2,2,9,New/Promising
2320,611,3,136.15,1,4,3,8,"At Risk"
360,500,3,101.53,1,4,3,8,"At Risk"
1135,476,2,172.65,1,3,4,8,"At Risk"
1205,465,3,144.9,1,4,3,8,"At Risk"
893,424,3,120.08,1,4,3,8,"At Risk"
1464,420,2,163.99,1,3,4,8,"At Risk"
1955,382,2,167.81,1,3,4,8,"At Risk"
2390,371,2,175.82,1,3,4,8,"At Risk"
2857,368,2,172.21,1,3,4,8,"At Risk"
1724,352,2,171.9,1,3,4,8,"At Risk"
2637,344,2,166.46,1,3,4,8,"At Risk"
4,337,3,138.98,1,4,3,8,"At Risk"
2387,325,2,176.61,1,3,4,8,"At Risk"
1187,302,2,162.11,1,3,4,8,"At Risk"
1334,300,3,131.75,1,4,3,8,"At Risk"
2783,299,3,136.61,1,4,3,8,"At Risk"
2014,290,2,173.6,1,3,4,8,"At Risk"
447,282,3,126.88,1,4,3,8,"At Risk"
2178,276,2,160.23,1,3,4,8,"At Risk"
2960,274,3,103.5,1,4,3,8,"At Risk"
818,267,3,107.8,1,4,3,8,"At Risk"
514,266,3,106.02,1,4,3,8,"At Risk"
1828,265,3,144.51,1,4,3,8,"At Risk"
382,262,1,282.61,1,2,5,8,"Needs Attention"
2426,253,2,166.39,1,3,4,8,"At Risk"
2228,252,3,114.94,1,4,3,8,"At Risk"
2900,244,2,159.6,1,3,4,8,"At Risk"
232,239,4,155.56,1,4,3,8,"At Risk"
1587,232,2,158.55,1,3,4,8,"At Risk"
2099,227,2,157.53,1,3,4,8,"At Risk"
2151,225,2,176.31,1,3,4,8,"At Risk"
2333,224,2,159.25,1,3,4,8,"At Risk"
2678,224,2,168.91,1,3,4,8,"At Risk"
38,222,2,159.68,1,3,4,8,"At Risk"
1624,220,2,159.26,1,3,4,8,"At Risk"
2176,219,3,104.59,1,4,3,8,"At Risk"
120,216,2,161.24,1,3,4,8,"At Risk"
2234,211,3,149.57,1,4,3,8,"At Risk"
1679,208,2,149.37,2,3,3,8,"At Risk"
2559,207,2,109.42,2,3,3,8,"At Risk"
768,207,2,133.08,2,3,3,8,"At Risk"
448,206,2,139.14,2,3,3,8,"At Risk"
1543,206,2,155.63,2,3,3,8,"At Risk"
919,205,2,115.15,2,3,3,8,"At Risk"
1514,205,2,136.67,2,3,3,8,"At Risk"
2645,205,2,156.26,2,3,3,8,"At Risk"
532,204,2,115.94,2,3,3,8,"At Risk"
1646,202,2,99.22,2,3,3,8,"At Risk"
755,201,2,141.93,2,3,3,8,"At Risk"
1257,198,2,139.3,2,3,3,8,"At Risk"
668,194,2,106.57,2,3,3,8,"At Risk"
1806,194,2,129.05,2,3,3,8,"At Risk"
2308,193,2,99.54,2,3,3,8,"At Risk"
870,193,3,58.3,2,4,2,8,"At Risk"
974,192,2,142.95,2,3,3,8,"At Risk"
1062,190,2,116.39,2,3,3,8,"At Risk"
481,189,2,130.72,2,3,3,8,"At Risk"
1621,188,2,116.74,2,3,3,8,"At Risk"
862,187,2,130.72,2,3,3,8,"At Risk"
2626,182,2,100.65,2,3,3,8,"At Risk"
1614,179,2,149.81,2,3,3,8,"At Risk"
2669,178,2,113.05,2,3,3,8,"At Risk"
875,175,2,102.71,2,3,3,8,"At Risk"
1143,175,2,116.17,2,3,3,8,"At Risk"
1420,173,2,154.16,2,3,3,8,"At Risk"
1006,172,2,149.1,2,3,3,8,"At Risk"
73,168,2,107.64,2,3,3,8,"At Risk"
1367,168,2,113.19,2,3,3,8,"At Risk"
913,166,2,110.75,2,3,3,8,"At Risk"
292,164,2,139.03,2,3,3,8,"At Risk"
1333,163,2,99.08,2,3,3,8,"At Risk"
1786,158,2,98.71,2,3,3,8,"At Risk"
557,154,2,105.74,2,3,3,8,"At Risk"
2953,153,2,131.2,2,3,3,8,"At Risk"
1054,151,2,133.25,2,3,3,8,"At Risk"
1154,149,2,135.83,2,3,3,8,"At Risk"
2053,148,2,107.51,2,3,3,8,"At Risk"
1228,147,2,110.03,2,3,3,8,"At Risk"
1521,147,2,116.53,2,3,3,8,"At Risk"
613,147,2,118.66,2,3,3,8,"At Risk"
298,144,2,103.98,2,3,3,8,"At Risk"
328,144,2,118.42,2,3,3,8,"At Risk"
683,144,2,142.66,2,3,3,8,"At Risk"
1817,142,2,105.59,2,3,3,8,"At Risk"
2054,142,2,145.08,2,3,3,8,"At Risk"
2162,141,2,151.07,2,3,3,8,"At Risk"
1369,139,2,141.05,2,3,3,8,"At Risk"
158,137,2,97.57,2,3,3,8,"At Risk"
2614,136,2,113.34,2,3,3,8,"At Risk"
2418,135,2,122.92,2,3,3,8,"At Risk"
946,135,2,124.21,2,3,3,8,"At Risk"
2683,135,2,129.65,2,3,3,8,"At Risk"
1993,134,2,107.42,2,3,3,8,"At Risk"
1934,133,1,186.0,2,2,4,8,"Needs Attention"
2788,133,2,119.86,2,3,3,8,"At Risk"
2402,132,1,180.18,2,2,4,8,"Needs Attention"
391,132,3,84.36,2,4,2,8,"At Risk"
165,131,2,137.44,2,3,3,8,"At Risk"
1639,130,2,98.79,2,3,3,8,"At Risk"
1557,130,2,137.6,2,3,3,8,"At Risk"
1026,129,2,113.84,2,3,3,8,"At Risk"
709,129,2,118.33,2,3,3,8,"At Risk"
1751,128,2,102.95,2,3,3,8,"At Risk"
32,126,2,115.2,2,3,3,8,"At Risk"
368,124,1,170.03,2,2,4,8,"Needs Attention"
2117,124,2,126.86,2,3,3,8,"At Risk"
2643,123,1,183.06,2,2,4,8,"Needs Attention"
702,121,2,110.18,2,3,3,8,"At Risk"
1160,119,2,116.6,2,3,3,8,"At Risk"
840,119,2,142.59,2,3,3,8,"At Risk"
2807,116,2,117.7,2,3,3,8,"At Risk"
801,114,2,101.06,2,3,3,8,"At Risk"
2748,114,2,104.39,2,3,3,8,"At Risk"
1194,113,2,100.99,2,3,3,8,"At Risk"
255,112,2,111.8,2,3,3,8,"At Risk"
1815,111,2,136.97,2,3,3,8,"At Risk"
100,110,2,140.55,2,3,3,8,"At Risk"
855,108,2,103.99,2,3,3,8,"At Risk"
1243,108,2,143.1,2,3,3,8,"At Risk"
71,108,2,150.71,2,3,3,8,"At Risk"
1744,107,1,165.83,2,2,4,8,"Needs Attention"
1011,107,2,134.71,2,3,3,8,"At Risk"
1884,107,2,151.37,2,3,3,8,"At Risk"
836,105,1,161.2,2,2,4,8,"Needs Attention"
718,104,2,101.73,2,3,3,8,"At Risk"
1801,104,2,117.85,2,3,3,8,"At Risk"
2642,104,2,133.15,2,3,3,8,"At Risk"
256,103,2,144.79,2,3,3,8,"At Risk"
2984,101,1,118.76,3,2,3,8,"Needs Attention"
2175,100,1,98.86,3,2,3,8,"Needs Attention"
2687,99,2,88.94,3,3,2,8,"Loyal Customers"
197,99,2,95.71,3,3,2,8,"Loyal Customers"
1013,96,1,103.04,3,2,3,8,"Needs Attention"
1998,95,1,119.16,3,2,3,8,"Needs Attention"
1048,95,2,88.86,3,3,2,8,"Loyal Customers"
285,93,2,76.36,3,3,2,8,"Loyal Customers"
1888,93,2,88.56,3,3,2,8,"Loyal Customers"
172,91,1,118.53,3,2,3,8,"Needs Attention"
194,90,2,89.87,3,3,2,8,"Loyal Customers"
853,89,1,136.41,3,2,3,8,"Needs Attention"
2196,87,2,74.27,3,3,2,8,"Loyal Customers"
761,86,2,76.59,3,3,2,8,"Loyal Customers"
2186,86,2,95.47,3,3,2,8,"Loyal Customers"
2172,86,2,96.45,3,3,2,8,"Loyal Customers"
1515,85,2,79.61,3,3,2,8,"Loyal Customers"
1022,84,1,118.47,3,2,3,8,"Needs Attention"
2366,83,1,140.43,3,2,3,8,"Needs Attention"
2875,82,2,83.33,3,3,2,8,"Loyal Customers"
35,81,2,96.78,3,3,2,8,"Loyal Customers"
2322,80,1,136.19,3,2,3,8,"Needs Attention"
2506,80,2,96.6,3,3,2,8,"Loyal Customers"
1087,79,2,76.41,3,3,2,8,"Loyal Customers"
53,78,2,96.58,3,3,2,8,"Loyal Customers"
1169,76,1,106.36,3,2,3,8,"Needs Attention"
2589,76,2,85.16,3,3,2,8,"Loyal Customers"
822,75,2,86.88,3,3,2,8,"Loyal Customers"
2279,74,1,110.34,3,2,3,8,"Needs Attention"
690,74,1,116.88,3,2,3,8,"Needs Attention"
2798,72,1,141.99,3,2,3,8,"Needs Attention"
929,72,2,93.15,3,3,2,8,"Loyal Customers"
1401,70,1,138.14,3,2,3,8,"Needs Attention"
2274,70,2,79.81,3,3,2,8,"Loyal Customers"
1344,69,2,80.5,3,3,2,8,"Loyal Customers"
1155,69,2,81.35,3,3,2,8,"Loyal Customers"
980,69,2,83.81,3,3,2,8,"Loyal Customers"
205,68,1,97.36,3,2,3,8,"Needs Attention"
2356,68,1,105.22,3,2,3,8,"Needs Attention"
2635,68,1,119.98,3,2,3,8,"Needs Attention"
1869,68,2,86.7,3,3,2,8,"Loyal Customers"
2752,67,2,96.36,3,3,2,8,"Loyal Customers"
2892,66,1,106.32,3,2,3,8,"Needs Attention"
1423,66,1,130.77,3,2,3,8,"Needs Attention"
1656,66,2,74.17,3,3,2,8,"Loyal Customers"
2240,66,2,97.15,3,3,2,8,"Loyal Customers"
1834,62,1,106.0,3,2,3,8,"Needs Attention"
245,60,1,98.76,3,2,3,8,"Needs Attention"
1309,60,2,88.33,3,3,2,8,"Loyal Customers"
2250,59,1,114.88,3,2,3,8,"Needs Attention"
1740,59,2,87.85,3,3,2,8,"Loyal Customers"
2703,58,2,81.03,3,3,2,8,"Loyal Customers"
149,57,1,111.21,3,2,3,8,"Needs Attention"
2470,57,2,78.22,3,3,2,8,"Loyal Customers"
1255,54,1,109.65,3,2,3,8,"Needs Attention"
2722,53,1,143.47,3,2,3,8,"Needs Attention"
2048,49,1,117.99,3,2,3,8,"Needs Attention"
1440,49,1,126.76,3,2,3,8,"Needs Attention"
844,49,1,140.25,3,2,3,8,"Needs Attention"
2011,46,1,126.78,3,2,3,8,"Needs Attention"
1299,45,1,69.09,4,2,2,8,New/Promising
2993,45,1,95.65,4,2,2,8,New/Promising
431,43,1,68.69,4,2,2,8,New/Promising
2190,43,1,77.67,4,2,2,8,New/Promising
1799,42,2,58.98,4,2,2,8,New/Promising
1564,42,2,66.35,4,2,2,8,New/Promising
2609,39,1,61.35,4,2,2,8,New/Promising
1935,38,1,77.35,4,2,2,8,New/Promising
2868,37,2,64.9,4,2,2,8,New/Promising
334,36,2,59.02,4,2,2,8,New/Promising
2375,36,2,68.11,4,2,2,8,New/Promising
336,35,1,72.53,4,2,2,8,New/Promising
648,34,1,72.03,4,2,2,8,New/Promising
1380,34,2,70.47,4,2,2,8,New/Promising
952,33,1,89.18,4,2,2,8,New/Promising
1798,33,2,58.81,4,2,2,8,New/Promising
869,32,1,71.81,4,2,2,8,New/Promising
2465,32,2,63.21,4,2,2,8,New/Promising
1254,32,2,70.99,4,2,2,8,New/Promising
30,31,1,61.32,4,2,2,8,New/Promising
1098,31,2,63.54,4,2,2,8,New/Promising
688,28,1,65.61,4,2,2,8,New/Promising
389,28,1,73.11,4,2,2,8,New/Promising
2562,27,1,59.87,4,2,2,8,New/Promising
2751,27,1,61.63,4,2,2,8,New/Promising
2406,27,1,64.22,4,2,2,8,New/Promising
2641,27,1,68.52,4,2,2,8,New/Promising
754,27,1,90.07,4,2,2,8,New/Promising
1458,25,1,72.46,4,2,2,8,New/Promising
2527,25,1,76.15,4,2,2,8,New/Promising
1728,25,2,67.29,4,2,2,8,New/Promising
1269,24,1,69.48,4,2,2,8,New/Promising
1207,23,1,71.64,4,2,2,8,New/Promising
1626,23,1,75.54,4,2,2,8,New/Promising
2862,23,2,68.17,4,2,2,8,New/Promising
2542,22,1,61.51,4,2,2,8,New/Promising
310,22,1,65.5,4,2,2,8,New/Promising
2347,22,1,71.79,4,2,2,8,New/Promising
206,22,1,75.33,4,2,2,8,New/Promising
413,22,1,80.99,4,2,2,8,New/Promising
1319,21,1,73.94,4,2,2,8,New/Promising
2908,21,1,84.4,4,2,2,8,New/Promising
1424,19,1,75.25,4,2,2,8,New/Promising
2877,19,1,95.41,4,2,2,8,New/Promising
2242,18,1,65.69,4,2,2,8,New/Promising
2537,17,1,65.46,4,2,2,8,New/Promising
320,17,1,66.39,4,2,2,8,New/Promising
338,16,1,61.44,4,2,2,8,New/Promising
586,16,2,70.76,4,2,2,8,New/Promising
1092,15,1,83.67,4,2,2,8,New/Promising
886,15,1,94.06,4,2,2,8,New/Promising
2817,14,2,51.48,5,2,1,8,New/Promising
645,13,1,56.35,5,1,2,8,New/Promising
435,13,1,58.95,5,1,2,8,New/Promising
2654,13,2,53.77,5,2,1,8,New/Promising
2187,12,2,25.47,5,2,1,8,New/Promising
2127,12,2,38.7,5,2,1,8,New/Promising
2693,11,1,55.04,5,1,2,8,New/Promising
644,10,2,53.56,5,2,1,8,New/Promising
750,9,1,56.18,5,1,2,8,New/Promising
781,9,2,42.35,5,2,1,8,New/Promising
901,6,2,52.1,5,2,1,8,New/Promising
2396,4,2,34.85,5,2,1,8,New/Promising
2948,3,1,57.44,5,1,2,8,New/Promising
2201,2,2,47.16,5,2,1,8,New/Promising
1552,2,2,48.85,5,2,1,8,New/Promising
805,2,2,50.27,5,2,1,8,New/Promising
2211,1,2,53.96,5,2,1,8,New/Promising
2222,0,2,51.67,5,2,1,8,New/Promising
1683,684,2,103.75,1,3,3,7,"At Risk"
284,605,2,125.62,1,3,3,7,"At Risk"
1965,601,2,155.33,1,3,3,7,"At Risk"
2618,552,2,102.28,1,3,3,7,"At Risk"
2503,521,1,180.7,1,2,4,7,"Needs Attention"
1788,511,2,131.67,1,3,3,7,"At Risk"
2910,501,2,129.9,1,3,3,7,"At Risk"
2770,500,2,147.27,1,3,3,7,"At Risk"
2,473,2,101.48,1,3,3,7,"At Risk"
175,463,2,152.98,1,3,3,7,"At Risk"
1224,441,2,103.36,1,3,3,7,"At Risk"
278,439,2,148.69,1,3,3,7,"At Risk"
64,429,2,124.04,1,3,3,7,"At Risk"
408,429,2,142.65,1,3,3,7,"At Risk"
2943,425,2,118.45,1,3,3,7,"At Risk"
2386,423,2,134.53,1,3,3,7,"At Risk"
2335,420,2,102.26,1,3,3,7,"At Risk"
2502,417,2,108.51,1,3,3,7,"At Risk"
694,400,2,132.75,1,3,3,7,"At Risk"
611,397,2,113.55,1,3,3,7,"At Risk"
2018,396,2,135.55,1,3,3,7,"At Risk"
975,395,2,125.36,1,3,3,7,"At Risk"
420,394,2,100.98,1,3,3,7,"At Risk"
1660,394,2,139.67,1,3,3,7,"At Risk"
2256,393,2,153.39,1,3,3,7,"At Risk"
1669,382,2,146.81,1,3,3,7,"At Risk"
2232,377,2,104.52,1,3,3,7,"At Risk"
2578,374,2,102.36,1,3,3,7,"At Risk"
591,367,2,141.99,1,3,3,7,"At Risk"
2480,366,2,122.17,1,3,3,7,"At Risk"
1301,365,2,127.59,1,3,3,7,"At Risk"
2013,358,1,167.04,1,2,4,7,"Needs Attention"
2859,354,2,99.99,1,3,3,7,"At Risk"
2567,351,2,101.51,1,3,3,7,"At Risk"
2453,348,2,123.08,1,3,3,7,"At Risk"
138,342,2,140.94,1,3,3,7,"At Risk"
33,342,2,147.52,1,3,3,7,"At Risk"
2051,330,1,172.28,1,2,4,7,"Needs Attention"
1748,328,2,139.1,1,3,3,7,"At Risk"
660,325,2,149.04,1,3,3,7,"At Risk"
2362,318,2,117.55,1,3,3,7,"At Risk"
945,318,2,129.01,1,3,3,7,"At Risk"
1009,311,2,143.98,1,3,3,7,"At Risk"
2499,307,2,100.46,1,3,3,7,"At Risk"
1308,306,2,111.56,1,3,3,7,"At Risk"
2607,302,1,192.68,1,2,4,7,"Needs Attention"
354,300,1,188.2,1,2,4,7,"Needs Attention"
1732,300,2,109.23,1,3,3,7,"At Risk"
1961,290,1,162.03,1,2,4,7,"Needs Attention"
1214,289,2,155.11,1,3,3,7,"At Risk"
39,287,2,109.85,1,3,3,7,"At Risk"
1460,285,1,182.82,1,2,4,7,"Needs Attention"
2726,283,2,140.34,1,3,3,7,"At Risk"
510,280,2,124.02,1,3,3,7,"At Risk"
1909,279,2,111.22,1,3,3,7,"At Risk"
1691,279,2,122.26,1,3,3,7,"At Risk"
659,273,2,153.87,1,3,3,7,"At Risk"
1584,272,1,170.86,1,2,4,7,"Needs Attention"
780,269,2,133.07,1,3,3,7,"At Risk"
2095,268,2,138.9,1,3,3,7,"At Risk"
1866,265,2,120.69,1,3,3,7,"At Risk"
2475,263,2,106.05,1,3,3,7,"At Risk"
1820,262,2,103.27,1,3,3,7,"At Risk"
2716,262,2,144.2,1,3,3,7,"At Risk"
2098,257,2,148.93,1,3,3,7,"At Risk"
2310,253,2,146.83,1,3,3,7,"At Risk"
684,252,1,159.39,1,2,4,7,"Needs Attention"
2091,252,2,129.05,1,3,3,7,"At Risk"
1995,244,2,109.41,1,3,3,7,"At Risk"
1233,244,2,126.58,1,3,3,7,"At Risk"
2103,234,1,201.16,1,2,4,7,"Needs Attention"
2185,234,2,131.76,1,3,3,7,"At Risk"
316,233,2,98.16,1,3,3,7,"At Risk"
1918,229,2,109.59,1,3,3,7,"At Risk"
2912,227,2,107.74,1,3,3,7,"At Risk"
1699,226,1,161.49,1,2,4,7,"Needs Attention"
1251,220,2,137.92,1,3,3,7,"At Risk"
450,219,2,105.83,1,3,3,7,"At Risk"
891,218,2,107.15,1,3,3,7,"At Risk"
2906,217,2,137.67,1,3,3,7,"At Risk"
729,216,2,122.33,1,3,3,7,"At Risk"
2090,215,2,109.78,1,3,3,7,"At Risk"
2829,213,2,121.13,1,3,3,7,"At Risk"
381,212,2,126.95,1,3,3,7,"At Risk"
878,212,2,144.85,1,3,3,7,"At Risk"
2349,212,2,153.95,1,3,3,7,"At Risk"
534,211,2,117.89,1,3,3,7,"At Risk"
2634,210,1,118.68,2,2,3,7,"Needs Attention"
2247,209,1,151.65,2,2,3,7,"Needs Attention"
2762,208,2,91.92,2,3,2,7,"At Risk"
2504,207,2,91.74,2,3,2,7,"At Risk"
961,206,1,117.77,2,2,3,7,"Needs Attention"
1763,204,1,107.8,2,2,3,7,"Needs Attention"
1536,199,2,87.32,2,3,2,7,"At Risk"
2745,199,2,89.75,2,3,2,7,"At Risk"
2621,197,1,104.12,2,2,3,7,"Needs Attention"
275,196,1,101.63,2,2,3,7,"Needs Attention"
731,193,2,88.49,2,3,2,7,"At Risk"
1883,187,1,105.33,2,2,3,7,"Needs Attention"
2679,182,1,117.42,2,2,3,7,"Needs Attention"
2972,181,2,91.62,2,3,2,7,"At Risk"
484,180,2,74.18,2,3,2,7,"At Risk"
763,179,1,116.58,2,2,3,7,"Needs Attention"
2474,179,1,138.19,2,2,3,7,"Needs Attention"
2439,174,2,81.26,2,3,2,7,"At Risk"
1047,173,2,86.45,2,3,2,7,"At Risk"
670,172,1,135.08,2,2,3,7,"Needs Attention"
1452,172,2,85.57,2,3,2,7,"At Risk"
1537,171,1,105.74,2,2,3,7,"Needs Attention"
2104,171,2,93.84,2,3,2,7,"At Risk"
2917,169,1,150.57,2,2,3,7,"Needs Attention"
2697,169,2,75.82,2,3,2,7,"At Risk"
150,163,2,84.52,2,3,2,7,"At Risk"
765,161,1,103.28,2,2,3,7,"Needs Attention"
433,161,2,77.85,2,3,2,7,"At Risk"
129,160,2,78.07,2,3,2,7,"At Risk"
1297,159,2,90.42,2,3,2,7,"At Risk"
177,158,2,93.56,2,3,2,7,"At Risk"
1032,157,1,107.47,2,2,3,7,"Needs Attention"
859,155,1,98.35,2,2,3,7,"Needs Attention"
1735,155,1,117.05,2,2,3,7,"Needs Attention"
1220,152,2,93.05,2,3,2,7,"At Risk"
2412,146,1,138.52,2,2,3,7,"Needs Attention"
1610,146,2,92.79,2,3,2,7,"At Risk"
705,144,2,81.63,2,3,2,7,"At Risk"
1895,143,2,90.22,2,3,2,7,"At Risk"
1505,143,2,95.17,2,3,2,7,"At Risk"
1066,142,1,127.26,2,2,3,7,"Needs Attention"
1661,142,1,148.28,2,2,3,7,"Needs Attention"
2967,140,2,92.77,2,3,2,7,"At Risk"
385,138,1,114.59,2,2,3,7,"Needs Attention"
2359,135,2,83.03,2,3,2,7,"At Risk"
29,135,2,91.82,2,3,2,7,"At Risk"
2603,134,2,90.97,2,3,2,7,"At Risk"
2268,131,1,139.44,2,2,3,7,"Needs Attention"
1266,131,2,84.41,2,3,2,7,"At Risk"
1653,131,2,86.1,2,3,2,7,"At Risk"
2317,129,2,89.85,2,3,2,7,"At Risk"
2957,128,1,116.64,2,2,3,7,"Needs Attention"
56,128,2,85.31,2,3,2,7,"At Risk"
1321,127,1,104.96,2,2,3,7,"Needs Attention"
1923,127,1,125.45,2,2,3,7,"Needs Attention"
2352,125,2,94.66,2,3,2,7,"At Risk"
2331,122,1,121.96,2,2,3,7,"Needs Attention"
113,121,1,102.56,2,2,3,7,"Needs Attention"
92,117,1,106.07,2,2,3,7,"Needs Attention"
2316,117,1,106.25,2,2,3,7,"Needs Attention"
800,115,2,94.63,2,3,2,7,"At Risk"
357,112,2,74.72,2,3,2,7,"At Risk"
159,111,1,129.76,2,2,3,7,"Needs Attention"
2530,109,2,95.51,2,3,2,7,"At Risk"
2183,108,2,86.42,2,3,2,7,"At Risk"
1405,107,2,95.75,2,3,2,7,"At Risk"
306,106,1,131.63,2,2,3,7,"Needs Attention"
560,106,2,79.0,2,3,2,7,"At Risk"
1864,106,2,91.66,2,3,2,7,"At Risk"
1655,106,2,93.84,2,3,2,7,"At Risk"
492,105,2,78.81,2,3,2,7,"At Risk"
2378,104,1,154.83,2,2,3,7,"Needs Attention"
2327,103,2,86.06,2,3,2,7,"At Risk"
1586,102,1,64.91,3,2,2,7,"Needs Attention"
1668,101,1,62.08,3,2,2,7,"Needs Attention"
103,101,2,69.43,3,2,2,7,"Needs Attention"
3,100,1,66.57,3,2,2,7,"Needs Attention"
1544,95,1,68.66,3,2,2,7,"Needs Attention"
2749,95,1,91.18,3,2,2,7,"Needs Attention"
2922,94,1,77.38,3,2,2,7,"Needs Attention"
2024,94,2,59.74,3,2,2,7,"Needs Attention"
730,93,1,61.68,3,2,2,7,"Needs Attention"
441,92,1,85.01,3,2,2,7,"Needs Attention"
1730,92,2,55.67,3,2,2,7,"Needs Attention"
1372,91,1,92.69,3,2,2,7,"Needs Attention"
2139,90,1,63.89,3,2,2,7,"Needs Attention"
1482,90,1,95.68,3,2,2,7,"Needs Attention"
1804,89,1,95.88,3,2,2,7,"Needs Attention"
1391,86,1,66.97,3,2,2,7,"Needs Attention"
263,86,1,83.88,3,2,2,7,"Needs Attention"
2030,85,1,66.13,3,2,2,7,"Needs Attention"
2447,85,1,79.93,3,2,2,7,"Needs Attention"
841,80,1,61.26,3,2,2,7,"Needs Attention"
145,79,1,61.1,3,2,2,7,"Needs Attention"
1827,78,2,59.65,3,2,2,7,"Needs Attention"
1191,78,2,72.48,3,2,2,7,"Needs Attention"
57,77,1,95.9,3,2,2,7,"Needs Attention"
251,76,2,54.83,3,2,2,7,"Needs Attention"
2065,76,2,56.75,3,2,2,7,"Needs Attention"
2153,76,2,67.63,3,2,2,7,"Needs Attention"
1583,75,1,59.96,3,2,2,7,"Needs Attention"
2370,72,1,66.1,3,2,2,7,"Needs Attention"
935,72,1,88.31,3,2,2,7,"Needs Attention"
802,70,1,76.78,3,2,2,7,"Needs Attention"
1970,70,2,62.43,3,2,2,7,"Needs Attention"
365,70,2,63.74,3,2,2,7,"Needs Attention"
2738,69,2,54.77,3,2,2,7,"Needs Attention"
2533,68,1,69.46,3,2,2,7,"Needs Attention"
2616,68,1,74.43,3,2,2,7,"Needs Attention"
786,68,2,64.31,3,2,2,7,"Needs Attention"
2226,67,2,67.99,3,2,2,7,"Needs Attention"
1572,66,1,62.13,3,2,2,7,"Needs Attention"
2062,65,1,81.92,3,2,2,7,"Needs Attention"
2156,65,1,85.58,3,2,2,7,"Needs Attention"
1184,63,2,68.93,3,2,2,7,"Needs Attention"
2775,62,1,75.92,3,2,2,7,"Needs Attention"
2797,62,1,88.58,3,2,2,7,"Needs Attention"
578,61,2,62.75,3,2,2,7,"Needs Attention"
2581,58,1,60.3,3,2,2,7,"Needs Attention"
2097,56,1,75.0,3,2,2,7,"Needs Attention"
286,56,2,66.62,3,2,2,7,"Needs Attention"
1905,56,2,72.44,3,2,2,7,"Needs Attention"
1307,55,2,70.94,3,2,2,7,"Needs Attention"
506,54,1,68.14,3,2,2,7,"Needs Attention"
208,54,1,86.94,3,2,2,7,"Needs Attention"
288,54,2,62.3,3,2,2,7,"Needs Attention"
301,53,1,62.46,3,2,2,7,"Needs Attention"
318,53,1,77.17,3,2,2,7,"Needs Attention"
437,53,2,67.8,3,2,2,7,"Needs Attention"
1526,52,1,60.71,3,2,2,7,"Needs Attention"
1179,51,1,81.6,3,2,2,7,"Needs Attention"
1516,50,1,95.59,3,2,2,7,"Needs Attention"
1598,49,1,84.57,3,2,2,7,"Needs Attention"
1889,46,1,63.43,3,2,2,7,"Needs Attention"
751,41,1,58.92,4,1,2,7,New/Promising
329,41,2,34.24,4,2,1,7,New/Promising
1215,37,1,58.36,4,1,2,7,New/Promising
794,34,2,35.97,4,2,1,7,New/Promising
2664,27,1,58.69,4,1,2,7,New/Promising
605,27,1,59.79,4,1,2,7,New/Promising
798,26,1,58.23,4,1,2,7,New/Promising
312,26,2,50.25,4,2,1,7,New/Promising
2576,25,2,14.32,4,2,1,7,New/Promising
1519,25,2,25.76,4,2,1,7,New/Promising
1052,25,2,43.24,4,2,1,7,New/Promising
2958,24,2,34.26,4,2,1,7,New/Promising
2566,22,2,47.09,4,2,1,7,New/Promising
1242,19,1,58.08,4,1,2,7,New/Promising
2046,16,1,55.79,4,1,2,7,New/Promising
1903,16,2,52.19,4,2,1,7,New/Promising
1986,14,1,40.35,5,1,1,7,New/Promising
1941,14,1,43.08,5,1,1,7,New/Promising
2069,14,1,44.89,5,1,1,7,New/Promising
663,14,1,53.0,5,1,1,7,New/Promising
2800,12,1,32.81,5,1,1,7,New/Promising
409,12,1,40.28,5,1,1,7,New/Promising
550,12,1,42.17,5,1,1,7,New/Promising
2039,12,1,43.33,5,1,1,7,New/Promising
2973,11,1,36.52,5,1,1,7,New/Promising
968,11,1,38.87,5,1,1,7,New/Promising
1488,10,1,31.03,5,1,1,7,New/Promising
2663,10,1,33.14,5,1,1,7,New/Promising
1021,10,1,50.14,5,1,1,7,New/Promising
810,9,1,34.04,5,1,1,7,New/Promising
319,9,1,47.61,5,1,1,7,New/Promising
2114,8,1,17.97,5,1,1,7,New/Promising
214,8,1,45.0,5,1,1,7,New/Promising
2982,7,1,22.23,5,1,1,7,New/Promising
1198,7,1,25.29,5,1,1,7,New/Promising
1463,7,1,29.52,5,1,1,7,New/Promising
782,6,1,26.17,5,1,1,7,New/Promising
1861,6,1,31.67,5,1,1,7,New/Promising
2284,6,1,46.02,5,1,1,7,New/Promising
1845,5,1,16.03,5,1,1,7,New/Promising
2451,5,1,19.44,5,1,1,7,New/Promising
2946,5,1,21.84,5,1,1,7,New/Promising
2720,5,1,30.55,5,1,1,7,New/Promising
2224,5,1,37.5,5,1,1,7,New/Promising
2167,5,1,49.93,5,1,1,7,New/Promising
2780,5,1,52.51,5,1,1,7,New/Promising
2602,3,1,15.43,5,1,1,7,New/Promising
1870,3,1,19.16,5,1,1,7,New/Promising
1694,3,1,34.82,5,1,1,7,New/Promising
171,3,1,42.18,5,1,1,7,New/Promising
2145,3,1,48.22,5,1,1,7,New/Promising
2786,2,1,12.53,5,1,1,7,New/Promising
1822,2,1,19.78,5,1,1,7,New/Promising
879,2,1,21.65,5,1,1,7,New/Promising
1175,2,1,24.42,5,1,1,7,New/Promising
2015,2,1,43.67,5,1,1,7,New/Promising
777,2,1,52.96,5,1,1,7,New/Promising
2223,1,1,7.66,5,1,1,7,New/Promising
1259,1,1,42.28,5,1,1,7,New/Promising
1690,1,1,45.91,5,1,1,7,New/Promising
1971,1,1,48.39,5,1,1,7,New/Promising
16,1,1,53.2,5,1,1,7,New/Promising
617,0,1,42.87,5,1,1,7,New/Promising
2278,0,1,49.0,5,1,1,7,New/Promising
2001,0,1,49.28,5,1,1,7,New/Promising
300,661,1,117.22,1,2,3,6,"Needs Attention"
238,624,1,118.79,1,2,3,6,"Needs Attention"
1575,621,1,110.68,1,2,3,6,"Needs Attention"
2137,570,1,116.06,1,2,3,6,"Needs Attention"
231,545,1,116.34,1,2,3,6,"Needs Attention"
2285,526,1,98.66,1,2,3,6,"Needs Attention"
973,519,1,136.1,1,2,3,6,"Needs Attention"
2168,507,1,151.46,1,2,3,6,"Needs Attention"
1381,495,1,135.98,1,2,3,6,"Needs Attention"
333,465,2,95.07,1,3,2,6,"At Risk"
1235,420,2,76.41,1,3,2,6,"At Risk"
847,412,1,134.89,1,2,3,6,"Needs Attention"
2978,410,1,101.82,1,2,3,6,"Needs Attention"
2575,393,1,110.85,1,2,3,6,"Needs Attention"
2941,388,2,89.23,1,3,2,6,"At Risk"
1807,384,1,99.0,1,2,3,6,"Needs Attention"
2422,370,1,103.6,1,2,3,6,"Needs Attention"
2355,370,1,133.16,1,2,3,6,"Needs Attention"
1248,367,1,124.32,1,2,3,6,"Needs Attention"
1576,361,2,74.62,1,3,2,6,"At Risk"
174,359,1,112.44,1,2,3,6,"Needs Attention"
1415,358,1,127.54,1,2,3,6,"Needs Attention"
2491,353,2,85.03,1,3,2,6,"At Risk"
977,352,1,114.11,1,2,3,6,"Needs Attention"
2416,347,1,109.42,1,2,3,6,"Needs Attention"
539,343,2,78.75,1,3,2,6,"At Risk"
477,338,2,94.62,1,3,2,6,"At Risk"
1887,331,2,73.45,1,3,2,6,"At Risk"
210,326,2,72.49,1,3,2,6,"At Risk"
77,321,1,105.76,1,2,3,6,"Needs Attention"
610,319,1,99.04,1,2,3,6,"Needs Attention"
1579,314,1,110.33,1,2,3,6,"Needs Attention"
1079,314,1,120.5,1,2,3,6,"Needs Attention"
1926,306,1,142.73,1,2,3,6,"Needs Attention"
445,304,1,114.74,1,2,3,6,"Needs Attention"
1802,303,2,76.26,1,3,2,6,"At Risk"
394,299,2,78.94,1,3,2,6,"At Risk"
1328,290,1,118.1,1,2,3,6,"Needs Attention"
2528,287,2,78.76,1,3,2,6,"At Risk"
2400,282,1,148.4,1,2,3,6,"Needs Attention"
1324,279,2,86.18,1,3,2,6,"At Risk"
1279,276,2,84.28,1,3,2,6,"At Risk"
471,274,1,128.33,1,2,3,6,"Needs Attention"
2794,272,2,91.49,1,3,2,6,"At Risk"
1872,272,2,91.64,1,3,2,6,"At Risk"
720,271,2,73.3,1,3,2,6,"At Risk"
1715,267,1,118.86,1,2,3,6,"Needs Attention"
1370,260,1,147.92,1,2,3,6,"Needs Attention"
588,255,1,136.3,1,2,3,6,"Needs Attention"
704,250,1,110.65,1,2,3,6,"Needs Attention"
2595,249,2,73.85,1,3,2,6,"At Risk"
1977,244,1,97.26,1,2,3,6,"Needs Attention"
1067,242,1,124.02,1,2,3,6,"Needs Attention"
1349,241,1,109.48,1,2,3,6,"Needs Attention"
498,237,2,79.39,1,3,2,6,"At Risk"
1680,237,2,90.57,1,3,2,6,"At Risk"
279,218,2,82.04,1,3,2,6,"At Risk"
530,217,2,82.76,1,3,2,6,"At Risk"
1857,215,1,98.56,1,2,3,6,"Needs Attention"
1277,210,1,88.41,2,2,2,6,Lost
2035,209,1,79.5,2,2,2,6,Lost
895,209,2,62.08,2,2,2,6,Lost
260,208,1,63.46,2,2,2,6,Lost
1831,208,1,63.5,2,2,2,6,Lost
1933,208,1,97.24,2,2,2,6,Lost
45,205,2,68.49,2,2,2,6,Lost
2367,203,1,91.69,2,2,2,6,Lost
723,202,2,57.99,2,2,2,6,Lost
2580,199,1,60.24,2,2,2,6,Lost
804,196,1,62.38,2,2,2,6,Lost
597,195,1,66.83,2,2,2,6,Lost
2257,191,1,87.12,2,2,2,6,Lost
478,190,1,65.76,2,2,2,6,Lost
1484,188,1,60.51,2,2,2,6,Lost
2012,186,1,68.51,2,2,2,6,Lost
2597,183,1,61.68,2,2,2,6,Lost
482,182,2,56.05,2,2,2,6,Lost
1813,181,1,64.02,2,2,2,6,Lost
2419,180,1,85.22,2,2,2,6,Lost
639,177,1,89.62,2,2,2,6,Lost
459,175,2,65.26,2,2,2,6,Lost
547,173,1,80.65,2,2,2,6,Lost
2206,172,1,87.35,2,2,2,6,Lost
2496,171,2,70.91,2,2,2,6,Lost
185,170,2,68.32,2,2,2,6,Lost
264,164,1,92.36,2,2,2,6,Lost
1130,164,2,68.92,2,2,2,6,Lost
204,159,1,70.57,2,2,2,6,Lost
2761,159,1,86.25,2,2,2,6,Lost
2119,155,1,75.17,2,2,2,6,Lost
1710,155,2,61.83,2,2,2,6,Lost
1249,154,2,63.76,2,2,2,6,Lost
2088,151,1,70.1,2,2,2,6,Lost
1262,151,2,54.96,2,2,2,6,Lost
1944,150,1,86.6,2,2,2,6,Lost
2043,149,1,80.01,2,2,2,6,Lost
813,145,1,89.16,2,2,2,6,Lost
2072,145,2,60.12,2,2,2,6,Lost
401,144,1,76.46,2,2,2,6,Lost
753,144,1,94.03,2,2,2,6,Lost
373,143,2,72.18,2,2,2,6,Lost
926,142,1,81.15,2,2,2,6,Lost
1927,141,2,60.34,2,2,2,6,Lost
305,137,1,73.22,2,2,2,6,Lost
15,134,1,70.44,2,2,2,6,Lost
2299,134,1,72.45,2,2,2,6,Lost
2952,134,1,81.83,2,2,2,6,Lost
2376,134,1,83.76,2,2,2,6,Lost
161,130,1,93.65,2,2,2,6,Lost
1157,129,1,61.34,2,2,2,6,Lost
1449,129,1,63.74,2,2,2,6,Lost
147,129,1,78.74,2,2,2,6,Lost
2660,127,1,81.94,2,2,2,6,Lost
487,125,2,64.05,2,2,2,6,Lost
654,124,2,58.54,2,2,2,6,Lost
1024,123,2,66.1,2,2,2,6,Lost
2108,121,1,79.7,2,2,2,6,Lost
1232,121,1,82.08,2,2,2,6,Lost
1707,121,1,82.1,2,2,2,6,Lost
1726,119,1,80.75,2,2,2,6,Lost
246,119,1,81.8,2,2,2,6,Lost
2080,116,1,64.78,2,2,2,6,Lost
543,116,1,71.62,2,2,2,6,Lost
1400,116,2,60.31,2,2,2,6,Lost
180,115,1,86.16,2,2,2,6,Lost
2715,115,2,55.43,2,2,2,6,Lost
2638,114,1,64.5,2,2,2,6,Lost
340,113,1,59.8,2,2,2,6,Lost
1336,112,1,60.16,2,2,2,6,Lost
1472,110,1,72.28,2,2,2,6,Lost
2837,107,1,93.92,2,2,2,6,Lost
88,106,1,74.38,2,2,2,6,Lost
460,105,1,62.25,2,2,2,6,Lost
574,105,1,83.45,2,2,2,6,Lost
2667,105,1,91.39,2,2,2,6,Lost
2976,104,1,59.91,2,2,2,6,Lost
733,104,1,82.75,2,2,2,6,Lost
1213,103,1,60.36,2,2,2,6,Lost
2898,102,1,59.05,3,1,2,6,"Needs Attention"
1599,100,1,54.88,3,1,2,6,"Needs Attention"
1840,100,1,57.97,3,1,2,6,"Needs Attention"
412,97,1,58.44,3,1,2,6,"Needs Attention"
579,96,2,43.88,3,2,1,6,"Needs Attention"
1640,94,1,59.34,3,1,2,6,"Needs Attention"
2541,94,2,36.76,3,2,1,6,"Needs Attention"
2939,93,1,58.23,3,1,2,6,"Needs Attention"
2486,92,1,55.12,3,1,2,6,"Needs Attention"
72,89,2,47.42,3,2,1,6,"Needs Attention"
2651,88,2,42.61,3,2,1,6,"Needs Attention"
1524,87,2,29.99,3,2,1,6,"Needs Attention"
2087,83,1,59.55,3,1,2,6,"Needs Attention"
2403,81,2,27.1,3,2,1,6,"Needs Attention"
1836,80,1,56.89,3,1,2,6,"Needs Attention"
36,76,2,43.74,3,2,1,6,"Needs Attention"
1359,73,1,56.24,3,1,2,6,"Needs Attention"
516,72,1,58.84,3,1,2,6,"Needs Attention"
48,70,1,58.54,3,1,2,6,"Needs Attention"
2708,69,1,55.0,3,1,2,6,"Needs Attention"
689,69,1,55.36,3,1,2,6,"Needs Attention"
1527,66,1,59.24,3,1,2,6,"Needs Attention"
1362,62,2,39.97,3,2,1,6,"Needs Attention"
1320,60,1,55.41,3,1,2,6,"Needs Attention"
2861,54,2,44.46,3,2,1,6,"Needs Attention"
1071,50,1,55.36,3,1,2,6,"Needs Attention"
1837,49,1,58.13,3,1,2,6,"Needs Attention"
1643,48,2,41.55,3,2,1,6,"Needs Attention"
2027,48,2,41.85,3,2,1,6,"Needs Attention"
872,45,1,25.59,4,1,1,6,New/Promising
2209,45,1,34.55,4,1,1,6,New/Promising
2296,44,1,6.31,4,1,1,6,New/Promising
2989,44,1,20.43,4,1,1,6,New/Promising
2484,44,1,24.62,4,1,1,6,New/Promising
2997,44,1,46.12,4,1,1,6,New/Promising
455,44,1,47.88,4,1,1,6,New/Promising
1946,43,1,20.96,4,1,1,6,New/Promising
1713,43,1,39.22,4,1,1,6,New/Promising
1387,42,1,18.23,4,1,1,6,New/Promising
2784,40,1,29.28,4,1,1,6,New/Promising
65,40,1,38.96,4,1,1,6,New/Promising
951,38,1,8.23,4,1,1,6,New/Promising
2733,38,1,38.46,4,1,1,6,New/Promising
2255,36,1,43.11,4,1,1,6,New/Promising
266,36,1,49.68,4,1,1,6,New/Promising
388,35,1,8.06,4,1,1,6,New/Promising
1952,35,1,26.5,4,1,1,6,New/Promising
1569,35,1,43.6,4,1,1,6,New/Promising
1649,35,1,46.69,4,1,1,6,New/Promising
884,35,1,50.61,4,1,1,6,New/Promising
1930,33,1,31.94,4,1,1,6,New/Promising
2155,32,1,27.92,4,1,1,6,New/Promising
649,32,1,30.73,4,1,1,6,New/Promising
638,32,1,41.7,4,1,1,6,New/Promising
87,32,1,46.67,4,1,1,6,New/Promising
571,32,1,50.35,4,1,1,6,New/Promising
302,31,1,34.84,4,1,1,6,New/Promising
2000,30,1,23.63,4,1,1,6,New/Promising
1577,30,1,35.91,4,1,1,6,New/Promising
1493,30,1,47.18,4,1,1,6,New/Promising
215,29,1,8.83,4,1,1,6,New/Promising
1997,28,1,27.81,4,1,1,6,New/Promising
572,28,1,45.86,4,1,1,6,New/Promising
84,28,1,52.72,4,1,1,6,New/Promising
971,27,1,36.31,4,1,1,6,New/Promising
343,27,1,54.16,4,1,1,6,New/Promising
348,26,1,11.34,4,1,1,6,New/Promising
1185,26,1,19.94,4,1,1,6,New/Promising
1797,26,1,33.09,4,1,1,6,New/Promising
2823,25,1,30.32,4,1,1,6,New/Promising
2329,25,1,40.98,4,1,1,6,New/Promising
249,25,1,42.06,4,1,1,6,New/Promising
1787,25,1,46.35,4,1,1,6,New/Promising
1094,24,1,27.67,4,1,1,6,New/Promising
1173,24,1,28.61,4,1,1,6,New/Promising
156,24,1,36.83,4,1,1,6,New/Promising
2728,23,1,21.44,4,1,1,6,New/Promising
439,23,1,26.41,4,1,1,6,New/Promising
1581,22,1,20.52,4,1,1,6,New/Promising
1190,22,1,42.08,4,1,1,6,New/Promising
270,21,1,17.64,4,1,1,6,New/Promising
2473,21,1,31.21,4,1,1,6,New/Promising
1945,21,1,32.29,4,1,1,6,New/Promising
1948,20,1,13.1,4,1,1,6,New/Promising
1341,20,1,28.37,4,1,1,6,New/Promising
1219,20,1,34.74,4,1,1,6,New/Promising
1042,20,1,49.34,4,1,1,6,New/Promising
2142,20,1,50.41,4,1,1,6,New/Promising
2843,19,1,4.7,4,1,1,6,New/Promising
1416,19,1,13.95,4,1,1,6,New/Promising
1246,19,1,28.43,4,1,1,6,New/Promising
2199,18,1,29.12,4,1,1,6,New/Promising
1503,17,1,19.22,4,1,1,6,New/Promising
897,17,1,25.28,4,1,1,6,New/Promising
890,16,1,4.28,4,1,1,6,New/Promising
1762,16,1,17.47,4,1,1,6,New/Promising
2111,16,1,19.08,4,1,1,6,New/Promising
791,16,1,26.27,4,1,1,6,New/Promising
1910,16,1,32.01,4,1,1,6,New/Promising
1363,16,1,35.19,4,1,1,6,New/Promising
599,15,1,28.02,4,1,1,6,New/Promising
323,640,1,78.08,1,2,2,5,Lost
1789,616,1,71.34,1,2,2,5,Lost
1555,606,1,65.71,1,2,2,5,Lost
101,595,1,61.73,1,2,2,5,Lost
1622,580,1,71.01,1,2,2,5,Lost
195,572,1,77.54,1,2,2,5,Lost
1987,567,1,69.73,1,2,2,5,Lost
268,558,1,60.87,1,2,2,5,Lost
2765,558,1,82.96,1,2,2,5,Lost
2596,556,1,62.11,1,2,2,5,Lost
1792,545,2,71.19,1,2,2,5,Lost
1046,524,1,61.04,1,2,2,5,Lost
979,516,2,55.07,1,2,2,5,Lost
1429,496,2,66.22,1,2,2,5,Lost
614,488,1,65.6,1,2,2,5,Lost
903,482,1,82.2,1,2,2,5,Lost
1562,480,1,94.14,1,2,2,5,Lost
291,477,1,91.6,1,2,2,5,Lost
1794,476,1,71.52,1,2,2,5,Lost
1035,474,1,74.64,1,2,2,5,Lost
821,473,1,63.24,1,2,2,5,Lost
1418,471,1,72.08,1,2,2,5,Lost
399,462,1,69.75,1,2,2,5,Lost
2987,459,1,61.47,1,2,2,5,Lost
2229,459,1,71.78,1,2,2,5,Lost
2777,454,1,81.16,1,2,2,5,Lost
91,453,1,78.94,1,2,2,5,Lost
2435,452,1,63.5,1,2,2,5,Lost
1747,447,1,73.2,1,2,2,5,Lost
371,442,2,69.76,1,2,2,5,Lost
1261,430,1,68.01,1,2,2,5,Lost
230,424,1,63.11,1,2,2,5,Lost
1217,420,1,60.65,1,2,2,5,Lost
374,418,1,86.43,1,2,2,5,Lost
2822,415,1,74.41,1,2,2,5,Lost
442,414,1,65.0,1,2,2,5,Lost
2712,410,1,64.39,1,2,2,5,Lost
1959,407,1,68.78,1,2,2,5,Lost
1698,405,2,54.98,1,2,2,5,Lost
118,399,1,67.94,1,2,2,5,Lost
2276,399,1,68.98,1,2,2,5,Lost
2631,397,1,94.99,1,2,2,5,Lost
1616,387,1,70.24,1,2,2,5,Lost
421,385,1,75.94,1,2,2,5,Lost
1754,379,1,74.41,1,2,2,5,Lost
2047,377,2,56.5,1,2,2,5,Lost
1199,373,1,69.61,1,2,2,5,Lost
1894,371,1,77.28,1,2,2,5,Lost
2739,368,1,89.9,1,2,2,5,Lost
1921,367,1,78.19,1,2,2,5,Lost
1004,364,1,71.74,1,2,2,5,Lost
1812,364,1,90.08,1,2,2,5,Lost
2624,358,1,78.74,1,2,2,5,Lost
917,349,1,82.92,1,2,2,5,Lost
2750,348,2,67.88,1,2,2,5,Lost
593,346,1,61.64,1,2,2,5,Lost
1282,345,1,71.23,1,2,2,5,Lost
1634,344,1,96.16,1,2,2,5,Lost
501,341,1,61.57,1,2,2,5,Lost
719,338,1,73.11,1,2,2,5,Lost
2700,332,1,83.81,1,2,2,5,Lost
1779,326,2,54.78,1,2,2,5,Lost
216,320,1,61.22,1,2,2,5,Lost
2699,319,1,93.24,1,2,2,5,Lost
587,318,1,74.11,1,2,2,5,Lost
2023,318,1,96.61,1,2,2,5,Lost
1097,317,1,75.85,1,2,2,5,Lost
207,317,1,89.28,1,2,2,5,Lost
1020,316,1,82.72,1,2,2,5,Lost
2938,316,1,84.06,1,2,2,5,Lost
2869,312,2,67.75,1,2,2,5,Lost
561,310,1,83.93,1,2,2,5,Lost
299,308,1,68.46,1,2,2,5,Lost
2291,306,2,59.29,1,2,2,5,Lost
1167,302,1,91.48,1,2,2,5,Lost
515,294,1,94.92,1,2,2,5,Lost
2886,292,2,57.98,1,2,2,5,Lost
934,291,1,86.22,1,2,2,5,Lost
2009,291,1,86.54,1,2,2,5,Lost
1454,287,1,61.17,1,2,2,5,Lost
1239,279,1,87.87,1,2,2,5,Lost
2915,277,1,65.72,1,2,2,5,Lost
23,276,1,70.82,1,2,2,5,Lost
2138,275,2,62.62,1,2,2,5,Lost
1856,274,1,69.75,1,2,2,5,Lost
995,274,1,75.92,1,2,2,5,Lost
589,272,2,60.92,1,2,2,5,Lost
280,271,1,66.65,1,2,2,5,Lost
1750,271,1,68.73,1,2,2,5,Lost
1273,266,1,73.76,1,2,2,5,Lost
1147,266,1,79.83,1,2,2,5,Lost
2969,262,1,82.88,1,2,2,5,Lost
2717,258,1,78.51,1,2,2,5,Lost
2081,252,1,97.09,1,2,2,5,Lost
915,249,2,60.23,1,2,2,5,Lost
2942,246,1,83.11,1,2,2,5,Lost
1647,243,1,75.68,1,2,2,5,Lost
2601,243,1,76.2,1,2,2,5,Lost
2655,242,2,68.48,1,2,2,5,Lost
1578,241,2,68.96,1,2,2,5,Lost
1102,236,1,83.63,1,2,2,5,Lost
1862,235,1,70.07,1,2,2,5,Lost
1293,235,1,90.69,1,2,2,5,Lost
2723,228,1,61.28,1,2,2,5,Lost
1383,228,1,73.85,1,2,2,5,Lost
598,227,1,64.48,1,2,2,5,Lost
1981,223,2,62.93,1,2,2,5,Lost
2477,222,1,64.6,1,2,2,5,Lost
5,221,1,90.42,1,2,2,5,Lost
2986,220,1,68.09,1,2,2,5,Lost
1990,220,1,85.63,1,2,2,5,Lost
2705,217,1,69.51,1,2,2,5,Lost
102,216,1,84.67,1,2,2,5,Lost
2361,197,1,58.74,2,1,2,5,Lost
1752,185,1,58.89,2,1,2,5,Lost
499,181,2,32.85,2,2,1,5,Lost
2328,179,2,48.23,2,2,1,5,Lost
1495,175,1,57.71,2,1,2,5,Lost
1034,166,1,59.43,2,1,2,5,Lost
1635,156,1,54.92,2,1,2,5,Lost
2037,151,2,34.64,2,2,1,5,Lost
1330,149,2,45.62,2,2,1,5,Lost
2695,143,2,48.49,2,2,1,5,Lost
1170,136,2,40.33,2,2,1,5,Lost
2767,129,2,44.67,2,2,1,5,Lost
2802,117,2,50.74,2,2,1,5,Lost
2450,109,1,56.87,2,1,2,5,Lost
1053,106,1,57.35,2,1,2,5,Lost
1885,104,2,26.0,2,2,1,5,Lost
1007,104,2,40.76,2,2,1,5,Lost
1148,103,2,51.02,2,2,1,5,Lost
620,102,1,26.66,3,1,1,5,"Needs Attention"
1050,102,1,44.89,3,1,1,5,"Needs Attention"
1462,102,1,47.97,3,1,1,5,"Needs Attention"
2399,100,1,53.6,3,1,1,5,"Needs Attention"
1247,99,1,47.28,3,1,1,5,"Needs Attention"
1718,98,1,23.86,3,1,1,5,"Needs Attention"
2468,98,1,41.03,3,1,1,5,"Needs Attention"
1337,96,1,10.47,3,1,1,5,"Needs Attention"
1960,96,1,52.0,3,1,1,5,"Needs Attention"
931,95,1,34.61,3,1,1,5,"Needs Attention"
811,93,1,9.94,3,1,1,5,"Needs Attention"
852,93,1,17.25,3,1,1,5,"Needs Attention"
252,92,1,12.5,3,1,1,5,"Needs Attention"
1044,91,1,36.98,3,1,1,5,"Needs Attention"
186,91,1,43.57,3,1,1,5,"Needs Attention"
111,91,1,45.24,3,1,1,5,"Needs Attention"
422,90,1,38.43,3,1,1,5,"Needs Attention"
2021,90,1,46.25,3,1,1,5,"Needs Attention"
2489,88,1,36.59,3,1,1,5,"Needs Attention"
1398,88,1,37.14,3,1,1,5,"Needs Attention"
169,87,1,40.63,3,1,1,5,"Needs Attention"
2707,87,1,52.17,3,1,1,5,"Needs Attention"
1711,86,1,35.77,3,1,1,5,"Needs Attention"
2492,85,1,31.7,3,1,1,5,"Needs Attention"
1385,85,1,48.79,3,1,1,5,"Needs Attention"
114,84,1,14.4,3,1,1,5,"Needs Attention"
488,84,1,36.93,3,1,1,5,"Needs Attention"
160,83,1,44.79,3,1,1,5,"Needs Attention"
538,82,1,17.14,3,1,1,5,"Needs Attention"
2990,82,1,34.45,3,1,1,5,"Needs Attention"
963,82,1,41.27,3,1,1,5,"Needs Attention"
2771,79,1,29.02,3,1,1,5,"Needs Attention"
2286,79,1,51.09,3,1,1,5,"Needs Attention"
1073,78,1,45.64,3,1,1,5,"Needs Attention"
1250,77,1,44.18,3,1,1,5,"Needs Attention"
2346,76,1,14.45,3,1,1,5,"Needs Attention"
1099,76,1,36.54,3,1,1,5,"Needs Attention"
2955,75,1,45.08,3,1,1,5,"Needs Attention"
1808,75,1,54.62,3,1,1,5,"Needs Attention"
1833,74,1,42.17,3,1,1,5,"Needs Attention"
1765,73,1,12.94,3,1,1,5,"Needs Attention"
1456,73,1,18.38,3,1,1,5,"Needs Attention"
2220,72,1,11.64,3,1,1,5,"Needs Attention"
1867,72,1,20.85,3,1,1,5,"Needs Attention"
2671,72,1,22.76,3,1,1,5,"Needs Attention"
1738,72,1,23.79,3,1,1,5,"Needs Attention"
2668,71,1,48.82,3,1,1,5,"Needs Attention"
889,70,1,21.8,3,1,1,5,"Needs Attention"
1060,70,1,38.37,3,1,1,5,"Needs Attention"
369,70,1,54.19,3,1,1,5,"Needs Attention"
2067,69,1,15.49,3,1,1,5,"Needs Attention"
2415,69,1,20.1,3,1,1,5,"Needs Attention"
276,68,1,27.45,3,1,1,5,"Needs Attention"
2425,68,1,34.5,3,1,1,5,"Needs Attention"
1851,68,1,41.14,3,1,1,5,"Needs Attention"
2606,68,1,43.79,3,1,1,5,"Needs Attention"
2880,68,1,45.61,3,1,1,5,"Needs Attention"
1651,67,1,17.0,3,1,1,5,"Needs Attention"
2440,67,1,37.43,3,1,1,5,"Needs Attention"
1767,65,1,24.69,3,1,1,5,"Needs Attention"
1201,65,1,33.24,3,1,1,5,"Needs Attention"
965,65,1,46.21,3,1,1,5,"Needs Attention"
1200,63,1,3.14,3,1,1,5,"Needs Attention"
2455,63,1,54.52,3,1,1,5,"Needs Attention"
2314,60,1,16.19,3,1,1,5,"Needs Attention"
856,59,1,42.96,3,1,1,5,"Needs Attention"
2860,59,1,51.7,3,1,1,5,"Needs Attention"
1122,58,1,51.45,3,1,1,5,"Needs Attention"
1777,57,1,32.35,3,1,1,5,"Needs Attention"
2060,56,1,44.69,3,1,1,5,"Needs Attention"
2479,55,1,2.56,3,1,1,5,"Needs Attention"
937,55,1,19.97,3,1,1,5,"Needs Attention"
1427,55,1,27.87,3,1,1,5,"Needs Attention"
2791,55,1,30.51,3,1,1,5,"Needs Attention"
976,55,1,35.2,3,1,1,5,"Needs Attention"
2627,55,1,36.0,3,1,1,5,"Needs Attention"
1304,54,1,16.3,3,1,1,5,"Needs Attention"
2251,54,1,31.79,3,1,1,5,"Needs Attention"
914,54,1,43.87,3,1,1,5,"Needs Attention"
2152,53,1,34.26,3,1,1,5,"Needs Attention"
1108,52,1,30.32,3,1,1,5,"Needs Attention"
1825,51,1,18.55,3,1,1,5,"Needs Attention"
880,51,1,42.05,3,1,1,5,"Needs Attention"
1222,51,1,43.5,3,1,1,5,"Needs Attention"
2360,51,1,46.92,3,1,1,5,"Needs Attention"
1296,50,1,44.55,3,1,1,5,"Needs Attention"
2947,49,1,19.05,3,1,1,5,"Needs Attention"
778,49,1,37.67,3,1,1,5,"Needs Attention"
290,49,1,44.54,3,1,1,5,"Needs Attention"
603,48,1,27.97,3,1,1,5,"Needs Attention"
580,48,1,35.87,3,1,1,5,"Needs Attention"
2302,47,1,15.29,3,1,1,5,"Needs Attention"
999,47,1,30.46,3,1,1,5,"Needs Attention"
2239,47,1,37.84,3,1,1,5,"Needs Attention"
1755,46,1,43.05,3,1,1,5,"Needs Attention"
936,634,1,56.12,1,1,2,4,Lost
2940,601,1,54.93,1,1,2,4,Lost
2441,502,1,58.79,1,1,2,4,Lost
607,485,1,57.64,1,1,2,4,Lost
1221,434,2,44.54,1,2,1,4,Lost
967,422,1,58.05,1,1,2,4,Lost
223,410,2,44.65,1,2,1,4,Lost
1627,407,2,47.89,1,2,1,4,Lost
861,384,1,56.12,1,1,2,4,Lost
2659,343,1,59.43,1,1,2,4,Lost
2633,339,1,58.42,1,1,2,4,Lost
1076,334,2,53.2,1,2,1,4,Lost
833,330,1,56.43,1,1,2,4,Lost
953,329,1,58.05,1,1,2,4,Lost
1819,326,2,54.01,1,2,1,4,Lost
2068,316,1,57.99,1,1,2,4,Lost
2363,300,2,36.22,1,2,1,4,Lost
985,297,1,58.53,1,1,2,4,Lost
1165,280,2,40.11,1,2,1,4,Lost
11,273,2,38.54,1,2,1,4,Lost
1057,256,2,34.36,1,2,1,4,Lost
1943,256,2,49.93,1,2,1,4,Lost
1996,255,1,59.36,1,1,2,4,Lost
1902,251,1,57.24,1,1,2,4,Lost
1956,248,1,54.77,1,1,2,4,Lost
2326,247,1,56.68,1,1,2,4,Lost
1001,219,1,58.84,1,1,2,4,Lost
618,219,1,59.47,1,1,2,4,Lost
2093,211,2,48.21,1,2,1,4,Lost
1434,210,1,22.48,2,1,1,4,Lost
562,209,1,33.83,2,1,1,4,Lost
604,208,1,50.06,2,1,1,4,Lost
2213,207,1,29.54,2,1,1,4,Lost
2191,207,1,37.99,2,1,1,4,Lost
2902,203,1,10.23,2,1,1,4,Lost
775,201,1,32.08,2,1,1,4,Lost
430,200,1,51.7,2,1,1,4,Lost
2644,199,1,43.72,2,1,1,4,Lost
461,198,1,25.41,2,1,1,4,Lost
469,197,1,35.91,2,1,1,4,Lost
2956,197,1,43.98,2,1,1,4,Lost
2821,195,1,17.98,2,1,1,4,Lost
462,195,1,38.95,2,1,1,4,Lost
2431,194,1,44.56,2,1,1,4,Lost
2128,194,1,45.03,2,1,1,4,Lost
434,193,1,23.88,2,1,1,4,Lost
1072,192,1,27.48,2,1,1,4,Lost
1432,189,1,19.59,2,1,1,4,Lost
831,189,1,27.76,2,1,1,4,Lost
2599,188,1,14.56,2,1,1,4,Lost
2550,188,1,32.0,2,1,1,4,Lost
218,187,1,4.86,2,1,1,4,Lost
590,187,1,22.64,2,1,1,4,Lost
2531,186,1,22.07,2,1,1,4,Lost
1900,186,1,29.33,2,1,1,4,Lost
295,185,1,2.92,2,1,1,4,Lost
1188,185,1,13.99,2,1,1,4,Lost
1125,185,1,48.17,2,1,1,4,Lost
2351,184,1,31.7,2,1,1,4,Lost
1541,184,1,41.04,2,1,1,4,Lost
325,181,1,38.25,2,1,1,4,Lost
2744,180,1,17.5,2,1,1,4,Lost
2778,180,1,39.94,2,1,1,4,Lost
1784,179,1,46.07,2,1,1,4,Lost
2102,178,1,25.48,2,1,1,4,Lost
2188,178,1,42.22,2,1,1,4,Lost
2101,175,1,31.51,2,1,1,4,Lost
225,173,1,46.18,2,1,1,4,Lost
2189,172,1,12.23,2,1,1,4,Lost
2341,172,1,18.48,2,1,1,4,Lost
1082,172,1,37.86,2,1,1,4,Lost
1743,172,1,47.86,2,1,1,4,Lost
2824,170,1,21.53,2,1,1,4,Lost
2883,170,1,31.99,2,1,1,4,Lost
2847,170,1,51.29,2,1,1,4,Lost
909,167,1,10.71,2,1,1,4,Lost
213,167,1,30.67,2,1,1,4,Lost
1240,166,1,42.95,2,1,1,4,Lost
1688,165,1,37.36,2,1,1,4,Lost
236,164,1,45.58,2,1,1,4,Lost
1556,162,1,46.91,2,1,1,4,Lost
314,161,1,38.85,2,1,1,4,Lost
1629,161,1,50.74,2,1,1,4,Lost
179,160,1,36.76,2,1,1,4,Lost
467,158,1,8.68,2,1,1,4,Lost
1443,158,1,27.98,2,1,1,4,Lost
2038,158,1,54.15,2,1,1,4,Lost
1954,157,1,25.95,2,1,1,4,Lost
2307,157,1,27.75,2,1,1,4,Lost
2179,151,1,30.16,2,1,1,4,Lost
2731,149,1,48.36,2,1,1,4,Lost
2563,146,1,21.62,2,1,1,4,Lost
2766,146,1,27.4,2,1,1,4,Lost
2605,145,1,3.59,2,1,1,4,Lost
2281,145,1,48.98,2,1,1,4,Lost
2913,144,1,17.93,2,1,1,4,Lost
2610,143,1,45.62,2,1,1,4,Lost
2008,142,1,47.35,2,1,1,4,Lost
829,141,1,43.68,2,1,1,4,Lost
1435,137,1,35.49,2,1,1,4,Lost
2935,136,1,11.59,2,1,1,4,Lost
1594,136,1,40.11,2,1,1,4,Lost
954,134,1,39.19,2,1,1,4,Lost
1095,133,1,28.82,2,1,1,4,Lost
743,133,1,37.78,2,1,1,4,Lost
1466,132,1,9.05,2,1,1,4,Lost
2816,130,1,34.65,2,1,1,4,Lost
1650,129,1,49.05,2,1,1,4,Lost
2818,126,1,22.62,2,1,1,4,Lost
2808,126,1,23.78,2,1,1,4,Lost
2414,126,1,33.01,2,1,1,4,Lost
2830,125,1,19.72,2,1,1,4,Lost
728,125,1,20.22,2,1,1,4,Lost
1633,124,1,16.13,2,1,1,4,Lost
1932,124,1,50.15,2,1,1,4,Lost
671,123,1,28.19,2,1,1,4,Lost
2192,123,1,33.29,2,1,1,4,Lost
1090,122,1,36.8,2,1,1,4,Lost
1636,121,1,15.08,2,1,1,4,Lost
2759,121,1,47.49,2,1,1,4,Lost
2105,121,1,52.91,2,1,1,4,Lost
2411,120,1,26.86,2,1,1,4,Lost
350,119,1,29.67,2,1,1,4,Lost
1113,119,1,31.18,2,1,1,4,Lost
1937,118,1,14.64,2,1,1,4,Lost
1325,118,1,28.8,2,1,1,4,Lost
326,116,1,34.62,2,1,1,4,Lost
896,115,1,20.35,2,1,1,4,Lost
1171,114,1,24.77,2,1,1,4,Lost
1618,114,1,44.47,2,1,1,4,Lost
1088,114,1,46.9,2,1,1,4,Lost
1216,113,1,42.99,2,1,1,4,Lost
2944,113,1,45.47,2,1,1,4,Lost
454,113,1,51.65,2,1,1,4,Lost
630,112,1,18.21,2,1,1,4,Lost
1093,112,1,18.33,2,1,1,4,Lost
2560,112,1,30.94,2,1,1,4,Lost
1796,112,1,38.15,2,1,1,4,Lost
2612,110,1,8.86,2,1,1,4,Lost
1476,110,1,15.32,2,1,1,4,Lost
2540,110,1,53.07,2,1,1,4,Lost
2434,109,1,48.36,2,1,1,4,Lost
1131,106,1,35.25,2,1,1,4,Lost
2339,105,1,38.96,2,1,1,4,Lost
130,104,1,32.14,2,1,1,4,Lost
109,104,1,43.21,2,1,1,4,Lost
628,103,1,46.17,2,1,1,4,Lost
860,667,1,19.12,1,1,1,3,Lost
2143,666,1,32.73,1,1,1,3,Lost
1774,653,1,38.39,1,1,1,3,Lost
673,649,1,11.65,1,1,1,3,Lost
415,637,1,22.96,1,1,1,3,Lost
2157,629,1,15.48,1,1,1,3,Lost
2096,626,1,26.38,1,1,1,3,Lost
933,625,1,29.73,1,1,1,3,Lost
1442,608,1,52.29,1,1,1,3,Lost
621,602,1,22.24,1,1,1,3,Lost
1028,597,1,41.03,1,1,1,3,Lost
2790,589,1,20.61,1,1,1,3,Lost
1074,587,1,15.3,1,1,1,3,Lost
1388,581,1,50.64,1,1,1,3,Lost
1096,569,1,28.65,1,1,1,3,Lost
1183,560,1,36.3,1,1,1,3,Lost
577,552,1,20.99,1,1,1,3,Lost
2781,552,1,46.83,1,1,1,3,Lost
1814,536,1,37.36,1,1,1,3,Lost
993,534,1,23.55,1,1,1,3,Lost
303,533,1,46.15,1,1,1,3,Lost
322,528,1,19.16,1,1,1,3,Lost
1117,528,1,22.62,1,1,1,3,Lost
2266,524,1,53.74,1,1,1,3,Lost
519,523,1,28.61,1,1,1,3,Lost
2215,513,1,31.92,1,1,1,3,Lost
1270,511,1,40.74,1,1,1,3,Lost
912,511,1,52.25,1,1,1,3,Lost
2443,510,1,42.98,1,1,1,3,Lost
2853,508,1,40.99,1,1,1,3,Lost
1002,504,1,46.58,1,1,1,3,Lost
1105,502,1,25.78,1,1,1,3,Lost
1316,501,1,48.28,1,1,1,3,Lost
657,498,1,17.26,1,1,1,3,Lost
500,487,1,20.96,1,1,1,3,Lost
1450,485,1,26.91,1,1,1,3,Lost
2713,479,1,43.09,1,1,1,3,Lost
1360,466,1,39.04,1,1,1,3,Lost
941,461,1,39.75,1,1,1,3,Lost
452,450,1,54.22,1,1,1,3,Lost
987,449,1,23.05,1,1,1,3,Lost
1560,448,1,28.54,1,1,1,3,Lost
601,447,1,27.45,1,1,1,3,Lost
2358,445,1,43.2,1,1,1,3,Lost
806,438,1,23.86,1,1,1,3,Lost
1109,436,1,31.05,1,1,1,3,Lost
1101,434,1,40.79,1,1,1,3,Lost
2116,433,1,39.67,1,1,1,3,Lost
1863,432,1,41.52,1,1,1,3,Lost
2082,428,1,18.28,1,1,1,3,Lost
1677,427,1,41.12,1,1,1,3,Lost
1896,422,1,47.48,1,1,1,3,Lost
2309,417,1,27.72,1,1,1,3,Lost
2588,417,1,30.7,1,1,1,3,Lost
2022,413,1,34.11,1,1,1,3,Lost
2838,410,1,23.35,1,1,1,3,Lost
2026,407,1,41.57,1,1,1,3,Lost
2182,401,1,24.0,1,1,1,3,Lost
849,399,1,13.97,1,1,1,3,Lost
221,399,1,39.14,1,1,1,3,Lost
67,395,1,11.54,1,1,1,3,Lost
1234,395,1,18.96,1,1,1,3,Lost
2456,392,1,39.49,1,1,1,3,Lost
1271,390,1,52.16,1,1,1,3,Lost
69,382,1,15.54,1,1,1,3,Lost
1992,380,1,32.1,1,1,1,3,Lost
881,380,1,46.19,1,1,1,3,Lost
436,379,1,18.89,1,1,1,3,Lost
1848,375,1,50.57,1,1,1,3,Lost
1510,370,1,19.21,1,1,1,3,Lost
2511,370,1,43.52,1,1,1,3,Lost
168,368,1,42.76,1,1,1,3,Lost
834,367,1,18.5,1,1,1,3,Lost
2590,367,1,36.28,1,1,1,3,Lost
2929,359,1,34.5,1,1,1,3,Lost
1545,356,1,49.39,1,1,1,3,Lost
387,354,1,30.74,1,1,1,3,Lost
2262,353,1,21.74,1,1,1,3,Lost
2261,351,1,27.49,1,1,1,3,Lost
1365,351,1,31.04,1,1,1,3,Lost
1607,350,1,29.65,1,1,1,3,Lost
1457,350,1,33.32,1,1,1,3,Lost
2350,347,1,39.32,1,1,1,3,Lost
2204,343,1,18.63,1,1,1,3,Lost
2805,343,1,27.0,1,1,1,3,Lost
59,343,1,33.58,1,1,1,3,Lost
2061,333,1,38.37,1,1,1,3,Lost
2995,331,1,15.08,1,1,1,3,Lost
75,331,1,19.39,1,1,1,3,Lost
1906,330,1,39.8,1,1,1,3,Lost
819,329,1,17.87,1,1,1,3,Lost
1925,328,1,33.8,1,1,1,3,Lost
867,325,1,34.78,1,1,1,3,Lost
1720,325,1,39.98,1,1,1,3,Lost
2353,324,1,51.6,1,1,1,3,Lost
2686,323,1,40.31,1,1,1,3,Lost
843,322,1,42.1,1,1,1,3,Lost
1340,321,1,49.13,1,1,1,3,Lost
2959,320,1,18.75,1,1,1,3,Lost
651,315,1,40.93,1,1,1,3,Lost
760,314,1,39.3,1,1,1,3,Lost
14,310,1,48.45,1,1,1,3,Lost
1645,308,1,38.5,1,1,1,3,Lost
239,307,1,32.68,1,1,1,3,Lost
2848,306,1,38.09,1,1,1,3,Lost
1114,305,1,35.28,1,1,1,3,Lost
1081,305,1,45.19,1,1,1,3,Lost
203,302,1,30.41,1,1,1,3,Lost
667,302,1,54.49,1,1,1,3,Lost
432,300,1,30.26,1,1,1,3,Lost
358,298,1,21.48,1,1,1,3,Lost
2558,295,1,31.85,1,1,1,3,Lost
2746,291,1,21.92,1,1,1,3,Lost
2709,290,1,25.73,1,1,1,3,Lost
1916,286,1,31.61,1,1,1,3,Lost
1017,284,1,23.28,1,1,1,3,Lost
2407,284,1,50.04,1,1,1,3,Lost
383,278,1,13.48,1,1,1,3,Lost
2760,277,1,25.99,1,1,1,3,Lost
2084,277,1,31.44,1,1,1,3,Lost
2365,276,1,17.96,1,1,1,3,Lost
1631,275,1,39.78,1,1,1,3,Lost
78,271,1,18.16,1,1,1,3,Lost
612,271,1,20.99,1,1,1,3,Lost
1785,271,1,25.96,1,1,1,3,Lost
108,271,1,32.56,1,1,1,3,Lost
1725,271,1,33.47,1,1,1,3,Lost
1966,271,1,50.05,1,1,1,3,Lost
1070,270,1,7.97,1,1,1,3,Lost
927,269,1,38.5,1,1,1,3,Lost
2742,268,1,3.3,1,1,1,3,Lost
2004,268,1,39.05,1,1,1,3,Lost
1023,267,1,47.18,1,1,1,3,Lost
1305,266,1,34.28,1,1,1,3,Lost
900,263,1,29.38,1,1,1,3,Lost
1832,263,1,44.94,1,1,1,3,Lost
1742,259,1,23.69,1,1,1,3,Lost
2681,258,1,39.82,1,1,1,3,Lost
2863,258,1,46.03,1,1,1,3,Lost
727,255,1,28.27,1,1,1,3,Lost
845,255,1,43.07,1,1,1,3,Lost
463,254,1,23.35,1,1,1,3,Lost
1538,254,1,48.63,1,1,1,3,Lost
1929,253,1,45.58,1,1,1,3,Lost
779,251,1,43.45,1,1,1,3,Lost
2173,250,1,53.06,1,1,1,3,Lost
693,249,1,41.22,1,1,1,3,Lost
2701,247,1,6.28,1,1,1,3,Lost
2077,247,1,9.05,1,1,1,3,Lost
2277,246,1,21.46,1,1,1,3,Lost
665,242,1,48.35,1,1,1,3,Lost
2813,238,1,31.53,1,1,1,3,Lost
423,238,1,39.75,1,1,1,3,Lost
1940,237,1,35.36,1,1,1,3,Lost
1550,237,1,42.01,1,1,1,3,Lost
2937,235,1,41.43,1,1,1,3,Lost
1177,235,1,53.49,1,1,1,3,Lost
2613,234,1,39.93,1,1,1,3,Lost
2471,233,1,23.78,1,1,1,3,Lost
1086,232,1,45.97,1,1,1,3,Lost
1447,230,1,29.97,1,1,1,3,Lost
2131,228,1,11.08,1,1,1,3,Lost
1478,228,1,31.37,1,1,1,3,Lost
1332,227,1,43.2,1,1,1,3,Lost
212,226,1,13.93,1,1,1,3,Lost
2763,226,1,43.9,1,1,1,3,Lost
2666,225,1,29.75,1,1,1,3,Lost
1411,225,1,47.75,1,1,1,3,Lost
2819,224,1,8.43,1,1,1,3,Lost
1811,224,1,37.55,1,1,1,3,Lost
1612,223,1,18.36,1,1,1,3,Lost
182,221,1,23.61,1,1,1,3,Lost
947,221,1,34.2,1,1,1,3,Lost
1389,221,1,51.24,1,1,1,3,Lost
1721,218,1,39.74,1,1,1,3,Lost
1203,217,1,18.5,1,1,1,3,Lost
146,215,1,36.95,1,1,1,3,Lost
1975,215,1,50.03,1,1,1,3,Lost
6,214,1,20.52,1,1,1,3,Lost
1417,214,1,38.11,1,1,1,3,Lost
1620,214,1,40.23,1,1,1,3,Lost
911,213,1,15.12,1,1,1,3,Lost
2059,213,1,37.55,1,1,1,3,Lost
528,213,1,42.92,1,1,1,3,Lost
2710,210,1,7.28,1,1,1,3,Lost
2253,210,1,20.16,1,1,1,3,Lost
